module_id,work_id,title,source_name,first_author,matched_queries,metadata_status,relevance_review,source_review,author_position_review,work_type_review,reviewer_1,reviewer_2,adjudicator,reviewed_at,notes
D1,10.1016/j.geoderma.2016.05.014,Legacy soil maps as a covariate in digital soil mapping: A case study from Northern Iran,Geoderma,Mohammad Reza Pahlavan-Rad,soil taxonomy classification pedology digital soil mapping soil survey,metadata_screened,pending,pending,pending,pending,,,,,
D1,10.5194/soil-4-23-2018,Bone char effects on soil: sequential fractionations and XANES spectroscopy,SOIL,Mohsen Morshedizad,soil taxonomy classification pedology digital soil mapping soil survey,metadata_screened,pending,pending,pending,pending,,,,,
D1,10.1016/j.geoderma.2015.05.006,Can citizen science assist digital soil mapping?,Geoderma,David G. Rossiter,soil taxonomy classification pedology digital soil mapping soil survey,metadata_screened,pending,pending,pending,pending,,,,,
D1,10.2136/sssaj2013.04.0129,Effect of Alternative Soil Acidity Amelioration Strategies on Soil pH Distribution and Wheat Agronomic Response,Soil Science Society of America Journal,Romulo Pisa Lollato,soil taxonomy classification pedology digital soil mapping soil survey,metadata_screened,pending,pending,pending,pending,,,,,
D1,10.5194/soil-8-687-2022,Biotic factors dominantly determine soil inorganic carbon stock across Tibetan alpine grasslands,SOIL,Junxiao Pan,soil taxonomy classification pedology digital soil mapping soil survey,metadata_screened,pending,pending,pending,pending,,,,,
D1,10.1016/j.geoderma.2024.116853,High-resolution digital mapping of soil erodibility in China,Geoderma,Longhui Sun,soil taxonomy classification pedology digital soil mapping soil survey,metadata_screened,pending,pending,pending,pending,,,,,
D1,10.1016/s1002-0160(18)60040-2,Soil Bacterial Communities Under Different Long-Term Fertilization Regimes in Three Locations Across the Black Soil Region of Northeast China,Pedosphere,Xiaojing HU,soil taxonomy classification pedology digital soil mapping soil survey,metadata_screened,pending,pending,pending,pending,,,,,
D1,10.1016/s1002-0160(14)60042-4,Soil Organic Matter Characterization Using S3 and S4 Signals from Rock-Eval Pyrolysis,Pedosphere,M. HETÉNYI,soil taxonomy classification pedology digital soil mapping soil survey,metadata_screened,pending,pending,pending,pending,,,,,
D1,10.1016/j.geoderma.2017.10.048,Digital soil mapping of deltaic soils: A case of study from Hirmand (Helmand) river delta,Geoderma,Khalilollah Mirakzehi,soil taxonomy classification pedology digital soil mapping soil survey,metadata_screened,pending,pending,pending,pending,,,,,
D1,10.5194/soil-7-767-2021,Assessing soil and land health across two landscapes in eastern Rwanda to inform restoration activities,SOIL,Leigh Ann Winowiecki,soil taxonomy classification pedology digital soil mapping soil survey,metadata_screened,pending,pending,pending,pending,,,,,
D1,10.1016/j.geoderma.2003.07.006,Soil survey as a knowledge system,Geoderma,Elisabeth N Bui,soil taxonomy classification pedology digital soil mapping soil survey,metadata_screened,pending,pending,pending,pending,,,,,
D1,10.5194/soil-8-541-2022,On the benefits of clustering approaches in digital soil mapping: an application example concerning soil texture regionalization,SOIL,István Dunkl,soil taxonomy classification pedology digital soil mapping soil survey,metadata_screened,pending,pending,pending,pending,,,,,
D1,10.5194/soil-5-275-2019,Error propagation in spectrometric functions of soil organic carbon,SOIL,Monja Ellinger,soil taxonomy classification pedology digital soil mapping soil survey,metadata_screened,pending,pending,pending,pending,,,,,
D1,10.5194/soil-5-107-2019,Multi-source data integration for soil mapping using deep learning,SOIL,Alexandre M. J.-C. Wadoux,soil taxonomy classification pedology digital soil mapping soil survey,metadata_screened,pending,pending,pending,pending,,,,,
D1,10.5194/soil-8-451-2022,Identification of thermal signature and quantification of charcoal in soil using differential scanning calorimetry and benzene polycarboxylic acid (BPCA) markers,SOIL,Brieuc Hardy,soil taxonomy classification pedology digital soil mapping soil survey,metadata_screened,pending,pending,pending,pending,,,,,
D1,10.1046/j.1365-2389.2002.00475.x,Evaluation of ferrolysis in soil formation,European Journal of Soil Science,E. Van Ranst,soil taxonomy classification pedology digital soil mapping soil survey,metadata_screened,pending,pending,pending,pending,,,,,
D1,10.1016/s1002-0160(17)60399-0,Incorporation of Biochar Carbon into Stable Soil Aggregates: The Role of Clay Mineralogy and Other Soil Characteristics,Pedosphere,Charlene N. KELLY,soil taxonomy classification pedology digital soil mapping soil survey,metadata_screened,pending,pending,pending,pending,,,,,
D1,10.2136/sssaj2018.01.0054,Evaluation of Soil Tests for Measuring Potentially Mineralizable Soil N in Southern Idaho Soils,Soil Science Society of America Journal,C.W. Rogers,soil taxonomy classification pedology digital soil mapping soil survey,metadata_screened,pending,pending,pending,pending,,,,,
D1,10.1016/s1002-0160(15)60093-5,Evaluating Fertilization Effects on Soil Physical Properties Using a Soil Quality Index in an Intensive Rice-Wheat Cropping System,Pedosphere,Bappa DAS,soil taxonomy classification pedology digital soil mapping soil survey,metadata_screened,pending,pending,pending,pending,,,,,
D1,10.2136/sssaj2014.07.0272,"Potassium Uptake by Corn and Soybean, Recycling to Soil, and Impact on Soil Test Potassium",Soil Science Society of America Journal,Ryan R. Oltmans,soil taxonomy classification pedology digital soil mapping soil survey,metadata_screened,pending,pending,pending,pending,,,,,
D1,10.2136/sssaj2018.11.0447,Three‐Dimensional Mapping of Organic Carbon using Piecewise Depth Functions in the Red Soil Critical Zone Observatory,Soil Science Society of America Journal,Xiao-Dong Song,soil taxonomy classification pedology digital soil mapping soil survey,metadata_screened,pending,pending,pending,pending,,,,,
D1,10.1016/s1002-0160(12)60079-4,Vegetation and Topographic Control on Spatial Variability of Soil Organic Carbon,Pedosphere,I. OUESLATI,soil taxonomy classification pedology digital soil mapping soil survey,metadata_screened,pending,pending,pending,pending,,,,,
D1,10.5194/soil-2-403-2016,"Soil CO <sub>2</sub> efflux in an old-growth southern conifer forest ( <i>Agathis australis</i> ) – magnitude, components and controls",SOIL,Luitgard Schwendenmann,soil taxonomy classification pedology digital soil mapping soil survey,metadata_screened,pending,pending,pending,pending,,,,,
D1,10.1016/s1002-0160(11)60138-0,Joint Multifractal Analysis of Scaling Relationships Between Soil Water-Retention Parameters and Soil Texture,Pedosphere,Zheng-Ying WANG,soil taxonomy classification pedology digital soil mapping soil survey,metadata_screened,pending,pending,pending,pending,,,,,
D1,10.5194/soil-6-35-2020,Machine learning and soil sciences: a review aided by machine learning tools,SOIL,José Padarian,soil taxonomy classification pedology digital soil mapping soil survey,metadata_screened,pending,pending,pending,pending,,,,,
D1,10.1111/j.1365-2389.2007.00922.x,Soil and human health: an epidemiological review,European Journal of Soil Science,R. L. Hough,soil taxonomy classification pedology digital soil mapping soil survey,metadata_screened,pending,pending,pending,pending,,,,,
D1,10.1016/j.geoderma.2019.01.018,Land parcel-based digital soil mapping of soil nutrient properties in an alluvial-diluvia plain agricultural area in China,Geoderma,Wen Dong,soil taxonomy classification pedology digital soil mapping soil survey,metadata_screened,pending,pending,pending,pending,,,,,
D1,10.1016/s1002-0160(15)30038-2,Digital Soil Mapping Using Artificial Neural Networks and Terrain-Related Attributes,Pedosphere,Mohsen BAGHERI BODAGHABADI,soil taxonomy classification pedology digital soil mapping soil survey,metadata_screened,pending,pending,pending,pending,,,,,
D1,10.1016/j.geoderma.2014.06.032,Digital mapping of soil properties in Canadian managed forests at 250m of resolution using the k-nearest neighbor method,Geoderma,Nicolas Mansuy,soil taxonomy classification pedology digital soil mapping soil survey,metadata_screened,pending,pending,pending,pending,,,,,
D1,10.1016/j.geoderma.2013.02.001,Functional soil mapping for site-specific soil moisture and crop yield management,Geoderma,Q. Zhu,soil taxonomy classification pedology digital soil mapping soil survey,metadata_screened,pending,pending,pending,pending,,,,,
D1,10.2136/sssaj2017.06.0206,Prediction and Mapping of Soil Attributes using Diffuse Reflectance Spectroscopy and Magnetic Susceptibility,Soil Science Society of America Journal,Angélica Santos Rabelo de Souza Bahia,soil taxonomy classification pedology digital soil mapping soil survey,metadata_screened,pending,pending,pending,pending,,,,,
D1,10.1016/s1002-0160(06)60081-7,Abundance and Dynamics of Soil Labile Carbon Pools Under Different Types of Forest Vegetation,Pedosphere,Pei-Kun JIANG,soil taxonomy classification pedology digital soil mapping soil survey,metadata_screened,pending,pending,pending,pending,,,,,
D1,10.1016/s1002-0160(06)60082-9,Soil Enzyme Activities with Greenhouse Subsurface Irrigation,Pedosphere,Yu-Long ZHANG,soil taxonomy classification pedology digital soil mapping soil survey,metadata_screened,pending,pending,pending,pending,,,,,
D1,10.1016/j.geoderma.2012.04.016,Phosphorus forms and related soil chemistry in preferential flowpaths and the soil matrix of a forested podzolic till soil profile,Geoderma,Soile Backnäs,soil taxonomy classification pedology digital soil mapping soil survey,metadata_screened,pending,pending,pending,pending,,,,,
D1,10.1016/s1002-0160(11)60173-2,Estimating Soil Erosion in Northeast China Using 137Cs and 210Pbex,Pedosphere,Yu-Hong YANG,soil taxonomy classification pedology digital soil mapping soil survey,metadata_screened,pending,pending,pending,pending,,,,,
D1,10.2136/sssaj2003.1810,Supervised Landform Classification to Enhance and Replace Photo‐Interpretation in Semi‐Detailed Soil Survey,Soil Science Society of America Journal,Tomislav Hengl,soil taxonomy classification pedology digital soil mapping soil survey,metadata_screened,pending,pending,pending,pending,,,,,
D1,10.5194/soil-2-287-2016,Climate and soil factors influencing seedling recruitment of plant species used for dryland restoration,SOIL,Miriam Muñoz-Rojas,soil taxonomy classification pedology digital soil mapping soil survey,metadata_screened,pending,pending,pending,pending,,,,,
D1,10.1111/j.1365-2389.2006.00783.x,"Soil moisture, carbon and nitrogen dynamics following incorporation and surface application of labelled crop residues in soil columns",European Journal of Soil Science,F. Coppens,soil taxonomy classification pedology digital soil mapping soil survey,metadata_screened,pending,pending,pending,pending,,,,,
D1,10.1111/ejss.12152,A new equation for the soil water retention curve,European Journal of Soil Science,X. Kuang,soil taxonomy classification pedology digital soil mapping soil survey,metadata_screened,pending,pending,pending,pending,,,,,
D1,10.1016/j.geoderma.2019.05.031,Digital soil mapping algorithms and covariates for soil organic carbon mapping and their implications: A review,Geoderma,Sushil Lamichhane,soil taxonomy classification pedology digital soil mapping soil survey,metadata_screened,pending,pending,pending,pending,,,,,
D1,10.1016/j.geoderma.2016.06.027,Soil pores and their contributions to soil carbon processes,Geoderma,Alexandra N. Kravchenko,soil taxonomy classification pedology digital soil mapping soil survey,metadata_screened,pending,pending,pending,pending,,,,,
D1,10.2136/sssaj2011.0109,Soil Compaction Caused by Cut-to-Length Forest Operations and Possible Short-Term Natural Rehabilitation of Soil Density,Soil Science Society of America Journal,Eric R. Labelle,soil taxonomy classification pedology digital soil mapping soil survey,metadata_screened,pending,pending,pending,pending,,,,,
D1,10.1016/j.geoderma.2023.116457,Developing regional soil micronutrient management strategies through ensemble learning based digital soil mapping,Geoderma,Shubhadip Dasgupta,soil taxonomy classification pedology digital soil mapping soil survey,metadata_screened,pending,pending,pending,pending,,,,,
D1,10.2136/sssaj2002.5540,Classification of Forested Histosols in Southeast Alaska,Soil Science Society of America Journal,David V. D'Amore,soil taxonomy classification pedology digital soil mapping soil survey,metadata_screened,pending,pending,pending,pending,,,,,
D1,10.1016/j.pedsph.2023.12.015,Disentangling the contributions of arbuscular mycorrhizal fungi to soil multifunctionality,Pedosphere,Fayuan WANG,soil taxonomy classification pedology digital soil mapping soil survey,metadata_screened,pending,pending,pending,pending,,,,,
D1,10.1016/s1002-0160(18)60020-7,Soil Microbes and Sustainable Agriculture,Pedosphere,Bernard R. GLICK,soil taxonomy classification pedology digital soil mapping soil survey,metadata_screened,pending,pending,pending,pending,,,,,
D1,10.1016/j.geoderma.2019.113982,Distribution mapping of soil profile carbon and nitrogen with laboratory imaging spectroscopy,Geoderma,P.T. Sorenson,soil taxonomy classification pedology digital soil mapping soil survey,metadata_screened,pending,pending,pending,pending,,,,,
D1,10.1016/s1002-0160(15)60041-8,Biochar Effect on Water Evaporation and Hydraulic Conductivity in Sandy Soil,Pedosphere,Jun ZHANG,soil taxonomy classification pedology digital soil mapping soil survey,metadata_screened,pending,pending,pending,pending,,,,,
D1,10.1016/s1002-0160(09)60281-2,Soil Wettability as Affected by Soil Characteristics and Land Use,Pedosphere,X.Y. WANG,soil taxonomy classification pedology digital soil mapping soil survey,metadata_screened,pending,pending,pending,pending,,,,,
D1,10.5194/soil-8-253-2022,Land use impact on carbon mineralization in well aerated soils is mainly explained by variations of particulate organic matter rather than of soil structure,SOIL,Steffen Schlüter,soil taxonomy classification pedology digital soil mapping soil survey,metadata_screened,pending,pending,pending,pending,,,,,
D1,10.5194/soil-10-425-2024,Ectomycorrhizal fungal network complexity determines soil multi-enzymatic activity,SOIL,Jorge Prieto-Rubio,soil taxonomy classification pedology digital soil mapping soil survey,metadata_screened,pending,pending,pending,pending,,,,,
D1,10.5194/soil-1-131-2015,The fate of seeds in the soil: a review of the influence of overland flow on seed removal and its consequences for the vegetation of arid and semiarid patchy ecosystems,SOIL,E. Bochet,soil taxonomy classification pedology digital soil mapping soil survey,metadata_screened,pending,pending,pending,pending,,,,,
D1,10.5194/soil-6-499-2020,Assessing soil salinity dynamics using time-lapse electromagnetic conductivity imaging,SOIL,Maria Catarina Paz,soil taxonomy classification pedology digital soil mapping soil survey,metadata_screened,pending,pending,pending,pending,,,,,
D1,10.1016/s1002-0160(15)60002-9,Responses of Soil Microbial Activity and Biomass to Salinity After Repeated Additions of Plant Residues,Pedosphere,Bannur ELMAJDOUB,soil taxonomy classification pedology digital soil mapping soil survey,metadata_screened,pending,pending,pending,pending,,,,,
D1,10.2136/sssaj2000.6451826x,"Soil Color as an Indicator of Slash‐and‐Burn Fire Severity and Soil Fertility in Sumatra, Indonesia",Soil Science Society of America Journal,Quirine M. Ketterings,soil taxonomy classification pedology digital soil mapping soil survey,metadata_screened,pending,pending,pending,pending,,,,,
D1,10.1016/j.geoderma.2014.09.009,Digital soil property mapping and uncertainty estimation using soil class probability rasters,Geoderma,Nathan P. Odgers,soil taxonomy classification pedology digital soil mapping soil survey,metadata_screened,pending,pending,pending,pending,,,,,
D1,10.5194/soil-5-351-2019,Base cations in the soil bank: non-exchangeable pools may sustain centuries of net loss to forestry and leaching,SOIL,Nicholas P. Rosenstock,soil taxonomy classification pedology digital soil mapping soil survey,metadata_screened,pending,pending,pending,pending,,,,,
D1,10.2136/sssaj2003.0264,Analyzing Digital Terrain Attributes to Predict Soil Attributes for a Relatively Large Area,Soil Science Society of America Journal,Feras M. Ziadat,soil taxonomy classification pedology digital soil mapping soil survey,metadata_screened,pending,pending,pending,pending,,,,,
D1,10.5194/soil-3-61-2017,Soil organic carbon stocks are systematically overestimated by misuse of the parameters bulk density and rock fragment content,SOIL,Christopher Poeplau,soil taxonomy classification pedology digital soil mapping soil survey,metadata_screened,pending,pending,pending,pending,,,,,
D1,10.1002/saj2.20008,Field‐scale digital soil mapping of clay: Combining different proximal sensed data and comparing various statistical models,Soil Science Society of America Journal,Maryem Arshad,soil taxonomy classification pedology digital soil mapping soil survey,metadata_screened,pending,pending,pending,pending,,,,,
D1,10.2136/sssaj2010.0280,Using Additional Criteria for Measuring the Quality of Predictions and Their Uncertainties in a Digital Soil Mapping Framework,Soil Science Society of America Journal,Brendan P. Malone,soil taxonomy classification pedology digital soil mapping soil survey,metadata_screened,pending,pending,pending,pending,,,,,
D1,10.5194/soil-7-639-2021,Heterotrophic soil respiration and carbon cycling in geochemically distinct African tropical forest soils,SOIL,Benjamin Bukombe,soil taxonomy classification pedology digital soil mapping soil survey,metadata_screened,pending,pending,pending,pending,,,,,
D1,10.1016/s1002-0160(13)60080-6,Soil Organic Carbon Transformation and Related Properties in Urban Soil Under Impervious Surfaces,Pedosphere,Zong-Qiang WEI,soil taxonomy classification pedology digital soil mapping soil survey,metadata_screened,pending,pending,pending,pending,,,,,
D1,10.1016/s1002-0160(21)60035-8,Effects of green iron nanoparticles on iron changes and phytoavailability in a calcareous soil,Pedosphere,Akbar SOLIEMANZADEH,soil taxonomy classification pedology digital soil mapping soil survey,metadata_screened,pending,pending,pending,pending,,,,,
D1,10.5194/soil-6-483-2020,Development of a soil biological quality index for soils of semi-arid tropics,SOIL,Selvaraj Aravindh,soil taxonomy classification pedology digital soil mapping soil survey,metadata_screened,pending,pending,pending,pending,,,,,
D1,10.5194/soil-7-125-2021,Added value of geophysics-based soil mapping in agro-ecosystem simulations,SOIL,Cosimo Brogi,soil taxonomy classification pedology digital soil mapping soil survey,metadata_screened,pending,pending,pending,pending,,,,,
D1,10.5194/soil-4-83-2018,A systemic approach for modeling soil functions,SOIL,Hans-Jörg Vogel,soil taxonomy classification pedology digital soil mapping soil survey,metadata_screened,pending,pending,pending,pending,,,,,
D1,10.1111/ejss.13204,A comparison of machine learning algorithms for mapping soil iron parameters indicative of pedogenic processes by hyperspectral imaging of intact soil profiles,European Journal of Soil Science,Shengxiang Xu,soil taxonomy classification pedology digital soil mapping soil survey,metadata_screened,pending,pending,pending,pending,,,,,
D1,10.1111/j.1365-2389.2005.00733.x,Water repellence and soil aggregate dynamics in a loamy grassland soil as affected by texture,European Journal of Soil Science,S. De Gryze,soil taxonomy classification pedology digital soil mapping soil survey,metadata_screened,pending,pending,pending,pending,,,,,
D1,10.2136/sssaj2008.0242,Soil Organic Carbon and Carbon Dioxide Emission from an Organically Amended Hawaiian Tropical Soil,Soil Science Society of America Journal,Farhat Abbas,soil taxonomy classification pedology digital soil mapping soil survey,metadata_screened,pending,pending,pending,pending,,,,,
D1,10.5194/soil-10-441-2024,Dissolved carbon flow to particulate organic carbon enhances soil carbon sequestration,SOIL,Qintana Si,soil taxonomy classification pedology digital soil mapping soil survey,metadata_screened,pending,pending,pending,pending,,,,,
D1,10.1016/j.geoderma.2007.01.020,A critical evaluation of the zonalistic foundations of soil science in the United States. Part I: The beginning of soil classification,Geoderma,T.R. Paton,soil taxonomy classification pedology digital soil mapping soil survey,metadata_screened,pending,pending,pending,pending,,,,,
D1,10.1016/s1002-0160(18)60001-3,Sampling Designs for Validating Digital Soil Maps: A Review,Pedosphere,Asim BISWAS,soil taxonomy classification pedology digital soil mapping soil survey,metadata_screened,pending,pending,pending,pending,,,,,
D1,10.1016/s1002-0160(17)60402-8,Modelling soil erodibility in mountain rangelands of southern Kyrgyzstan,Pedosphere,Maksim KULIKOV,soil taxonomy classification pedology digital soil mapping soil survey,metadata_screened,pending,pending,pending,pending,,,,,
D1,10.1016/j.geoderma.2022.115988,How can pedology and soil classification contribute towards sustainable development as a data source and information carrier?,Geoderma,J. Bouma,soil taxonomy classification pedology digital soil mapping soil survey,metadata_screened,pending,pending,pending,pending,,,,,
D1,10.5194/soil-4-259-2018,Spatial assessments of soil organic carbon for stakeholder decision-making – a case study from Kenya,SOIL,Tor-Gunnar Vågen,soil taxonomy classification pedology digital soil mapping soil survey,metadata_screened,pending,pending,pending,pending,,,,,
D1,10.1016/j.geoderma.2019.113888,"A hillslope based digital soil mapping approach, for hydropedological assessments",Geoderma,George van Zijl,soil taxonomy classification pedology digital soil mapping soil survey,metadata_screened,pending,pending,pending,pending,,,,,
D1,10.2136/sssaj2013.03.0120n,In Situ Determination of Soil Freezing Characteristics for Estimation of Soil Moisture Characteristics using a Dielectric Tube Sensor,Soil Science Society of America Journal,Qiang Cheng,soil taxonomy classification pedology digital soil mapping soil survey,metadata_screened,pending,pending,pending,pending,,,,,
D1,10.1016/s1002-0160(09)60138-7,Soil Conservation Measures in Rainfed Olive Orchards in South-Eastern Spain: Impacts of Plant Strips on Soil Water Dynamics,Pedosphere,V.H. DURÁN ZUAZO,soil taxonomy classification pedology digital soil mapping soil survey,metadata_screened,pending,pending,pending,pending,,,,,
D1,10.5194/soil-7-377-2021,Predicting the spatial distribution of soil organic carbon stock in Swedish forests using a group of covariates and site-specific data,SOIL,Kpade O. L. Hounkpatin,soil taxonomy classification pedology digital soil mapping soil survey,metadata_screened,pending,pending,pending,pending,,,,,
D1,10.1016/s0016-7061(00)00111-7,Factors of subaqueous soil formation: a system of quantitative pedology for submersed environments,Geoderma,George P. Demas,soil taxonomy classification pedology digital soil mapping soil survey,metadata_screened,pending,pending,pending,pending,,,,,
D1,10.5194/soil-6-17-2020,Identification of new microbial functional standards for soil quality assessment,SOIL,Sören Thiele-Bruhn,soil taxonomy classification pedology digital soil mapping soil survey,metadata_screened,pending,pending,pending,pending,,,,,
D1,10.1016/s1002-0160(09)60116-8,Soil Organic Carbon and Its Fractions Across Vegetation Types: Effects of Soil Mineral Surface Area and Microaggregates,Pedosphere,Qing-Biao WU,soil taxonomy classification pedology digital soil mapping soil survey,metadata_screened,pending,pending,pending,pending,,,,,
D1,10.1016/j.pedsph.2022.06.007,The frontier of soil science: Soil health,Pedosphere,Ren Fang SHEN,soil taxonomy classification pedology digital soil mapping soil survey,metadata_screened,pending,pending,pending,pending,,,,,
D1,10.1016/j.geoderma.2018.12.037,Digital mapping of soil carbon fractions with machine learning,Geoderma,Hamza Keskin,soil taxonomy classification pedology digital soil mapping soil survey,metadata_screened,pending,pending,pending,pending,,,,,
D1,10.5194/soil-1-459-2015,Evaluation of vineyard growth under four irrigation regimes using vegetation and soil on-the-go sensors,SOIL,J. M. Terrón,soil taxonomy classification pedology digital soil mapping soil survey,metadata_screened,pending,pending,pending,pending,,,,,
D1,10.1111/ejss.12784,<i>Optimal interpolation and isarithmic mapping of soil properties: I The semi‐variogram and punctual kriging</i>,European Journal of Soil Science,T. M. Burgess,soil taxonomy classification pedology digital soil mapping soil survey,metadata_screened,pending,pending,pending,pending,,,,,
D1,10.5194/soil-6-245-2020,What do we know about how the terrestrial multicellular soil fauna reacts to microplastic?,SOIL,Frederick Büks,soil taxonomy classification pedology digital soil mapping soil survey,metadata_screened,pending,pending,pending,pending,,,,,
D1,10.5194/soil-11-247-2025,Impacts of soil storage on microbial parameters,SOIL,Nathalie Fromin,soil taxonomy classification pedology digital soil mapping soil survey,metadata_screened,pending,pending,pending,pending,,,,,
D1,10.1111/j.1365-2389.2008.01052_2.x,"Soil Microbiology, Ecology, and Biochemistry ‐ Edited by E.A. Paul",European Journal of Soil Science,C. Campbell,soil taxonomy classification pedology digital soil mapping soil survey,metadata_screened,pending,pending,pending,pending,,,,,
D1,10.1111/ejss.12909,A note on knowledge discovery and machine learning in digital soil mapping,European Journal of Soil Science,Alexandre M. J.‐C. Wadoux,soil taxonomy classification pedology digital soil mapping soil survey,metadata_screened,pending,pending,pending,pending,,,,,
D1,10.5194/soil-10-61-2024,"Response of soil nutrients and erodibility to slope aspect in the northern agro-pastoral ecotone, China",SOIL,Yuxin Wu,soil taxonomy classification pedology digital soil mapping soil survey,metadata_screened,pending,pending,pending,pending,,,,,
D1,10.1016/j.geoderma.2023.116365,Multivariate random forest for digital soil mapping,Geoderma,Stephan van der Westhuizen,soil taxonomy classification pedology digital soil mapping soil survey,metadata_screened,pending,pending,pending,pending,,,,,
D1,10.5194/soil-4-267-2018,Assessment and quantification of marginal lands for biomass production in Europe using soil-quality indicators,SOIL,Werner Gerwin,soil taxonomy classification pedology digital soil mapping soil survey,metadata_screened,pending,pending,pending,pending,,,,,
D1,10.1016/j.geoderma.2018.08.001,Large-scale soil mapping using multi-configuration EMI and supervised image classification,Geoderma,C. Brogi,soil taxonomy classification pedology digital soil mapping soil survey,metadata_screened,pending,pending,pending,pending,,,,,
D1,10.2136/sssaj2001.6551463x,"Soil Mapping Using GIS, Expert Knowledge, and Fuzzy Logic",Soil Science Society of America Journal,A. X. Zhu,soil taxonomy classification pedology digital soil mapping soil survey,metadata_screened,pending,pending,pending,pending,,,,,
D1,10.1046/j.1365-2389.2001.00378.x,"Effect of suspended soil material and pig slurry on the facilitated transport of pesticides, phosphate and bromide in sandy soil",European Journal of Soil Science,N. Hesketh,soil taxonomy classification pedology digital soil mapping soil survey,metadata_screened,pending,pending,pending,pending,,,,,
D1,10.1016/j.geoderma.2010.04.006,Digital mapping of A-horizon thickness using the correlation between various soil properties and soil apparent electrical resistivity,Geoderma,Vincent Chaplot,soil taxonomy classification pedology digital soil mapping soil survey,metadata_screened,pending,pending,pending,pending,,,,,
D1,10.1016/j.pedsph.2023.01.007,Improving inherent soil productivity underpins agricultural sustainability,Pedosphere,Jia Bao ZHANG,soil taxonomy classification pedology digital soil mapping soil survey,metadata_screened,pending,pending,pending,pending,,,,,
D1,10.2136/sssaj2013.07.0269,Spatiotemporal Variability of Soil Moisture as Affected by Soil Properties during Irrigation Cycles,Soil Science Society of America Journal,Tao Li,soil taxonomy classification pedology digital soil mapping soil survey,metadata_screened,pending,pending,pending,pending,,,,,
D1,10.5194/soil-8-149-2022,Network complexity of rubber plantations is lower than tropical forests for soil bacteria but not for fungi,SOIL,Guoyu Lan,soil taxonomy classification pedology digital soil mapping soil survey,metadata_screened,pending,pending,pending,pending,,,,,
D1,10.5194/soil-2-71-2016,Potential effects of vinasse as a soil amendment to control runoff and soil loss,SOIL,Z. Hazbavi,soil taxonomy classification pedology digital soil mapping soil survey,metadata_screened,pending,pending,pending,pending,,,,,
D1,10.1016/j.geoderma.2016.02.013,Soil water repellency and chemical soil properties in a beech forest soil — Spatial variability and interrelations,Geoderma,Jiem Krueger,soil taxonomy classification pedology digital soil mapping soil survey,metadata_screened,pending,pending,pending,pending,,,,,
D1,10.1016/s1002-0160(10)60082-3,Environmental Factors Affecting Chromium-Manganese Oxidation-Reduction Reactions in Soil,Pedosphere,D.O.P. TREBIEN,soil taxonomy classification pedology digital soil mapping soil survey,metadata_screened,pending,pending,pending,pending,,,,,
D1,10.1016/s1002-0160(17)60422-3,Evaluation of Different Predictor Models for Detailed Soil Particle-Size Distribution,Pedosphere,Fatemeh MESKINI-VISHKAEE,soil taxonomy classification pedology digital soil mapping soil survey,metadata_screened,pending,pending,pending,pending,,,,,
D1,10.1016/j.geoderma.2020.114420,Digital soil mapping in a low-relief landscape to support wetland restoration decisions,Geoderma,Margaret A. Goldman,soil taxonomy classification pedology digital soil mapping soil survey,metadata_screened,pending,pending,pending,pending,,,,,
D1,10.5194/soil-7-733-2021,Soil <i>δ</i> <sup>15</sup> N is a better indicator of ecosystem nitrogen cycling than plant <i>δ</i> <sup>15</sup> N: A global meta-analysis,SOIL,Kaihua Liao,soil taxonomy classification pedology digital soil mapping soil survey,metadata_screened,pending,pending,pending,pending,,,,,
D1,10.1016/j.geoderma.2023.116467,Integrating additional spectroscopically inferred soil data improves the accuracy of digital soil mapping,Geoderma,Songchao Chen,soil taxonomy classification pedology digital soil mapping soil survey,metadata_screened,pending,pending,pending,pending,,,,,
D1,10.1016/s1002-0160(13)60005-3,Combined Use of Alkaline Slag and Rapeseed Cake to Ameliorate Soil Acidity in an Acid Tea Garden Soil,Pedosphere,Lei WANG,soil taxonomy classification pedology digital soil mapping soil survey,metadata_screened,pending,pending,pending,pending,,,,,
D1,10.1111/ejss.12170,Diffusion probe for gas sampling in undisturbed soil,European Journal of Soil Science,S. O. Petersen,soil taxonomy classification pedology digital soil mapping soil survey,metadata_screened,pending,pending,pending,pending,,,,,
D1,10.1111/ejss.12851,Digital soil mapping based on empirical mode decomposition components of environmental covariates,European Journal of Soil Science,Xiao‐Lin Sun,soil taxonomy classification pedology digital soil mapping soil survey,metadata_screened,pending,pending,pending,pending,,,,,
D1,10.2136/sssaj2000.6431042x,Soil Structure and Soil Organic Matter II. A Normalized Stability Index and the Effect of Mineralogy,Soil Science Society of America Journal,J. Six,soil taxonomy classification pedology digital soil mapping soil survey,metadata_screened,pending,pending,pending,pending,,,,,
D1,10.5194/soil-8-85-2022,"An underground, wireless, open-source, low-cost system for monitoring oxygen, temperature, and soil moisture",SOIL,Elad Levintal,soil taxonomy classification pedology digital soil mapping soil survey,metadata_screened,pending,pending,pending,pending,,,,,
D1,10.1016/j.geoderma.2020.114253,Three-dimensional digital soil mapping of multiple soil properties at a field-scale using regression kriging,Geoderma,Yakun Zhang,soil taxonomy classification pedology digital soil mapping soil survey,metadata_screened,pending,pending,pending,pending,,,,,
D1,10.1111/ejss.12492,The role of soil depth in the evaluation of management‐induced effects on soil organic matter,European Journal of Soil Science,L. Knebl,soil taxonomy classification pedology digital soil mapping soil survey,metadata_screened,pending,pending,pending,pending,,,,,
D1,10.1016/s1002-0160(17)60326-6,Seasonal Variability of Soil Organic Carbon Fractions Under Arable Land,Pedosphere,Henning SCHIEDUNG,soil taxonomy classification pedology digital soil mapping soil survey,metadata_screened,pending,pending,pending,pending,,,,,
D1,10.1016/s1002-0160(11)60181-1,Soil Properties and Wheat Growth and Nutrients as Affected by Compost Amendment Under Saline Water Irrigation,Pedosphere,A.M. MAHDY,soil taxonomy classification pedology digital soil mapping soil survey,metadata_screened,pending,pending,pending,pending,,,,,
D1,10.1016/s1002-0160(13)60056-9,Temporal Variations in Soil CO2 Efflux Under Different Land Use Types in the Black Soil Zone of Northeast China,Pedosphere,Xiao-Zeng HAN,soil taxonomy classification pedology digital soil mapping soil survey,metadata_screened,pending,pending,pending,pending,,,,,
D1,10.1016/s1002-0160(15)60054-6,Pedotransfer Functions for Estimating Soil Hydraulic Properties: A Review,Pedosphere,Nitin Gorakh PATIL,soil taxonomy classification pedology digital soil mapping soil survey,metadata_screened,pending,pending,pending,pending,,,,,
D1,10.5194/soil-7-495-2021,Application of the governance disruptions framework to German agricultural soil policy,SOIL,Bartosz Bartkowski,soil taxonomy classification pedology digital soil mapping soil survey,metadata_screened,pending,pending,pending,pending,,,,,
D1,10.1016/j.geoderma.2015.12.003,"Digital mapping of soil organic carbon at multiple depths using different data mining techniques in Baneh region, Iran",Geoderma,R. Taghizadeh-Mehrjardi,soil taxonomy classification pedology digital soil mapping soil survey,metadata_screened,pending,pending,pending,pending,,,,,
D1,10.2136/sssaj2001.651169x,"Land‐Use Management Using a Soil Survey Geographic Database for Finney County, Kansas",Soil Science Society of America Journal,J. Wu,soil taxonomy classification pedology digital soil mapping soil survey,metadata_screened,pending,pending,pending,pending,,,,,
D1,10.2136/sssaj2014.05.0189,Mapping of Hydropedologic Spatial Patterns in a Steep Headwater Catchment,Soil Science Society of America Journal,Cody P. Gillin,soil taxonomy classification pedology digital soil mapping soil survey,metadata_screened,pending,pending,pending,pending,,,,,
D1,10.1016/s1002-0160(06)60031-3,Electrical Conductivity in Soil Extracts: Chemical Factors and Their Intensity,Pedosphere,Guang-Ming LIU,soil taxonomy classification pedology digital soil mapping soil survey,metadata_screened,pending,pending,pending,pending,,,,,
D1,10.1016/j.geoderma.2019.03.037,Relative prediction intervals reveal larger uncertainty in 3D approaches to predictive digital soil mapping of soil properties with legacy data,Geoderma,Travis W. Nauman,soil taxonomy classification pedology digital soil mapping soil survey,metadata_screened,pending,pending,pending,pending,,,,,
D1,10.1016/j.geoderma.2016.08.013,Supplemental sampling for digital soil mapping based on prediction uncertainty from both the feature domain and the spatial domain,Geoderma,Yan Li,soil taxonomy classification pedology digital soil mapping soil survey,metadata_screened,pending,pending,pending,pending,,,,,
D1,10.1016/j.geoderma.2016.02.014,Variability of soil organic carbon stocks and soil CO2 efflux across urban land use and soil cover types,Geoderma,L.F. Weissert,soil taxonomy classification pedology digital soil mapping soil survey,metadata_screened,pending,pending,pending,pending,,,,,
D1,10.1016/j.geoderma.2016.09.024,Hyper-temporal remote sensing for digital soil mapping: Characterizing soil-vegetation response to climatic variability,Geoderma,Jonathan J. Maynard,soil taxonomy classification pedology digital soil mapping soil survey,metadata_screened,pending,pending,pending,pending,,,,,
D1,10.1046/j.1365-2389.2001.00383.x,Statistics to support soil research and their presentation,European Journal of Soil Science,R. Webster,soil taxonomy classification pedology digital soil mapping soil survey,metadata_screened,pending,pending,pending,pending,,,,,
D1,10.1016/j.geoderma.2018.09.027,A novel soil amendment for enhancing soil moisture retention and soil carbon in drought-prone soils,Geoderma,Cynthia M. Kallenbach,soil taxonomy classification pedology digital soil mapping soil survey,metadata_screened,pending,pending,pending,pending,,,,,
D1,10.1111/j.1365-2389.2009.01139.x,pH‐dependent extraction of soil and soil amendments to understand the factors controlling element mobility,European Journal of Soil Science,C. M. Carter,soil taxonomy classification pedology digital soil mapping soil survey,metadata_screened,pending,pending,pending,pending,,,,,
D1,10.5194/soil-5-367-2019,Evaluating the effects of soil erosion and productivity decline on soil carbon dynamics using a model-based approach,SOIL,Samuel Bouchoms,soil taxonomy classification pedology digital soil mapping soil survey,metadata_screened,pending,pending,pending,pending,,,,,
D1,10.1111/ejss.13370,Interpretable spectroscopic modelling of soil with machine learning,European Journal of Soil Science,Alexandre M. J.‐C. Wadoux,soil taxonomy classification pedology digital soil mapping soil survey,metadata_screened,pending,pending,pending,pending,,,,,
D1,10.2136/sssaj2014.05.0202,Digital Mapping of Soil Particle‐Size Fractions for Nigeria,Soil Science Society of America Journal,Stephen I. C. Akpa,soil taxonomy classification pedology digital soil mapping soil survey,metadata_screened,pending,pending,pending,pending,,,,,
D1,10.1016/j.geoderma.2021.115453,Optimal scaling of predictors for digital mapping of soil properties,Geoderma,Andrei Dornik,soil taxonomy classification pedology digital soil mapping soil survey,metadata_screened,pending,pending,pending,pending,,,,,
D1,10.1002/saj2.20296,Digital soil science and beyond,Soil Science Society of America Journal,Alexandre M. J.‐C. Wadoux,soil taxonomy classification pedology digital soil mapping soil survey,metadata_screened,pending,pending,pending,pending,,,,,
D1,10.1016/j.geoderma.2021.114998,Regional ensemble modeling reduces uncertainty for digital soil mapping,Geoderma,Colby Brungard,soil taxonomy classification pedology digital soil mapping soil survey,metadata_screened,pending,pending,pending,pending,,,,,
D1,10.1016/j.pedsph.2022.06.002,Cropping leads to loss of soil organic matter: How can we prevent it?,Pedosphere,Vincent CHAPLOT,soil taxonomy classification pedology digital soil mapping soil survey,metadata_screened,pending,pending,pending,pending,,,,,
D1,10.5194/soil-9-39-2023,Forest liming in the face of climate change: the implications of restorative liming for soil organic carbon in mature German forests,SOIL,Oliver van Straaten,soil taxonomy classification pedology digital soil mapping soil survey,metadata_screened,pending,pending,pending,pending,,,,,
D1,10.2136/sssaj2006.0323,Using the EM38DD Soil Sensor to Delineate Clay Lenses in a Sandy Forest Soil,Soil Science Society of America Journal,L. Cockx,soil taxonomy classification pedology digital soil mapping soil survey,metadata_screened,pending,pending,pending,pending,,,,,
D1,10.5194/soil-2-673-2016,"The effects of worms, clay and biochar on CO <sub>2</sub> emissions during production and soil application of co-composts",SOIL,Justine Barthod,soil taxonomy classification pedology digital soil mapping soil survey,metadata_screened,pending,pending,pending,pending,,,,,
D1,10.2136/sssaj2000.64194x,Predicting the Gas Diffusion Coefficient in Undisturbed Soil from Soil Water Characteristics,Soil Science Society of America Journal,P. Moldrup,soil taxonomy classification pedology digital soil mapping soil survey,metadata_screened,pending,pending,pending,pending,,,,,
D1,10.1016/s1002-0160(18)60061-x,Soil Microbiomes—a Promising Strategy for Contaminated Soil Remediation: A Review,Pedosphere,Ying TENG,soil taxonomy classification pedology digital soil mapping soil survey,metadata_screened,pending,pending,pending,pending,,,,,
D1,10.5194/soil-10-151-2024,Mulch application as the overarching factor explaining increase in soil organic carbon stocks under conservation agriculture in two 8-year-old experiments in Zimbabwe,SOIL,Armwell Shumba,soil taxonomy classification pedology digital soil mapping soil survey,metadata_screened,pending,pending,pending,pending,,,,,
D1,10.1016/j.geoderma.2015.08.023,Combining digital soil mapping and hydrological modeling in a data scarce watershed in north-central Portugal,Geoderma,Filipa Tavares Wahren,soil taxonomy classification pedology digital soil mapping soil survey,metadata_screened,pending,pending,pending,pending,,,,,
D1,10.2136/sssaj2008.0264,Performance of a New Capacitance Soil Moisture Probe in a Sandy Soil,Soil Science Society of America Journal,Lawrence R. Parsons,soil taxonomy classification pedology digital soil mapping soil survey,metadata_screened,pending,pending,pending,pending,,,,,
D1,10.2136/sssaj2015.05.0187,An Error Budget for Mapping Field-Scale Soil Salinity at Various Depths using Different Sources of Ancillary Data,Soil Science Society of America Journal,Jingyi Huang,soil taxonomy classification pedology digital soil mapping soil survey,metadata_screened,pending,pending,pending,pending,,,,,
D1,10.1016/s1002-0160(17)60377-1,Classification of Soil Types Using Geographic Object-Based Image Analysis and Random Forests,Pedosphere,Andrei DORNIK,soil taxonomy classification pedology digital soil mapping soil survey,metadata_screened,pending,pending,pending,pending,,,,,
D1,10.1111/ejss.13274,Combined effects of rainfall types and antecedent soil moisture on runoff generation at a hillslope of red soil region,European Journal of Soil Science,Yaji Wang,soil taxonomy classification pedology digital soil mapping soil survey,metadata_screened,pending,pending,pending,pending,,,,,
D1,10.1016/s0016-7061(00)00046-x,Use of combined digital elevation model and satellite radiometric data for regional soil mapping,Geoderma,Endre Dobos,soil taxonomy classification pedology digital soil mapping soil survey,metadata_screened,pending,pending,pending,pending,,,,,
D2,10.1016/j.still.2004.07.004,"Effects of traffic on soil aeration, bulk density and growth of spring barley",Soil and Tillage Research,Ewa A. Czyż,soil water retention hydraulic conductivity aggregation porosity bulk density infiltration compaction erosion,metadata_screened,pending,pending,pending,pending,,,,,
D2,10.1016/j.agwat.2023.108527,Photosynthetic and hydraulic changes caused by water deficit and flooding stress increase rice’s intrinsic water-use efficiency,Agricultural Water Management,Rui Zhu,soil water retention hydraulic conductivity aggregation porosity bulk density infiltration compaction erosion,metadata_screened,pending,pending,pending,pending,,,,,
D2,10.1016/j.geoderma.2008.12.003,Development of soil physical structure and biological functionality in mining spoils affected by soil erosion in a Mediterranean-Continental environment,Geoderma,M. Moreno-de las Heras,soil water retention hydraulic conductivity aggregation porosity bulk density infiltration compaction erosion,metadata_screened,pending,pending,pending,pending,,,,,
D2,10.1016/j.still.2009.12.007,Soil compaction varies by crop management system over a claypan soil landscape,Soil and Tillage Research,Ki-Yuol Jung,soil water retention hydraulic conductivity aggregation porosity bulk density infiltration compaction erosion,metadata_screened,pending,pending,pending,pending,,,,,
D2,10.1016/j.geoderma.2012.08.012,Dynamic soil water repellency and infiltration in post-wildfire soils,Geoderma,Sarah M. Beatty,soil water retention hydraulic conductivity aggregation porosity bulk density infiltration compaction erosion,metadata_screened,pending,pending,pending,pending,,,,,
D2,10.2136/sssaj2011.0402,Assessment of the Natural Recovery Rate of Soil Specific Volume following Forest Soil Compaction,Soil Science Society of America Journal,Noémie Goutal,soil water retention hydraulic conductivity aggregation porosity bulk density infiltration compaction erosion,metadata_screened,pending,pending,pending,pending,,,,,
D2,10.1016/j.still.2020.104673,Rare earth elements tracing interrill erosion processes as affected by near-surface hydraulic gradients,Soil and Tillage Research,Chenfeng Wang,soil water retention hydraulic conductivity aggregation porosity bulk density infiltration compaction erosion,metadata_screened,pending,pending,pending,pending,,,,,
D2,10.1016/j.agwat.2020.106573,"Variation of soil moisture and fine roots distribution adopts rainwater collection, infiltration promoting and soil anti-seepage system (RCIP-SA) in hilly apple orchard on the Loess Plateau of China",Agricultural Water Management,Fu-Xing Guo,soil water retention hydraulic conductivity aggregation porosity bulk density infiltration compaction erosion,metadata_screened,pending,pending,pending,pending,,,,,
D2,10.1016/s0167-1987(03)00098-9,Impact of soil compaction upon soil water balance and maize yield estimated by the SIMWASER model,Soil and Tillage Research,E Stenitzer,soil water retention hydraulic conductivity aggregation porosity bulk density infiltration compaction erosion,metadata_screened,pending,pending,pending,pending,,,,,
D2,10.1016/j.agwat.2024.108866,Optimized ridge-furrow technology with biochar amendment for alfalfa yield enhancement and soil erosion reduction based on a structural equation model on sloping land,Agricultural Water Management,Xiaole Zhao,soil water retention hydraulic conductivity aggregation porosity bulk density infiltration compaction erosion,metadata_screened,pending,pending,pending,pending,,,,,
D2,10.1016/j.catena.2023.107085,Vegetation restoration enhances soil erosion resistance through decreasing the net repulsive force between soil particles,CATENA,Rentian Ma,soil water retention hydraulic conductivity aggregation porosity bulk density infiltration compaction erosion,metadata_screened,pending,pending,pending,pending,,,,,
D2,10.1016/j.still.2020.104798,"Effects of five different biochars on aggregation, water retention and mechanical properties of paddy soil: A field experiment of three-season crops",Soil and Tillage Research,C.D. Yang,soil water retention hydraulic conductivity aggregation porosity bulk density infiltration compaction erosion,metadata_screened,pending,pending,pending,pending,,,,,
D2,10.1016/s0378-3774(01)00162-7,"Soil water relations, crop production and root pruning of a belt of trees",Agricultural Water Management,G.S. Woodall,soil water retention hydraulic conductivity aggregation porosity bulk density infiltration compaction erosion,metadata_screened,pending,pending,pending,pending,,,,,
D2,10.2136/sssaj2002.2600,Estimating Hydraulic Properties of Soil Aggregate Skins from Sorptivity and Water Retention,Soil Science Society of America Journal,Horst H. Gerke,soil water retention hydraulic conductivity aggregation porosity bulk density infiltration compaction erosion,metadata_screened,pending,pending,pending,pending,,,,,
D2,10.1016/j.geoderma.2010.08.002,Effects of fire and ash on soil water retention,Geoderma,Cathelijne R. Stoof,soil water retention hydraulic conductivity aggregation porosity bulk density infiltration compaction erosion,metadata_screened,pending,pending,pending,pending,,,,,
D2,10.1016/j.agwat.2020.106523,Soil management and diverse crop rotation can mitigate early-stage no-till compaction and improve least limiting water range in a Ferralsol,Agricultural Water Management,Maíse Soares de Moura,soil water retention hydraulic conductivity aggregation porosity bulk density infiltration compaction erosion,metadata_screened,pending,pending,pending,pending,,,,,
D2,10.2136/sssaj2003.1085,Comparison of Two Techniques to Develop Pedotransfer Functions for Water Retention,Soil Science Society of America Journal,J. Tomasella,soil water retention hydraulic conductivity aggregation porosity bulk density infiltration compaction erosion,metadata_screened,pending,pending,pending,pending,,,,,
D2,10.1016/j.agwat.2022.107709,"Water regimes on soil covered with plastic film mulch and relationships with soil water availability, yield, and water use efficiency of papaya trees",Agricultural Water Management,Eugênio Ferreira Coelho,soil water retention hydraulic conductivity aggregation porosity bulk density infiltration compaction erosion,metadata_screened,pending,pending,pending,pending,,,,,
D2,10.1016/j.agwat.2012.04.006,Evaluation of pedotransfer functions for predicting water retention of soils in Lower Congo (D.R. Congo),Agricultural Water Management,Y.-D. Botula,soil water retention hydraulic conductivity aggregation porosity bulk density infiltration compaction erosion,metadata_screened,pending,pending,pending,pending,,,,,
D2,10.2136/sssaj2004.0238,Comparison of Unimodal Analytical Expressions for the Soil‐Water Retention Curve,Soil Science Society of America Journal,Wim M. Cornelis,soil water retention hydraulic conductivity aggregation porosity bulk density infiltration compaction erosion,metadata_screened,pending,pending,pending,pending,,,,,
D2,10.1016/j.agwat.2021.107015,Calibration method to address influences of temperature and electrical conductivity for a low-cost soil water content sensor in the agricultural field,Agricultural Water Management,Yuhi Satoh,soil water retention hydraulic conductivity aggregation porosity bulk density infiltration compaction erosion,metadata_screened,pending,pending,pending,pending,,,,,
D2,10.2136/sssaj2001.6551392x,Influence of a Nonionic Surfactant on the Water Retention Properties of Unsaturated Soils,Soil Science Society of America Journal,Ahmet Karagunduz,soil water retention hydraulic conductivity aggregation porosity bulk density infiltration compaction erosion,metadata_screened,pending,pending,pending,pending,,,,,
D2,10.1016/j.agwat.2017.03.026,Changing soil hydraulic properties and water repellency in a pomegranate orchard irrigated with saline water by applying polyacrylamide,Agricultural Water Management,M. Tadayonnejad,soil water retention hydraulic conductivity aggregation porosity bulk density infiltration compaction erosion,metadata_screened,pending,pending,pending,pending,,,,,
D2,10.2136/sssaj2001.6551508x,Potential use of Rare Earth Oxides as Tracers for Soil Erosion and Aggregation Studies,Soil Science Society of America Journal,X. C. Zhang,soil water retention hydraulic conductivity aggregation porosity bulk density infiltration compaction erosion,metadata_screened,pending,pending,pending,pending,,,,,
D2,10.1016/s0378-3774(99)00042-6,A geostatistical approach to optimize the determination of saturated hydraulic conductivity for large-scale subsurface drainage design in Egypt,Agricultural Water Management,Mahmoud M Moustafa,soil water retention hydraulic conductivity aggregation porosity bulk density infiltration compaction erosion,metadata_screened,pending,pending,pending,pending,,,,,
D2,10.1016/s0016-7061(03)00096-x,Modeling change in soil compaction due to agricultural traffic as function of soil water content,Geoderma,P. Défossez,soil water retention hydraulic conductivity aggregation porosity bulk density infiltration compaction erosion,metadata_screened,pending,pending,pending,pending,,,,,
D2,10.1016/j.geoderma.2018.11.035,The role of soil-protecting forests in reducing soil erosion in young glacial landscapes of Northern-Central Poland,Geoderma,Paweł Wiśniewski,soil water retention hydraulic conductivity aggregation porosity bulk density infiltration compaction erosion,metadata_screened,pending,pending,pending,pending,,,,,
D2,10.1016/j.still.2016.08.004,Post-tillage evolution of structural pore space and saturated and near-saturated hydraulic conductivity in a clay loam soil,Soil and Tillage Research,Maria Sandin,soil water retention hydraulic conductivity aggregation porosity bulk density infiltration compaction erosion,metadata_screened,pending,pending,pending,pending,,,,,
D2,10.1016/j.still.2008.05.004,Spatio-temporal variation of anisotropy of saturated hydraulic conductivity in a tilled sandy loam soil,Soil and Tillage Research,C PETERSEN,soil water retention hydraulic conductivity aggregation porosity bulk density infiltration compaction erosion,metadata_screened,pending,pending,pending,pending,,,,,
D2,10.1016/j.still.2022.105348,Estimation of the stability of topsoil aggregates in areas affected by water erosion using selected soil and terrain properties,Soil and Tillage Research,Lenka Pavlů,soil water retention hydraulic conductivity aggregation porosity bulk density infiltration compaction erosion,metadata_screened,pending,pending,pending,pending,,,,,
D2,10.1016/j.catena.2017.03.010,Water erosion and soil properties patterns along selected rainfall events in cultivated and abandoned terraced fields under renaturalisation,CATENA,Maria Gispert,soil water retention hydraulic conductivity aggregation porosity bulk density infiltration compaction erosion,metadata_screened,pending,pending,pending,pending,,,,,
D2,10.2136/sssaj2011.0222,Determining Water Retention in Seasonally Frozen Soils Using Hydra Impedance Sensors,Soil Science Society of America Journal,T. J. Kelleners,soil water retention hydraulic conductivity aggregation porosity bulk density infiltration compaction erosion,metadata_screened,pending,pending,pending,pending,,,,,
D2,10.1016/j.geoderma.2006.03.001,Multifractal Sierpinski carpets: Theory and application to upscaling effective saturated hydraulic conductivity,Geoderma,E. Perfect,soil water retention hydraulic conductivity aggregation porosity bulk density infiltration compaction erosion,metadata_screened,pending,pending,pending,pending,,,,,
D2,10.1016/j.catena.2016.01.027,"Infiltration and interrill erosion rates after a wildfire in western Montana, USA",CATENA,Peter R. Robichaud,soil water retention hydraulic conductivity aggregation porosity bulk density infiltration compaction erosion,metadata_screened,pending,pending,pending,pending,,,,,
D2,10.1016/j.geoderma.2019.02.013,A global comparison of soil erosion associated with land use and climate type,Geoderma,Muqi Xiong,soil water retention hydraulic conductivity aggregation porosity bulk density infiltration compaction erosion,metadata_screened,pending,pending,pending,pending,,,,,
D2,10.1016/j.agwat.2018.02.024,Influence of soil hydraulic variability on soil moisture simulations and irrigation scheduling in a maize field,Agricultural Water Management,Mouna Feki,soil water retention hydraulic conductivity aggregation porosity bulk density infiltration compaction erosion,metadata_screened,pending,pending,pending,pending,,,,,
D2,10.2136/sssaj2015.11.0408,Thermal Conductivity of Binary Sand Mixtures Evaluated through Full Water Content Range,Soil Science Society of America Journal,Benjamin M. Wallen,soil water retention hydraulic conductivity aggregation porosity bulk density infiltration compaction erosion,metadata_screened,pending,pending,pending,pending,,,,,
D2,10.1016/j.still.2008.10.029,Moderate soil compaction: Implications on growth and architecture in seedlings of 17 woody plant species,Soil and Tillage Research,David Alameda,soil water retention hydraulic conductivity aggregation porosity bulk density infiltration compaction erosion,metadata_screened,pending,pending,pending,pending,,,,,
D2,10.1016/j.catena.2018.02.007,The CSLE model based soil erosion prediction: Comparisons of sampling density and extrapolation method at the county level,CATENA,Hongda Zhang,soil water retention hydraulic conductivity aggregation porosity bulk density infiltration compaction erosion,metadata_screened,pending,pending,pending,pending,,,,,
D2,10.1016/j.still.2020.104756,The Impact of Soil Water Repellency and Slope upon Runoff and Erosion,Soil and Tillage Research,Mary-Anne Lowe,soil water retention hydraulic conductivity aggregation porosity bulk density infiltration compaction erosion,metadata_screened,pending,pending,pending,pending,,,,,
D2,10.1016/j.geoderma.2017.04.030,Estimating saturated soil hydraulic conductivity by the near steady-state phase of a Beerkan infiltration test,Geoderma,V. Bagarello,soil water retention hydraulic conductivity aggregation porosity bulk density infiltration compaction erosion,metadata_screened,pending,pending,pending,pending,,,,,
D2,10.1016/j.agwat.2005.01.013,A spreadsheet model to evaluate sloping furrow irrigation accounting for infiltration variability,Agricultural Water Management,Luciano Mateos,soil water retention hydraulic conductivity aggregation porosity bulk density infiltration compaction erosion,metadata_screened,pending,pending,pending,pending,,,,,
D2,10.1016/j.catena.2019.104147,Influence of soil moisture and plant roots on the soil infiltration capacity at different stages in arid grasslands of China,CATENA,Yu Liu,soil water retention hydraulic conductivity aggregation porosity bulk density infiltration compaction erosion,metadata_screened,pending,pending,pending,pending,,,,,
D2,10.1016/j.geoderma.2010.09.014,Scaling analysis of hydraulic conductivity and porosity on a sandy medium of an unconfined aquifer reproduced in the laboratory,Geoderma,C. Fallico,soil water retention hydraulic conductivity aggregation porosity bulk density infiltration compaction erosion,metadata_screened,pending,pending,pending,pending,,,,,
D2,10.1016/j.geoderma.2017.02.026,Approximate solution of a one-dimensional soil water infiltration equation based on the Brooks-Corey model,Geoderma,Lijun Su,soil water retention hydraulic conductivity aggregation porosity bulk density infiltration compaction erosion,metadata_screened,pending,pending,pending,pending,,,,,
D2,10.1016/j.agwat.2004.09.002,Farm-level adoption of soil and water conservation techniques in northern Burkina Faso,Agricultural Water Management,Amadou Sidibé,soil water retention hydraulic conductivity aggregation porosity bulk density infiltration compaction erosion,metadata_screened,pending,pending,pending,pending,,,,,
D2,10.2136/sssaj2019.04.0123,"Effect of Irrigation Water pH on Saturated Hydraulic Conductivity and Electrokinetic Properties of Acidic, Neutral, and Alkaline Soils",Soil Science Society of America Journal,Aram Ali,soil water retention hydraulic conductivity aggregation porosity bulk density infiltration compaction erosion,metadata_screened,pending,pending,pending,pending,,,,,
D2,10.2136/sssaj2015.02.0066,"Seasonal Variation in Soil Bulk Density, Organic Nitrogen, Available Phosphorus, and pH",Soil Science Society of America Journal,Stewart B. Wuest,soil water retention hydraulic conductivity aggregation porosity bulk density infiltration compaction erosion,metadata_screened,pending,pending,pending,pending,,,,,
D2,10.1016/s0378-3774(00)00110-4,Influence of subsurface drainage on crop production and soil quality in a low-lying acid sulphate soil,Agricultural Water Management,E.K Mathew,soil water retention hydraulic conductivity aggregation porosity bulk density infiltration compaction erosion,metadata_screened,pending,pending,pending,pending,,,,,
D2,10.1016/j.agwat.2011.01.005,Weighing lysimeter systems for quantifying water use and studies of controlled water stress for crops grown in low bulk density substrates,Agricultural Water Management,R.C. Beeson,soil water retention hydraulic conductivity aggregation porosity bulk density infiltration compaction erosion,metadata_screened,pending,pending,pending,pending,,,,,
D2,10.1016/j.still.2020.104713,Influence of biochar on the soil water retention characteristics (SWRC): Potential application in geotechnical engineering structures,Soil and Tillage Research,Rojimul Hussain,soil water retention hydraulic conductivity aggregation porosity bulk density infiltration compaction erosion,metadata_screened,pending,pending,pending,pending,,,,,
D2,10.1016/s0167-1987(03)00041-2,Remediation of subsoil compaction and compaction effects on corn N availability by deep tillage and application of poultry manure in a sandy-textured soil,Soil and Tillage Research,P.P. Motavalli,soil water retention hydraulic conductivity aggregation porosity bulk density infiltration compaction erosion,metadata_screened,pending,pending,pending,pending,,,,,
D2,10.2136/sssaj2004.0014n,AUTOMATION OF A FALLING HEAD PERMEAMETER FOR RAPID DETERMINATION OF HYDRAULIC CONDUCTIVITY OF MULTIPLE SAMPLES,Soil Science Society of America Journal,D. O. Johnson,soil water retention hydraulic conductivity aggregation porosity bulk density infiltration compaction erosion,metadata_screened,pending,pending,pending,pending,,,,,
D2,10.2136/sssaj2005.0291,"Hydraulic Conductivity, Immobile Water Content, and Exchange Coefficient in Three Soil Profiles",Soil Science Society of America Journal,L. Alletto,soil water retention hydraulic conductivity aggregation porosity bulk density infiltration compaction erosion,metadata_screened,pending,pending,pending,pending,,,,,
D2,10.1016/j.agwat.2013.02.004,"Runoff and soil erosion as affected by plastic mulch patterns in vegetable field at Dianchi lake's catchment, China",Agricultural Water Management,Guosheng Zhang,soil water retention hydraulic conductivity aggregation porosity bulk density infiltration compaction erosion,metadata_screened,pending,pending,pending,pending,,,,,
D2,10.1016/j.catena.2023.107365,Effects of straw incorporation on soil erosion resistance along a land degradation gradient in the black soil region of China,CATENA,Shukun Xing,soil water retention hydraulic conductivity aggregation porosity bulk density infiltration compaction erosion,metadata_screened,pending,pending,pending,pending,,,,,
D2,10.1016/j.still.2008.09.002,Quercus ilex root growth in response to heterogeneous conditions of soil bulk density and soil NH4-N content,Soil and Tillage Research,Elena Cubera,soil water retention hydraulic conductivity aggregation porosity bulk density infiltration compaction erosion,metadata_screened,pending,pending,pending,pending,,,,,
D2,10.2136/sssaj2006.0138,Water Retention and Hydraulic Conductivity of Cross‐Linked Polyacrylamides in Sandy Soils,Soil Science Society of America Journal,A. K. Bhardwaj,soil water retention hydraulic conductivity aggregation porosity bulk density infiltration compaction erosion,metadata_screened,pending,pending,pending,pending,,,,,
D2,10.1016/j.agwat.2013.12.011,Long-term changes in spatial variation of soil electrical conductivity and exchangeable sodium percentage in irrigated mesic ustifluvents,Agricultural Water Management,Mustafa Güler,soil water retention hydraulic conductivity aggregation porosity bulk density infiltration compaction erosion,metadata_screened,pending,pending,pending,pending,,,,,
D2,10.1016/j.geoderma.2010.02.010,Use of existing pore models and X-ray computed tomography to predict saturated soil hydraulic conductivity,Geoderma,T.R. Elliot,soil water retention hydraulic conductivity aggregation porosity bulk density infiltration compaction erosion,metadata_screened,pending,pending,pending,pending,,,,,
D2,10.1016/j.geoderma.2015.10.021,Effect of breakdown and dispersion of soil aggregates by erosion on soil CO2 emission,Geoderma,Shoucai Wei,soil water retention hydraulic conductivity aggregation porosity bulk density infiltration compaction erosion,metadata_screened,pending,pending,pending,pending,,,,,
D2,10.2136/sssaj2009.0450,Buffer Index Effects on Hydraulic Conductivity Measurements Using Numerical Simulations of Double‐Ring Infiltration,Soil Science Society of America Journal,Jianbin Lai,soil water retention hydraulic conductivity aggregation porosity bulk density infiltration compaction erosion,metadata_screened,pending,pending,pending,pending,,,,,
D2,10.1016/j.still.2020.104842,Soil cone index and bulk density of a sandy loam under no-till and conventional tillage in a corn-soybean rotation,Soil and Tillage Research,Jalal D. Jabro,soil water retention hydraulic conductivity aggregation porosity bulk density infiltration compaction erosion,metadata_screened,pending,pending,pending,pending,,,,,
D2,10.1016/j.agwat.2021.107244,Farmers’ intended and actual adoption of soil and water conservation practices,Agricultural Water Management,Asghar Bagheri,soil water retention hydraulic conductivity aggregation porosity bulk density infiltration compaction erosion,metadata_screened,pending,pending,pending,pending,,,,,
D2,10.1016/j.agwat.2023.108573,No-tillage mulch with leguminous green manure retention reduces soil evaporation and increases yield and water productivity of maize,Agricultural Water Management,Feng Wang,soil water retention hydraulic conductivity aggregation porosity bulk density infiltration compaction erosion,metadata_screened,pending,pending,pending,pending,,,,,
D2,10.1016/j.geoderma.2013.07.025,A pedotransfer function for estimating bulk density of forest soil in Japan affected by volcanic ash,Geoderma,Kazuki Nanko,soil water retention hydraulic conductivity aggregation porosity bulk density infiltration compaction erosion,metadata_screened,pending,pending,pending,pending,,,,,
D2,10.1016/j.geoderma.2009.11.013,Estimation of reference bulk density from soil particle size distribution and soil organic matter content,Geoderma,Thomas Keller,soil water retention hydraulic conductivity aggregation porosity bulk density infiltration compaction erosion,metadata_screened,pending,pending,pending,pending,,,,,
D2,10.1016/j.still.2017.09.003,Impact of initial bulk density and matric suction on compressive properties of two Oxisols under no-till,Soil and Tillage Research,Renato P. de Lima,soil water retention hydraulic conductivity aggregation porosity bulk density infiltration compaction erosion,metadata_screened,pending,pending,pending,pending,,,,,
D2,10.1016/j.catena.2019.104357,Environmental factors influencing spatial variability of soil total phosphorus content in a small watershed in Poyang Lake Plain under different levels of soil erosion,CATENA,Yi Han,soil water retention hydraulic conductivity aggregation porosity bulk density infiltration compaction erosion,metadata_screened,pending,pending,pending,pending,,,,,
D2,10.1016/j.geoderma.2020.114549,Characterizing detachment and transport processes of interrill soil erosion,Geoderma,X.C. (John) Zhang,soil water retention hydraulic conductivity aggregation porosity bulk density infiltration compaction erosion,metadata_screened,pending,pending,pending,pending,,,,,
D2,10.1016/j.geoderma.2023.116591,Drivers of biochar-mediated improvement of soil water retention capacity based on soil texture: A meta-analysis,Geoderma,Beilei Wei,soil water retention hydraulic conductivity aggregation porosity bulk density infiltration compaction erosion,metadata_screened,pending,pending,pending,pending,,,,,
D2,10.1016/j.still.2012.07.006,The effects of compaction and soil drying on penetrometer resistance,Soil and Tillage Research,W. Gao,soil water retention hydraulic conductivity aggregation porosity bulk density infiltration compaction erosion,metadata_screened,pending,pending,pending,pending,,,,,
D2,10.1016/j.still.2021.105036,How does soil compaction alter nitrous oxide fluxes? A meta-analysis,Soil and Tillage Research,Guillermo Hernandez-Ramirez,soil water retention hydraulic conductivity aggregation porosity bulk density infiltration compaction erosion,metadata_screened,pending,pending,pending,pending,,,,,
D2,10.1016/j.agwat.2015.06.002,Effects of different amendments for the reclamation of coastal saline soil on soil nutrient dynamics and electrical conductivity responses,Agricultural Water Management,Tao Zhang,soil water retention hydraulic conductivity aggregation porosity bulk density infiltration compaction erosion,metadata_screened,pending,pending,pending,pending,,,,,
D2,10.1016/j.still.2004.07.007,Soil structure and the saturated hydraulic conductivity of subsoils,Soil and Tillage Research,A.R. Dexter,soil water retention hydraulic conductivity aggregation porosity bulk density infiltration compaction erosion,metadata_screened,pending,pending,pending,pending,,,,,
D2,10.1016/j.still.2011.02.005,Temporal dynamics of soil hydraulic properties and the water-conducting porosity under different tillage,Soil and Tillage Research,Andreas Schwen,soil water retention hydraulic conductivity aggregation porosity bulk density infiltration compaction erosion,metadata_screened,pending,pending,pending,pending,,,,,
D2,10.1016/j.agwat.2018.07.032,Exploring optimal measures to reduce soil erosion and nutrient losses in southern China,Agricultural Water Management,Cuiting Dai,soil water retention hydraulic conductivity aggregation porosity bulk density infiltration compaction erosion,metadata_screened,pending,pending,pending,pending,,,,,
D2,10.1016/j.still.2023.105779,Variability of in situ soil water retention curves under different tillage systems and growing seasons,Soil and Tillage Research,Urša Pečan,soil water retention hydraulic conductivity aggregation porosity bulk density infiltration compaction erosion,metadata_screened,pending,pending,pending,pending,,,,,
D2,10.1016/j.still.2005.08.011,Comparison of artificial neural network and regression pedotransfer functions for prediction of soil water retention and saturated hydraulic conductivity,Soil and Tillage Research,Hasan Merdun,soil water retention hydraulic conductivity aggregation porosity bulk density infiltration compaction erosion,metadata_screened,pending,pending,pending,pending,,,,,
D2,10.1016/j.still.2020.104649,Zero tillage and residue retention impact on soil aggregation and carbon stabilization within aggregates in subtropical India,Soil and Tillage Research,Kingshuk Modak,soil water retention hydraulic conductivity aggregation porosity bulk density infiltration compaction erosion,metadata_screened,pending,pending,pending,pending,,,,,
D2,10.1016/j.still.2008.10.023,Functional relationships between soil water infiltration and wheeling and rainfall energy,Soil and Tillage Research,Y.X. Li,soil water retention hydraulic conductivity aggregation porosity bulk density infiltration compaction erosion,metadata_screened,pending,pending,pending,pending,,,,,
D2,10.2136/sssaj2004.2340,Organic Matter and Aggregate‐Size Interactions in Saturated Hydraulic Conductivity,Soil Science Society of America Journal,M. Lado,soil water retention hydraulic conductivity aggregation porosity bulk density infiltration compaction erosion,metadata_screened,pending,pending,pending,pending,,,,,
D2,10.2136/sssaj2004.0085,Scaling of Infiltration and Redistribution of Water across Soil Textural Classes,Soil Science Society of America Journal,Joseph A. Kozak,soil water retention hydraulic conductivity aggregation porosity bulk density infiltration compaction erosion,metadata_screened,pending,pending,pending,pending,,,,,
D2,10.1016/j.geoderma.2021.115289,Contribution of root decay process on soil infiltration capacity and soil water replenishment of planted forestland in semi-arid regions,Geoderma,Gao-Lin Wu,soil water retention hydraulic conductivity aggregation porosity bulk density infiltration compaction erosion,metadata_screened,pending,pending,pending,pending,,,,,
D2,10.1016/j.catena.2022.106631,Quantifying the sheet-rill erosion process along a saturated soil slope,CATENA,Dandan Li,soil water retention hydraulic conductivity aggregation porosity bulk density infiltration compaction erosion,metadata_screened,pending,pending,pending,pending,,,,,
D2,10.2136/sssaj2016.10.0338,Bimodal Soil Pore Structure Investigated by a Combined Soil Water Retention Curve and X‐Ray Computed Tomography Approach,Soil Science Society of America Journal,Hu Zhou,soil water retention hydraulic conductivity aggregation porosity bulk density infiltration compaction erosion,metadata_screened,pending,pending,pending,pending,,,,,
D2,10.1016/j.agwat.2007.01.007,Evaluation of drip irrigation: Selection of emitters and hydraulic characterization of trapezoidal units,Agricultural Water Management,Luis Juana,soil water retention hydraulic conductivity aggregation porosity bulk density infiltration compaction erosion,metadata_screened,pending,pending,pending,pending,,,,,
D2,10.1016/j.still.2010.08.004,Challenges in the development of analytical soil compaction models,Soil and Tillage Research,Thomas Keller,soil water retention hydraulic conductivity aggregation porosity bulk density infiltration compaction erosion,metadata_screened,pending,pending,pending,pending,,,,,
D2,10.1016/j.catena.2019.104247,Response of soil compaction to the seasonal freezing-thawing process and the key controlling factors,CATENA,Xianghao Wang,soil water retention hydraulic conductivity aggregation porosity bulk density infiltration compaction erosion,metadata_screened,pending,pending,pending,pending,,,,,
D2,10.1016/j.catena.2024.108471,Enhancing rainwater erosion resistance of black soil slopes in erosion gullies through microbially induced carbonate mineralization,CATENA,Linxian Gong,soil water retention hydraulic conductivity aggregation porosity bulk density infiltration compaction erosion,metadata_screened,pending,pending,pending,pending,,,,,
D2,10.1016/j.agwat.2008.06.014,Water and nitrogen interaction on soil profile water extraction and ET in maize–wheat cropping system,Agricultural Water Management,S. Lenka,soil water retention hydraulic conductivity aggregation porosity bulk density infiltration compaction erosion,metadata_screened,pending,pending,pending,pending,,,,,
D2,10.2136/sssaj2000.641327x,Pedotransfer Functions for the Estimation of Soil Water Retention in Brazilian Soils,Soil Science Society of America Journal,Javier Tomasella,soil water retention hydraulic conductivity aggregation porosity bulk density infiltration compaction erosion,metadata_screened,pending,pending,pending,pending,,,,,
D2,10.1016/j.agwat.2014.04.010,Infiltration and planting pits for improved water management and maize yield in semi-arid Zimbabwe,Agricultural Water Management,Innocent Wadzanayi Nyakudya,soil water retention hydraulic conductivity aggregation porosity bulk density infiltration compaction erosion,metadata_screened,pending,pending,pending,pending,,,,,
D2,10.1016/j.still.2025.106677,Short-term no-tillage improves soil water retention and maintains soil aeration at high moisture conditions despite reduced macroporosity,Soil and Tillage Research,Jing Tan,soil water retention hydraulic conductivity aggregation porosity bulk density infiltration compaction erosion,metadata_screened,pending,pending,pending,pending,,,,,
D2,10.2136/sssaj2013.11.0480,The Importance of Rock Fragment Density for the Calculation of Soil Bulk Density and Soil Organic Carbon Stocks,Soil Science Society of America Journal,Knut Mehler,soil water retention hydraulic conductivity aggregation porosity bulk density infiltration compaction erosion,metadata_screened,pending,pending,pending,pending,,,,,
D2,10.1016/j.agwat.2022.107877,Site-specific irrigation scheduling using one-layer soil hydraulic properties and inverse modeling,Agricultural Water Management,Hemendra Kumar,soil water retention hydraulic conductivity aggregation porosity bulk density infiltration compaction erosion,metadata_screened,pending,pending,pending,pending,,,,,
D2,10.2136/sssaj2002.4400,Temperature Dependence of Water Retention Curves for Wettable and Water‐Repellent Soils,Soil Science Society of America Journal,J. Bachmann,soil water retention hydraulic conductivity aggregation porosity bulk density infiltration compaction erosion,metadata_screened,pending,pending,pending,pending,,,,,
D2,10.1016/j.still.2008.02.004,Effect of mulch and tillage system on soil porosity under wheat (Triticum aestivum),Soil and Tillage Research,Tomasz Głąb,soil water retention hydraulic conductivity aggregation porosity bulk density infiltration compaction erosion,metadata_screened,pending,pending,pending,pending,,,,,
D2,10.2136/sssaj2006.0429,Dynamics of Soil Surface Bulk Density: Role of Water Table Elevation and Rainfall Duration,Soil Science Society of America Journal,B. Augeard,soil water retention hydraulic conductivity aggregation porosity bulk density infiltration compaction erosion,metadata_screened,pending,pending,pending,pending,,,,,
D2,10.1016/j.agwat.2020.106325,"Responses of soil water, nitrate and yield of apple orchard to integrated soil management in Loess Plateau, China",Agricultural Water Management,Zhiyuan Zhao,soil water retention hydraulic conductivity aggregation porosity bulk density infiltration compaction erosion,metadata_screened,pending,pending,pending,pending,,,,,
D2,10.1016/j.geoderma.2018.10.023,Soil and water conservation measures reduce soil and water losses in China but not down to background levels: Evidence from erosion plot data,Geoderma,Jianlin Zhao,soil water retention hydraulic conductivity aggregation porosity bulk density infiltration compaction erosion,metadata_screened,pending,pending,pending,pending,,,,,
D2,10.1016/j.agwat.2014.03.007,Dynamics of meltwater quality and quantity during saline ice melting and its effects on the infiltration and desalinization of coastal saline soils,Agricultural Water Management,Kai Guo,soil water retention hydraulic conductivity aggregation porosity bulk density infiltration compaction erosion,metadata_screened,pending,pending,pending,pending,,,,,
D2,10.2136/sssaj2007.0307n,Evaluation of Three Models that Describe Soil Water Retention Curves from Saturation to Oven Dryness,Soil Science Society of America Journal,Sen Lu,soil water retention hydraulic conductivity aggregation porosity bulk density infiltration compaction erosion,metadata_screened,pending,pending,pending,pending,,,,,
D2,10.2136/sssaj2012.0132,"Soil Properties Controlling Infiltration in Volcanic Soils (Tenerife, Spain)",Soil Science Society of America Journal,Marisa Tejedor,soil water retention hydraulic conductivity aggregation porosity bulk density infiltration compaction erosion,metadata_screened,pending,pending,pending,pending,,,,,
D2,10.1016/j.agwat.2021.107117,Wheat stubble height effects on soil water capture and retention during long fallow,Agricultural Water Management,William F. Schillinger,soil water retention hydraulic conductivity aggregation porosity bulk density infiltration compaction erosion,metadata_screened,pending,pending,pending,pending,,,,,
D2,10.1016/j.geoderma.2024.116924,Microbial decomposition of organic matter and wetting–drying promotes aggregation in artificial soil but porosity increases only in wet-dry condition,Geoderma,Sheikh M.F. Rabbi,soil water retention hydraulic conductivity aggregation porosity bulk density infiltration compaction erosion,metadata_screened,pending,pending,pending,pending,,,,,
D2,10.1016/j.still.2003.09.006,Mechanisms of soil vulnerability to compaction of homogenized and recompacted Ultisols,Soil and Tillage Research,X.H Peng,soil water retention hydraulic conductivity aggregation porosity bulk density infiltration compaction erosion,metadata_screened,pending,pending,pending,pending,,,,,
D2,10.1016/j.still.2006.03.004,Estimating precompression stress of structured soils on the basis of aggregate density and dry bulk density,Soil and Tillage Research,J RUCKNAGEL,soil water retention hydraulic conductivity aggregation porosity bulk density infiltration compaction erosion,metadata_screened,pending,pending,pending,pending,,,,,
D2,10.2136/sssaj2004.4500,Dependence of Zeta Potential and Soil Hydraulic Conductivity on Adsorbed Cation and Aqueous Phase Properties,Soil Science Society of America Journal,Mehmet Aydin,soil water retention hydraulic conductivity aggregation porosity bulk density infiltration compaction erosion,metadata_screened,pending,pending,pending,pending,,,,,
D2,10.2136/sssaj2006.0044,Mechanical Stresses in Soils Assessed from Bulk‐Density and Penetration‐Resistance Data Sets,Soil Science Society of America Journal,R. Horn,soil water retention hydraulic conductivity aggregation porosity bulk density infiltration compaction erosion,metadata_screened,pending,pending,pending,pending,,,,,
D2,10.1016/j.geoderma.2023.116512,Storage infiltration of rock-soil interface soil on rock surface flow in the rocky desertification area,Geoderma,Wei Yang,soil water retention hydraulic conductivity aggregation porosity bulk density infiltration compaction erosion,metadata_screened,pending,pending,pending,pending,,,,,
D2,10.1016/j.agwat.2018.02.025,Soil water management practices (terraces) helped to mitigate the 2015 drought in Ethiopia,Agricultural Water Management,Frédéric Kosmowski,soil water retention hydraulic conductivity aggregation porosity bulk density infiltration compaction erosion,metadata_screened,pending,pending,pending,pending,,,,,
D2,10.1016/j.catena.2020.105048,Evaluation of the quality of cultivated-layer soil based on different degrees of erosion in sloping farmland with purple soil in China,CATENA,Huifang Jin,soil water retention hydraulic conductivity aggregation porosity bulk density infiltration compaction erosion,metadata_screened,pending,pending,pending,pending,,,,,
D2,10.1016/j.geoderma.2014.12.008,An evaluation of the role of hillslope components and land use in soil erosion using 137Cs inventory and soil organic carbon stock,Geoderma,Kazem Nosrati,soil water retention hydraulic conductivity aggregation porosity bulk density infiltration compaction erosion,metadata_screened,pending,pending,pending,pending,,,,,
D2,10.1016/j.catena.2010.01.001,The effects of land uses on soil erosion in Spain: A review,CATENA,José M. García-Ruiz,soil water retention hydraulic conductivity aggregation porosity bulk density infiltration compaction erosion,metadata_screened,pending,pending,pending,pending,,,,,
D2,10.1016/j.geoderma.2013.07.011,Establishing reference inventories of 137Cs for soil erosion studies: Methodological aspects,Geoderma,Gerald Kirchner,soil water retention hydraulic conductivity aggregation porosity bulk density infiltration compaction erosion,metadata_screened,pending,pending,pending,pending,,,,,
D2,10.2136/sssaj2005.0394,Comparing Bulk Soil Electrical Conductivity Determination Using the DUALEM‐1S and EM38‐DD Electromagnetic Induction Instruments,Soil Science Society of America Journal,H. Abdu,soil water retention hydraulic conductivity aggregation porosity bulk density infiltration compaction erosion,metadata_screened,pending,pending,pending,pending,,,,,
D2,10.1016/j.agwat.2021.107388,"The effects of bio-based superabsorbent polymers on the water/nutrient retention characteristics and agricultural productivity of a saline soil from the Yellow River Basin, China",Agricultural Water Management,Chenhao Zhao,soil water retention hydraulic conductivity aggregation porosity bulk density infiltration compaction erosion,metadata_screened,pending,pending,pending,pending,,,,,
D2,10.1016/j.agwat.2014.10.015,Investigating the effects of soil moisture sensors positioning and accuracy on soil moisture based drip irrigation scheduling systems,Agricultural Water Management,Konstantinos X. Soulis,soil water retention hydraulic conductivity aggregation porosity bulk density infiltration compaction erosion,metadata_screened,pending,pending,pending,pending,,,,,
D2,10.1016/j.geoderma.2003.11.010,Effective porosity of paddy soils as an estimation of its saturated hydraulic conductivity,Geoderma,W Aimrun,soil water retention hydraulic conductivity aggregation porosity bulk density infiltration compaction erosion,metadata_screened,pending,pending,pending,pending,,,,,
D2,10.1016/j.still.2012.05.009,Mapping soil compaction in 3D with depth functions,Soil and Tillage Research,Fabio Veronesi,soil water retention hydraulic conductivity aggregation porosity bulk density infiltration compaction erosion,metadata_screened,pending,pending,pending,pending,,,,,
D2,10.2136/sssaj2004.0055,Influence of Organic Matter on the Estimation of Saturated Hydraulic Conductivity,Soil Science Society of America Journal,Attila Nemes,soil water retention hydraulic conductivity aggregation porosity bulk density infiltration compaction erosion,metadata_screened,pending,pending,pending,pending,,,,,
D2,10.1016/j.still.2021.105127,Changes in soil profile hydraulic properties and porosity as affected by deep tillage soil preparation and Brachiaria grass intercropping in a recent coffee plantation on a naturally dense Inceptisol,Soil and Tillage Research,Rodrigo Fonseca da Silva,soil water retention hydraulic conductivity aggregation porosity bulk density infiltration compaction erosion,metadata_screened,pending,pending,pending,pending,,,,,
D2,10.1016/j.catena.2005.08.011,Water erosion risk assessment and impact on productivity of a Venezuelan soil,CATENA,Deyanira Lobo,soil water retention hydraulic conductivity aggregation porosity bulk density infiltration compaction erosion,metadata_screened,pending,pending,pending,pending,,,,,
D2,10.2136/sssaj2003.4870,Temperature dependence of infiltration rate during large scale water recharge into soils,Soil Science Society of America Journal,Chunye Lin,soil water retention hydraulic conductivity aggregation porosity bulk density infiltration compaction erosion,metadata_screened,pending,pending,pending,pending,,,,,
D2,10.1016/j.agwat.2006.07.010,Effect of SAR on water infiltration under a sequential rain–irrigation management system,Agricultural Water Management,Donald L. Suarez,soil water retention hydraulic conductivity aggregation porosity bulk density infiltration compaction erosion,metadata_screened,pending,pending,pending,pending,,,,,
D2,10.1016/j.catena.2015.11.017,Application of HYDRUS-1D model to provide antecedent soil water contents for analysis of runoff and soil erosion from a slope on the Loess Plateau,CATENA,Yi Caiqiong,soil water retention hydraulic conductivity aggregation porosity bulk density infiltration compaction erosion,metadata_screened,pending,pending,pending,pending,,,,,
D2,10.1016/j.catena.2018.06.026,"Soil water and root distribution of apple tree (Malus pumila Mill) stands in relation to stand age and rainwater collection and infiltration system (RWCI) in a hilly region of the Loess Plateau, China",CATENA,Xiaolin Song,soil water retention hydraulic conductivity aggregation porosity bulk density infiltration compaction erosion,metadata_screened,pending,pending,pending,pending,,,,,
D2,10.2136/sssaj2000.6461922x,A Pore Water Conductivity Sensor,Soil Science Society of America Journal,M. A. Hilhorst,soil water retention hydraulic conductivity aggregation porosity bulk density infiltration compaction erosion,metadata_screened,pending,pending,pending,pending,,,,,
D2,10.1016/j.catena.2024.108043,Global soil water erosion responses to climate and land use changes,CATENA,Muqi Xiong,soil water retention hydraulic conductivity aggregation porosity bulk density infiltration compaction erosion,metadata_screened,pending,pending,pending,pending,,,,,
D2,10.1016/j.catena.2021.105865,Lab simulation of soil erosion on cultivated soil slopes with wheat straw incorporation,CATENA,J.H. Yang,soil water retention hydraulic conductivity aggregation porosity bulk density infiltration compaction erosion,metadata_screened,pending,pending,pending,pending,,,,,
D2,10.1016/s0341-8162(01)00160-6,Modelling the interactions between soil surface properties and water erosion,CATENA,Mike Kirkby,soil water retention hydraulic conductivity aggregation porosity bulk density infiltration compaction erosion,metadata_screened,pending,pending,pending,pending,,,,,
D2,10.1016/s0341-8162(02)00166-2,Phases of soil erosion-derived colluviation in the loess hills of South Germany,CATENA,Andreas Lang,soil water retention hydraulic conductivity aggregation porosity bulk density infiltration compaction erosion,metadata_screened,pending,pending,pending,pending,,,,,
D2,10.2136/sssaj2001.6551385x,Measured and Modeled Unsaturated Hydraulic Conductivity of a Walla Walla Silt Loam,Soil Science Society of America Journal,C. Chen,soil water retention hydraulic conductivity aggregation porosity bulk density infiltration compaction erosion,metadata_screened,pending,pending,pending,pending,,,,,
D2,10.1016/j.still.2017.07.009,Effect of soil tillage and vegetal cover on soil water infiltration,Soil and Tillage Research,Wilk Sampaio de Almeida,soil water retention hydraulic conductivity aggregation porosity bulk density infiltration compaction erosion,metadata_screened,pending,pending,pending,pending,,,,,
D2,10.1016/j.geoderma.2012.02.013,Can minor compaction increase soil carbon sequestration? A case study in a soil under a wheel-track in an orchard,Geoderma,M. Deurer,soil water retention hydraulic conductivity aggregation porosity bulk density infiltration compaction erosion,metadata_screened,pending,pending,pending,pending,,,,,
D2,10.1016/j.geoderma.2015.12.030,Quantification of soil carbon from bulk soil samples to predict the aggregate-carbon fractions within using near- and mid-infrared spectroscopic techniques,Geoderma,M.P.N.K. Henaka Arachchi,soil water retention hydraulic conductivity aggregation porosity bulk density infiltration compaction erosion,metadata_screened,pending,pending,pending,pending,,,,,
D2,10.2136/sssaj2004.0225,Soil Water Retention,Soil Science Society of America Journal,R. Haverkamp,soil water retention hydraulic conductivity aggregation porosity bulk density infiltration compaction erosion,metadata_screened,pending,pending,pending,pending,,,,,
D2,10.1016/j.geoderma.2019.114089,"Effect of resolution, reconstruction settings, and segmentation methods on the numerical calculation of saturated soil hydraulic conductivity from 3D computed tomography images",Geoderma,V. Pot,soil water retention hydraulic conductivity aggregation porosity bulk density infiltration compaction erosion,metadata_screened,pending,pending,pending,pending,,,,,
D2,10.1016/j.geoderma.2015.01.009,Does water repellency of pyrochars and hydrochars counter their positive effects on soil hydraulic properties?,Geoderma,Nina Eibisch,soil water retention hydraulic conductivity aggregation porosity bulk density infiltration compaction erosion,metadata_screened,pending,pending,pending,pending,,,,,
D2,10.1016/j.agwat.2020.106427,"Effects of water deficit combined with soil texture, soil bulk density and tomato variety on tomato fruit quality: A meta-analysis",Agricultural Water Management,Jia Lu,soil water retention hydraulic conductivity aggregation porosity bulk density infiltration compaction erosion,metadata_screened,pending,pending,pending,pending,,,,,
D2,10.1016/j.agwat.2008.06.002,Dynamics and modeling of soil water under subsurface drip irrigated onion,Agricultural Water Management,Neelam Patel,soil water retention hydraulic conductivity aggregation porosity bulk density infiltration compaction erosion,metadata_screened,pending,pending,pending,pending,,,,,
D2,10.1016/j.geoderma.2016.10.016,Soil water infiltration affected by topsoil thickness in row crop and switchgrass production systems,Geoderma,Syaharudin Zaibon,soil water retention hydraulic conductivity aggregation porosity bulk density infiltration compaction erosion,metadata_screened,pending,pending,pending,pending,,,,,
D2,10.1016/s0167-1987(02)00117-4,Impaired internal drainage and Aphanomyces euteiches root rot of pea caused by soil compaction in a fine-textured soil,Soil and Tillage Research,R Allmaras,soil water retention hydraulic conductivity aggregation porosity bulk density infiltration compaction erosion,metadata_screened,pending,pending,pending,pending,,,,,
D2,10.1016/j.still.2013.01.003,Soil bulk density evaluated by gamma-ray attenuation: Analysis of system geometry,Soil and Tillage Research,J.C. Costa,soil water retention hydraulic conductivity aggregation porosity bulk density infiltration compaction erosion,metadata_screened,pending,pending,pending,pending,,,,,
D2,10.1016/j.geoderma.2021.114949,Linking rocky desertification to soil erosion by investigating changes in soil magnetic susceptibility profiles on karst slopes,Geoderma,Zihao Cao,soil water retention hydraulic conductivity aggregation porosity bulk density infiltration compaction erosion,metadata_screened,pending,pending,pending,pending,,,,,
D2,10.1016/j.still.2022.105544,Water retention characteristics and vegetation growth of biopolymer-treated silt soils,Soil and Tillage Research,Siwei Wang,soil water retention hydraulic conductivity aggregation porosity bulk density infiltration compaction erosion,metadata_screened,pending,pending,pending,pending,,,,,
D2,10.1016/j.agwat.2012.07.001,Using soil surface temperature to assess soil evaporation in a drip irrigated vineyard,Agricultural Water Management,B.L. Kerridge,soil water retention hydraulic conductivity aggregation porosity bulk density infiltration compaction erosion,metadata_screened,pending,pending,pending,pending,,,,,
D2,10.1016/j.geoderma.2020.114206,Scale and REV analyses for porosity and pore connectivity measures in undisturbed soil,Geoderma,J. Koestel,soil water retention hydraulic conductivity aggregation porosity bulk density infiltration compaction erosion,metadata_screened,pending,pending,pending,pending,,,,,
D2,10.1016/j.still.2017.08.016,Soil compaction-induced changes of physicochemical properties of cereal roots,Soil and Tillage Research,Alicja Szatanik-Kloc,soil water retention hydraulic conductivity aggregation porosity bulk density infiltration compaction erosion,metadata_screened,pending,pending,pending,pending,,,,,
D3,10.2136/sssaj2011.0097,Iron(III) Coordination and Phosphate Sorption in Peat Reacted with Ferric or Ferrous Iron,Soil Science Society of America Journal,Amanda J. Morris,soil chemistry mineralogy sorption cation exchange redox speciation clay minerals salinity sodicity,metadata_screened,pending,pending,pending,pending,,,,,
D3,10.1111/ejss.70051,Evaluation of the Effect of Aeration Tubes and Holes on Soil Gas Exchange Using a Simulation Model,European Journal of Soil Science,Katharina Weltecke,soil chemistry mineralogy sorption cation exchange redox speciation clay minerals salinity sodicity,metadata_screened,pending,pending,pending,pending,,,,,
D3,10.1002/saj2.20181,A new model for soil water vapor sorption isotherms considering adsorption and condensation,Soil Science Society of America Journal,Chong Chen,soil chemistry mineralogy sorption cation exchange redox speciation clay minerals salinity sodicity,metadata_screened,pending,pending,pending,pending,,,,,
D3,10.1016/j.apgeochem.2015.05.008,Action of a clay suspension on an Fe(0) surface under anoxic conditions: Characterization of neoformed minerals at the Fe(0)/solution and Fe(0)/atmosphere interfaces,Applied Geochemistry,Pierre Le Pape,soil chemistry mineralogy sorption cation exchange redox speciation clay minerals salinity sodicity,metadata_screened,pending,pending,pending,pending,,,,,
D3,10.2136/sssaj2002.1813,Continuous Multiple Measurement of Soil Redox Potential Using Platinum Microelectrodes,Soil Science Society of America Journal,Eric van Bochove,soil chemistry mineralogy sorption cation exchange redox speciation clay minerals salinity sodicity,metadata_screened,pending,pending,pending,pending,,,,,
D3,10.1111/ejss.13492,Paddy management controls potassium release from minerals in purple soils after 40 years of cultivation,European Journal of Soil Science,G. Z. Han,soil chemistry mineralogy sorption cation exchange redox speciation clay minerals salinity sodicity,metadata_screened,pending,pending,pending,pending,,,,,
D3,10.1111/ejss.13287,Insight into Hofmeister effects on aggregation of 2:1 and 1:1 type clay minerals,European Journal of Soil Science,Yekun Zhang,soil chemistry mineralogy sorption cation exchange redox speciation clay minerals salinity sodicity,metadata_screened,pending,pending,pending,pending,,,,,
D3,10.2136/sssaj2011.0049,"Effects of Salt Mineralogy on Dust Emissions, Salton Sea, California",Soil Science Society of America Journal,Brenda J. Buck,soil chemistry mineralogy sorption cation exchange redox speciation clay minerals salinity sodicity,metadata_screened,pending,pending,pending,pending,,,,,
D3,10.2136/sssaj2006.0186,A Review of the Use of the Basic Cation Saturation Ratio and the “Ideal” Soil,Soil Science Society of America Journal,Peter M. Kopittke,soil chemistry mineralogy sorption cation exchange redox speciation clay minerals salinity sodicity,metadata_screened,pending,pending,pending,pending,,,,,
D3,10.1016/j.apgeochem.2019.04.001,Stable isotopes of clay minerals from autoclave tests of oil sands: Implications for clay formation during steaming of Alberta Clearwater oil sands,Applied Geochemistry,Shaoneng He,soil chemistry mineralogy sorption cation exchange redox speciation clay minerals salinity sodicity,metadata_screened,pending,pending,pending,pending,,,,,
D3,10.1016/j.geoderma.2015.03.029,"Soil properties, micromorphology, and mineralogy of Cryosols from sorted and unsorted patterned grounds in the Hornsund area, SW Spitsbergen",Geoderma,Wojciech Szymański,soil chemistry mineralogy sorption cation exchange redox speciation clay minerals salinity sodicity,metadata_screened,pending,pending,pending,pending,,,,,
D3,10.1016/j.chemgeo.2021.120559,Geochemical mobility of rare earth elements (REEs) and actinides (U and Th) originating from Kusatsu acid thermal waters during neutralization and river transport: Effect of aqueous speciation on sorption onto suspended materials and fractionation among REEs and actinides,Chemical Geology,Yasumasa Ogawa,soil chemistry mineralogy sorption cation exchange redox speciation clay minerals salinity sodicity,metadata_screened,pending,pending,pending,pending,,,,,
D3,10.1111/ejss.12531,Effect of near‐surface wind speed and gustiness on horizontal and vertical porous medium gas transport and gas exchange with the atmosphere,European Journal of Soil Science,T. G. Poulsen,soil chemistry mineralogy sorption cation exchange redox speciation clay minerals salinity sodicity,metadata_screened,pending,pending,pending,pending,,,,,
D3,10.1111/ejss.12562,Organic matter coatings of soil minerals affect adsorptive interactions with phenolic and amino acids,European Journal of Soil Science,J. Gao,soil chemistry mineralogy sorption cation exchange redox speciation clay minerals salinity sodicity,metadata_screened,pending,pending,pending,pending,,,,,
D3,10.1111/ejss.12868,Molecular modelling of sorption processes of a range of diverse small organic molecules in Leonardite humic acid,European Journal of Soil Science,Drazen Petrov,soil chemistry mineralogy sorption cation exchange redox speciation clay minerals salinity sodicity,metadata_screened,pending,pending,pending,pending,,,,,
D3,10.1016/j.chemgeo.2024.122249,Clay minerals control silicon isotope variations of fine-grained river sediments: Implication for the trade-off between physical erosion and chemical weathering,Chemical Geology,Chen Ling,soil chemistry mineralogy sorption cation exchange redox speciation clay minerals salinity sodicity,metadata_screened,pending,pending,pending,pending,,,,,
D3,10.1016/j.geoderma.2022.116211,Lithological controls on soil geochemistry and clay mineralogy across Spodosols in the coastal temperate rainforest of southeast Alaska,Geoderma,Diogo Spinola,soil chemistry mineralogy sorption cation exchange redox speciation clay minerals salinity sodicity,metadata_screened,pending,pending,pending,pending,,,,,
D3,10.1016/j.apgeochem.2022.105476,Estimation of deep redox conditions using crystalline rock cores that rarely contained redox sensitive Fe minerals via various analytical methods,Applied Geochemistry,Eungyeong Kim,soil chemistry mineralogy sorption cation exchange redox speciation clay minerals salinity sodicity,metadata_screened,pending,pending,pending,pending,,,,,
D3,10.2136/sssaj2010.0032,Butachlor Sorption in Organically Rich Soil Particles,Soil Science Society of America Journal,Zhongzhen Liu,soil chemistry mineralogy sorption cation exchange redox speciation clay minerals salinity sodicity,metadata_screened,pending,pending,pending,pending,,,,,
D3,10.1111/ejss.13355,Equations to describe the amount and rate of sorption,European Journal of Soil Science,N. J. Barrow,soil chemistry mineralogy sorption cation exchange redox speciation clay minerals salinity sodicity,metadata_screened,pending,pending,pending,pending,,,,,
D3,10.1016/j.geoderma.2025.117375,Silicon solubilisation from soil minerals and soil by root exudate compounds,Geoderma,Mirriam C. Chibesa,soil chemistry mineralogy sorption cation exchange redox speciation clay minerals salinity sodicity,metadata_screened,pending,pending,pending,pending,,,,,
D3,10.1016/j.geoderma.2011.06.014,Tillage practices of a clay loam soil affect soil aggregation and associated C and P concentrations,Geoderma,Aimé J. Messiga,soil chemistry mineralogy sorption cation exchange redox speciation clay minerals salinity sodicity,metadata_screened,pending,pending,pending,pending,,,,,
D3,10.1016/j.geoderma.2015.10.002,The influence of clay-to-carbon ratio on soil physical properties in a humid sandy loam soil with contrasting tillage and residue management,Geoderma,G.T. Getahun,soil chemistry mineralogy sorption cation exchange redox speciation clay minerals salinity sodicity,metadata_screened,pending,pending,pending,pending,,,,,
D3,10.1016/j.geoderma.2009.05.018,Soil mineralogy trends in California landscapes,Geoderma,R.C. Graham,soil chemistry mineralogy sorption cation exchange redox speciation clay minerals salinity sodicity,metadata_screened,pending,pending,pending,pending,,,,,
D3,10.1016/j.geoderma.2003.11.014,"Bypass flow, salinization and sodication in a cracking clay soil",Geoderma,Giuseppina Crescimanno,soil chemistry mineralogy sorption cation exchange redox speciation clay minerals salinity sodicity,metadata_screened,pending,pending,pending,pending,,,,,
D3,10.1016/j.apgeochem.2013.09.009,"Linking wildfire effects on soil and water chemistry of the Marão River watershed, Portugal, and biomass changes detected from Landsat imagery",Applied Geochemistry,Maria Rosário Costa,soil chemistry mineralogy sorption cation exchange redox speciation clay minerals salinity sodicity,metadata_screened,pending,pending,pending,pending,,,,,
D3,10.2136/sssaj2002.1218,A pH‐Dependence Implicit Formulation of Cation‐ and Anion‐exchange Capacities of Variable‐charge Soils,Soil Science Society of America Journal,Hidetaka Katou,soil chemistry mineralogy sorption cation exchange redox speciation clay minerals salinity sodicity,metadata_screened,pending,pending,pending,pending,,,,,
D3,10.2136/sssaj2009.0356,Estimating Relative Hydraulic Conductivity from the Water Release Characteristic of a Shrinking Clay Soil,Soil Science Society of America Journal,Andrew S. Gregory,soil chemistry mineralogy sorption cation exchange redox speciation clay minerals salinity sodicity,metadata_screened,pending,pending,pending,pending,,,,,
D3,10.2136/sssaj2003.1220a,Sorption and Desorption of Pesticides by Clay Minerals and Humic Acid‐Clay Complexes,Soil Science Society of America Journal,Hui Li,soil chemistry mineralogy sorption cation exchange redox speciation clay minerals salinity sodicity,metadata_screened,pending,pending,pending,pending,,,,,
D3,10.1016/j.geoderma.2016.01.013,Aug-MIA-SPR/PLS-DA classification of carbonyl herbicides according to levels of soil sorption,Geoderma,Mirlaine R. Freitas,soil chemistry mineralogy sorption cation exchange redox speciation clay minerals salinity sodicity,metadata_screened,pending,pending,pending,pending,,,,,
D3,10.2136/sssaj2007.0340,Cation Exchange Capacity and Composition of Soluble Soil Organic Matter Fractions,Soil Science Society of America Journal,M. Kaiser,soil chemistry mineralogy sorption cation exchange redox speciation clay minerals salinity sodicity,metadata_screened,pending,pending,pending,pending,,,,,
D3,10.1016/s0016-7061(01)00078-7,Potassium release characteristics of some soils of Uttar Pradesh hills varying in altitude and their relationship with forms of soil K and clay mineralogy,Geoderma,B.N Ghosh,soil chemistry mineralogy sorption cation exchange redox speciation clay minerals salinity sodicity,metadata_screened,pending,pending,pending,pending,,,,,
D3,10.1016/j.geoderma.2006.10.003,Forms and retention of phosphorus in an illite-clay soil profile with a history of fertilisation with pig manure and mineral fertilisers,Geoderma,Barbro Ulén,soil chemistry mineralogy sorption cation exchange redox speciation clay minerals salinity sodicity,metadata_screened,pending,pending,pending,pending,,,,,
D3,10.1111/j.1365-2389.2012.01470.x,Seasonal dynamics of Al‐ and Fe‐bearing secondary minerals in an acid forest soil: influence of Norway spruce roots ( <i>Picea abies</i> (L.) Karst.),European Journal of Soil Science,C. Collignon,soil chemistry mineralogy sorption cation exchange redox speciation clay minerals salinity sodicity,metadata_screened,pending,pending,pending,pending,,,,,
D3,10.1016/j.apgeochem.2009.06.006,Modelling Zn(II) sorption onto clayey sediments using a multi-site ion-exchange model,Applied Geochemistry,E. Tertre,soil chemistry mineralogy sorption cation exchange redox speciation clay minerals salinity sodicity,metadata_screened,pending,pending,pending,pending,,,,,
D3,10.1016/j.geoderma.2004.09.008,Mineralogy and ion exchange properties of the particle size fractions of some Brazilian soils in tropical humid areas,Geoderma,Marcio R. Soares,soil chemistry mineralogy sorption cation exchange redox speciation clay minerals salinity sodicity,metadata_screened,pending,pending,pending,pending,,,,,
D3,10.2136/sssaj2005.0276,"Salt Mineralogy of Las Vegas Wash, Nevada",Soil Science Society of America Journal,Brenda J. Buck,soil chemistry mineralogy sorption cation exchange redox speciation clay minerals salinity sodicity,metadata_screened,pending,pending,pending,pending,,,,,
D3,10.2136/sssaj2001.1622,Nonsingularity of Naphthalene Sorption in Soil,Soil Science Society of America Journal,Jesper Gamst,soil chemistry mineralogy sorption cation exchange redox speciation clay minerals salinity sodicity,metadata_screened,pending,pending,pending,pending,,,,,
D3,10.2136/sssaj2001.6541065x,State Space Analysis of Soil Water and Salinity Regimes in a Loam Soil Underlain by Shallow Groundwater,Soil Science Society of America Journal,L. Wu,soil chemistry mineralogy sorption cation exchange redox speciation clay minerals salinity sodicity,metadata_screened,pending,pending,pending,pending,,,,,
D3,10.1016/j.apgeochem.2013.06.016,Sorption of U(VI) onto Opalinus Clay: Effects of pH and humic acid,Applied Geochemistry,C. Joseph,soil chemistry mineralogy sorption cation exchange redox speciation clay minerals salinity sodicity,metadata_screened,pending,pending,pending,pending,,,,,
D3,10.2136/sssaj2000.641112x,"Acifluorfen Sorption, Degradation, and Mobility in a Mississippi Delta Soil",Soil Science Society of America Journal,L. A. Gaston,soil chemistry mineralogy sorption cation exchange redox speciation clay minerals salinity sodicity,metadata_screened,pending,pending,pending,pending,,,,,
D3,10.1046/j.1351-0754.2003.0567.x,Exchange of greenhouse gases between soil and atmosphere: interactions of soil physical factors and biological processes,European Journal of Soil Science,K. A. Smith,soil chemistry mineralogy sorption cation exchange redox speciation clay minerals salinity sodicity,metadata_screened,pending,pending,pending,pending,,,,,
D3,10.1002/saj2.20680,High salinity prolongs water processes required for soil structure stability during drying–wetting cycles,Soil Science Society of America Journal,Kai Chang,soil chemistry mineralogy sorption cation exchange redox speciation clay minerals salinity sodicity,metadata_screened,pending,pending,pending,pending,,,,,
D3,10.1016/j.apgeochem.2011.03.027,Soil chemistry and shale weathering on a hillslope influenced by convergent hydrologic flow regime at the Susquehanna/Shale Hills Critical Zone Observatory,Applied Geochemistry,Lixin Jin,soil chemistry mineralogy sorption cation exchange redox speciation clay minerals salinity sodicity,metadata_screened,pending,pending,pending,pending,,,,,
D3,10.2136/sssaj2013.07.0280,Repeated Freeze-Thaw Cycle Effects on Soil Compaction in a Clay Loam in Northeastern Montana,Soil Science Society of America Journal,J. D. Jabro,soil chemistry mineralogy sorption cation exchange redox speciation clay minerals salinity sodicity,metadata_screened,pending,pending,pending,pending,,,,,
D3,10.1016/j.geoderma.2017.07.010,"Effects of exchangeable cations, mineralogy and clay content on the mineralization of plant residue carbon",Geoderma,Fatemeh Rakhsh,soil chemistry mineralogy sorption cation exchange redox speciation clay minerals salinity sodicity,metadata_screened,pending,pending,pending,pending,,,,,
D3,10.2136/sssaj2003.1378,Sorption‐Desorption of Lead (II) and Mercury (II) by Model Associations of Soil Colloids,Soil Science Society of America Journal,M. Cruz-Guzmán,soil chemistry mineralogy sorption cation exchange redox speciation clay minerals salinity sodicity,metadata_screened,pending,pending,pending,pending,,,,,
D3,10.1016/j.geoderma.2022.116125,Role of soil minerals on organic phosphorus availability and phosphorus uptake by plants,Geoderma,Issifou Amadou,soil chemistry mineralogy sorption cation exchange redox speciation clay minerals salinity sodicity,metadata_screened,pending,pending,pending,pending,,,,,
D3,10.1016/j.geoderma.2011.10.015,Modeling salinity effects on soil reflectance under various moisture conditions and its inverse application: A laboratory experiment,Geoderma,Quan Wang,soil chemistry mineralogy sorption cation exchange redox speciation clay minerals salinity sodicity,metadata_screened,pending,pending,pending,pending,,,,,
D3,10.1016/j.apgeochem.2018.12.019,Cation exchange capacity of bentonite in a saline environment,Applied Geochemistry,Peter Bohác,soil chemistry mineralogy sorption cation exchange redox speciation clay minerals salinity sodicity,metadata_screened,pending,pending,pending,pending,,,,,
D3,10.1046/j.1365-2389.2002.00472.x,"Changes in soil chemistry and aggregate stability induced by fertilizer applications, burning and trash retention on a long‐term sugarcane experiment in South Africa",European Journal of Soil Science,M. H. Graham,soil chemistry mineralogy sorption cation exchange redox speciation clay minerals salinity sodicity,metadata_screened,pending,pending,pending,pending,,,,,
D3,10.1016/j.geoderma.2020.114204,Silicate sorption and desorption by a Si-deficient soil – Effects of pH and period of contact,Geoderma,Richard J. Haynes,soil chemistry mineralogy sorption cation exchange redox speciation clay minerals salinity sodicity,metadata_screened,pending,pending,pending,pending,,,,,
D3,10.1016/j.geoderma.2007.10.025,Distinguishing black carbon from biogenic humic substances in soil clay fractions,Geoderma,David A. Laird,soil chemistry mineralogy sorption cation exchange redox speciation clay minerals salinity sodicity,metadata_screened,pending,pending,pending,pending,,,,,
D3,10.1111/ejss.13223,Organic manure and lime change water vapour sorption of a red soil by altering water repellency and specific surface area,European Journal of Soil Science,Chong Chen,soil chemistry mineralogy sorption cation exchange redox speciation clay minerals salinity sodicity,metadata_screened,pending,pending,pending,pending,,,,,
D3,10.2136/sssaj2008.0174,Distribution and Speciation of Nutrient Elements around Micropores,Soil Science Society of America Journal,Laurence Jassogne,soil chemistry mineralogy sorption cation exchange redox speciation clay minerals salinity sodicity,metadata_screened,pending,pending,pending,pending,,,,,
D3,10.1016/j.geoderma.2022.116273,Relationships between soil biodiversity and multifunctionality in croplands depend on salinity and organic matter,Geoderma,Jiyu Jia,soil chemistry mineralogy sorption cation exchange redox speciation clay minerals salinity sodicity,metadata_screened,pending,pending,pending,pending,,,,,
D3,10.2136/sssaj2015.07.0265,Effect of Fluctuating Salinity on Potential Denitrification in Coastal Wetland Soil and Sediments,Soil Science Society of America Journal,Brett M. Marks,soil chemistry mineralogy sorption cation exchange redox speciation clay minerals salinity sodicity,metadata_screened,pending,pending,pending,pending,,,,,
D3,10.1016/j.geoderma.2017.10.001,Role of clay minerals on reduction of Cr(VI),Geoderma,Songjong Kwak,soil chemistry mineralogy sorption cation exchange redox speciation clay minerals salinity sodicity,metadata_screened,pending,pending,pending,pending,,,,,
D3,10.1111/ejss.13263,Diffuse reflectance spectroscopy characterises the functional chemistry of soil organic carbon in agricultural soils,European Journal of Soil Science,Johanna Wetterlind,soil chemistry mineralogy sorption cation exchange redox speciation clay minerals salinity sodicity,metadata_screened,pending,pending,pending,pending,,,,,
D3,10.1111/ejss.12845,Antimonate sorption in soils increases with ageing,European Journal of Soil Science,Mieke Verbeeck,soil chemistry mineralogy sorption cation exchange redox speciation clay minerals salinity sodicity,metadata_screened,pending,pending,pending,pending,,,,,
D3,10.1016/s0883-2927(02)00244-5,Heat-induced changes in speciation and extraction of uranium associated with sheet silicate minerals,Applied Geochemistry,Benjamin Ritherdon,soil chemistry mineralogy sorption cation exchange redox speciation clay minerals salinity sodicity,metadata_screened,pending,pending,pending,pending,,,,,
D3,10.1111/ejss.12032,Soil sulphur speciation in two glacier forefield soil chronosequences assessed by <scp>S</scp> <i>K</i> ‐edge <scp>XANES</scp> spectroscopy,European Journal of Soil Science,J. Prietzel,soil chemistry mineralogy sorption cation exchange redox speciation clay minerals salinity sodicity,metadata_screened,pending,pending,pending,pending,,,,,
D3,10.1016/j.geoderma.2018.07.020,Sorption reduces the biodegradation rates of multivalent organic acids in volcanic soils rich in short-range order minerals,Geoderma,Kazumichi Fujii,soil chemistry mineralogy sorption cation exchange redox speciation clay minerals salinity sodicity,metadata_screened,pending,pending,pending,pending,,,,,
D3,10.1002/saj2.20010,"Fertilizer timing affects nitrous oxide, carbon dioxide, and ammonia emissions from soil",Soil Science Society of America Journal,Samuel Thies,soil chemistry mineralogy sorption cation exchange redox speciation clay minerals salinity sodicity,metadata_screened,pending,pending,pending,pending,,,,,
D3,10.2136/sssaj2017.09.0317,Comparison of Two Methods for Calculating the P Sorption Capacity Parameter in Soils,Soil Science Society of America Journal,Carl H. Bolster,soil chemistry mineralogy sorption cation exchange redox speciation clay minerals salinity sodicity,metadata_screened,pending,pending,pending,pending,,,,,
D3,10.1111/j.1365-2389.2010.01308.x,Mobilization of Zn upon waterlogging riparian Spodosols is related to reductive dissolution of Fe minerals,European Journal of Soil Science,L. Van Laer,soil chemistry mineralogy sorption cation exchange redox speciation clay minerals salinity sodicity,metadata_screened,pending,pending,pending,pending,,,,,
D3,10.1111/ejss.13353,"Feature and mechanism analysis of dispersive soil disintegration impacted by soil water content, density, and salinity",European Journal of Soil Science,Yan Han,soil chemistry mineralogy sorption cation exchange redox speciation clay minerals salinity sodicity,metadata_screened,pending,pending,pending,pending,,,,,
D3,10.2136/sssaj2004.0232,"Saturated Hydraulic Conductivity of Semiarid Soils: Combined Effects of Salinity, Sodicity, and Rate of Wetting",Soil Science Society of America Journal,G. J. Levy,soil chemistry mineralogy sorption cation exchange redox speciation clay minerals salinity sodicity,metadata_screened,pending,pending,pending,pending,,,,,
D3,10.1111/ejss.13014,"Wet sieving versus dry crushing: Soil microaggregates reveal different physical structure, bacterial diversity and organic matter composition in a clay gradient",European Journal of Soil Science,Vincent J.M.N.L. Felde,soil chemistry mineralogy sorption cation exchange redox speciation clay minerals salinity sodicity,metadata_screened,pending,pending,pending,pending,,,,,
D3,10.1111/j.1365-2389.2008.01069.x,Cation exchange in forest soils: the need for a new perspective,European Journal of Soil Science,D. S. Ross,soil chemistry mineralogy sorption cation exchange redox speciation clay minerals salinity sodicity,metadata_screened,pending,pending,pending,pending,,,,,
D3,10.1016/j.chemgeo.2014.01.013,"Redox-dependent changes in manganese speciation in Baltic Sea sediments from the Holocene Thermal Maximum: An EXAFS, XANES and LA-ICP-MS study",Chemical Geology,Conny Lenz,soil chemistry mineralogy sorption cation exchange redox speciation clay minerals salinity sodicity,metadata_screened,pending,pending,pending,pending,,,,,
D3,10.2136/sssaj2005.0141,Speciation of Selenium(IV) and Selenium(VI) using Coupled Ion Chromatography—Hydride Generation Atomic Absorption Spectrometry,Soil Science Society of America Journal,Sabine Goldberg,soil chemistry mineralogy sorption cation exchange redox speciation clay minerals salinity sodicity,metadata_screened,pending,pending,pending,pending,,,,,
D3,10.1016/j.geoderma.2018.11.032,Pore structure characteristics and soil workability along a clay gradient,Geoderma,Peter Bilson Obour,soil chemistry mineralogy sorption cation exchange redox speciation clay minerals salinity sodicity,metadata_screened,pending,pending,pending,pending,,,,,
D3,10.1016/j.geoderma.2024.116845,Biochar addition reduces salinity in salt-affected soils with no impact on soil pH: A meta-analysis,Geoderma,Xiao Wang,soil chemistry mineralogy sorption cation exchange redox speciation clay minerals salinity sodicity,metadata_screened,pending,pending,pending,pending,,,,,
D3,10.1016/j.apgeochem.2007.06.021,"Control of As and Ni releases from a uranium mill tailings neutralization circuit: Solution chemistry, mineralogy and geochemical modeling of laboratory study results",Applied Geochemistry,John Mahoney,soil chemistry mineralogy sorption cation exchange redox speciation clay minerals salinity sodicity,metadata_screened,pending,pending,pending,pending,,,,,
D3,10.1016/j.geoderma.2008.11.040,Modeling competitive metal sorption in a mineral soil,Geoderma,Miquel Vidal,soil chemistry mineralogy sorption cation exchange redox speciation clay minerals salinity sodicity,metadata_screened,pending,pending,pending,pending,,,,,
D3,10.1111/j.1365-2389.2005.00697.x,"Iron‐cyanide complexes in soil under varying redox conditions: speciation, solubility and modelling",European Journal of Soil Science,T. Rennert,soil chemistry mineralogy sorption cation exchange redox speciation clay minerals salinity sodicity,metadata_screened,pending,pending,pending,pending,,,,,
D3,10.2136/sssaj2013.06.0247,Estimation of Soil Clay Content using Hygroscopic Water Content at an Arbitrary Humidity,Soil Science Society of America Journal,Chong Chen,soil chemistry mineralogy sorption cation exchange redox speciation clay minerals salinity sodicity,metadata_screened,pending,pending,pending,pending,,,,,
D3,10.1016/j.apgeochem.2013.05.016,Americium sorption on smectite-rich natural clay from granitic ground water,Applied Geochemistry,S. Kumar,soil chemistry mineralogy sorption cation exchange redox speciation clay minerals salinity sodicity,metadata_screened,pending,pending,pending,pending,,,,,
D3,10.2136/sssaj2012.0350,Using Nonlinear Geostatistical Models in Estimating the Impact of Salinity on Crop Yield Variability,Soil Science Society of America Journal,Ahmed A. Eldeiry,soil chemistry mineralogy sorption cation exchange redox speciation clay minerals salinity sodicity,metadata_screened,pending,pending,pending,pending,,,,,
D3,10.1016/j.apgeochem.2019.104416,"Indications that weathering of evaporite minerals affects groundwater salinity and As mobilization in aquifers of the northwestern Hetao Basin, China",Applied Geochemistry,Hong-Yan Wang,soil chemistry mineralogy sorption cation exchange redox speciation clay minerals salinity sodicity,metadata_screened,pending,pending,pending,pending,,,,,
D3,10.1016/j.chemgeo.2017.03.022,"Redox properties of clay-rich sediments as assessed by mediated electrochemical analysis: Separating pyrite, siderite and structural Fe in clay minerals",Chemical Geology,Alwina L. Hoving,soil chemistry mineralogy sorption cation exchange redox speciation clay minerals salinity sodicity,metadata_screened,pending,pending,pending,pending,,,,,
D3,10.1016/j.geoderma.2009.11.007,The relationship between diffuse spectral reflectance of the soil and its cation exchange capacity is scale-dependent,Geoderma,A. Savvides,soil chemistry mineralogy sorption cation exchange redox speciation clay minerals salinity sodicity,metadata_screened,pending,pending,pending,pending,,,,,
D3,10.2136/sssaj2000.6451623x,Factors Controlling Soil Carbon Levels in New Zealand Grasslands Is Clay Content Important?,Soil Science Society of America Journal,Harry J. Percival,soil chemistry mineralogy sorption cation exchange redox speciation clay minerals salinity sodicity,metadata_screened,pending,pending,pending,pending,,,,,
D3,10.1016/j.geoderma.2014.03.013,Digital soil mapping of a red clay subsoil covered by loess,Geoderma,D.M. Evans,soil chemistry mineralogy sorption cation exchange redox speciation clay minerals salinity sodicity,metadata_screened,pending,pending,pending,pending,,,,,
D3,10.1111/ejss.70233,Conservation Tillage Increases Carbon Storage by Regulating Mineral‐Mediated Aggregate Stability and Carbon Chemistry,European Journal of Soil Science,Zixuan Han,soil chemistry mineralogy sorption cation exchange redox speciation clay minerals salinity sodicity,metadata_screened,pending,pending,pending,pending,,,,,
D3,10.2136/sssaj2003.7870,Effect of Aerobic and Anaerobic Conditions on Chlorophenol Sorption in Wetland Soils,Soil Science Society of America Journal,Elisa D'Angelo,soil chemistry mineralogy sorption cation exchange redox speciation clay minerals salinity sodicity,metadata_screened,pending,pending,pending,pending,,,,,
D3,10.1016/j.geoderma.2021.114930,Moss-dominated biocrusts enhance water vapor sorption capacity of surface soil and increase non-rainfall water deposition in drylands,Geoderma,Shenglong Li,soil chemistry mineralogy sorption cation exchange redox speciation clay minerals salinity sodicity,metadata_screened,pending,pending,pending,pending,,,,,
D3,10.1016/j.chemgeo.2015.04.016,Effect of manganese oxide minerals and complexes on gold mobilization and speciation,Chemical Geology,Christine Ta,soil chemistry mineralogy sorption cation exchange redox speciation clay minerals salinity sodicity,metadata_screened,pending,pending,pending,pending,,,,,
D3,10.2136/sssaj2018.06.0221,Measurement of Soil Salinity: Electrical Conductivity and Total Dissolved Solids,Soil Science Society of America Journal,Dennis L. Corwin,soil chemistry mineralogy sorption cation exchange redox speciation clay minerals salinity sodicity,metadata_screened,pending,pending,pending,pending,,,,,
D3,10.1016/j.chemgeo.2013.08.045,"The importance of crystal chemistry on REE partitioning between mantle minerals (garnet, clinopyroxene, orthopyroxene, and olivine) and basaltic melts",Chemical Geology,Chenguang Sun,soil chemistry mineralogy sorption cation exchange redox speciation clay minerals salinity sodicity,metadata_screened,pending,pending,pending,pending,,,,,
D3,10.1016/j.apgeochem.2006.07.018,Cation exchange due to the diffusion of ammonium from livestock effluent through glacial clay soils,Applied Geochemistry,W.J. Chang,soil chemistry mineralogy sorption cation exchange redox speciation clay minerals salinity sodicity,metadata_screened,pending,pending,pending,pending,,,,,
D3,10.1111/j.1365-2389.2008.01098.x,Pedogenic alterations of illitic minerals represented by Radiocaesium Interception Potential in soils with different soil moisture regimes in humid Asia,European Journal of Soil Science,A. Nakao,soil chemistry mineralogy sorption cation exchange redox speciation clay minerals salinity sodicity,metadata_screened,pending,pending,pending,pending,,,,,
D3,10.1111/ejss.12172,Comparison of silicate minerals as sources of potassium for plant nutrition in sandy soil,European Journal of Soil Science,S. M. O. Mohammed,soil chemistry mineralogy sorption cation exchange redox speciation clay minerals salinity sodicity,metadata_screened,pending,pending,pending,pending,,,,,
D3,10.2136/sssaj2010.0068,Carboxylic Acids Affect Sorption and Micro‐Scale Distribution of Phosphorus in an Acidic Soil,Soil Science Society of America Journal,C. R. Schefe,soil chemistry mineralogy sorption cation exchange redox speciation clay minerals salinity sodicity,metadata_screened,pending,pending,pending,pending,,,,,
D3,10.2136/sssaj2018.12.0496,"Subsurface Clay Soil Application Improved Aggregate Stability, Nitrogen Availability, and Organic Carbon Preservation in Degraded Ultisols with Cover Crop Mixtures",Soil Science Society of America Journal,Rongzhong Ye,soil chemistry mineralogy sorption cation exchange redox speciation clay minerals salinity sodicity,metadata_screened,pending,pending,pending,pending,,,,,
D3,10.1016/j.apgeochem.2012.08.026,Evaluating methods for quantifying cation exchange in mildly calcareous sediments in Northern Alberta,Applied Geochemistry,A.A. Holden,soil chemistry mineralogy sorption cation exchange redox speciation clay minerals salinity sodicity,metadata_screened,pending,pending,pending,pending,,,,,
D3,10.1111/j.1365-2389.2005.00740.x,The role of mineral and organic components in phenanthrene and dibenzofuran sorption by soil,European Journal of Soil Science,R. Celis,soil chemistry mineralogy sorption cation exchange redox speciation clay minerals salinity sodicity,metadata_screened,pending,pending,pending,pending,,,,,
D3,10.2136/sssaj2013.06.0239,Application of Isothermal Calorimetry to Phosphorus Sorption onto Soils in a Flow-through System,Soil Science Society of America Journal,Chad Penn,soil chemistry mineralogy sorption cation exchange redox speciation clay minerals salinity sodicity,metadata_screened,pending,pending,pending,pending,,,,,
D3,10.2136/sssaj2012.0135,"Clay Mineralogy of Gelic Soils from the Fildes Peninsula, Maritime Antarctica",Soil Science Society of America Journal,Thiago Mendonça,soil chemistry mineralogy sorption cation exchange redox speciation clay minerals salinity sodicity,metadata_screened,pending,pending,pending,pending,,,,,
D3,10.1016/s0009-2541(02)00360-1,"Chemistry and physics of accessory minerals: Crystallisation, transformation and geochronological applications",Chemical Geology,Franck Poitrasson,soil chemistry mineralogy sorption cation exchange redox speciation clay minerals salinity sodicity,metadata_screened,pending,pending,pending,pending,,,,,
D3,10.1016/j.apgeochem.2009.09.025,"Chemical weathering in Luzon, Philippines from clay mineralogy and major-element geochemistry of river sediments",Applied Geochemistry,Zhifei Liu,soil chemistry mineralogy sorption cation exchange redox speciation clay minerals salinity sodicity,metadata_screened,pending,pending,pending,pending,,,,,
D3,10.2136/sssaj2001.653869x,Five Geostatistical Models to Predict Soil Salinity from Electromagnetic Induction Data Across Irrigated Cotton,Soil Science Society of America Journal,J. Triantafilis,soil chemistry mineralogy sorption cation exchange redox speciation clay minerals salinity sodicity,metadata_screened,pending,pending,pending,pending,,,,,
D3,10.1016/s0016-7061(00)00099-9,Assessment of cation and anion exchange and pH buffering in an Amazonian Ultisol,Geoderma,B. Ludwig,soil chemistry mineralogy sorption cation exchange redox speciation clay minerals salinity sodicity,metadata_screened,pending,pending,pending,pending,,,,,
D3,10.1016/j.geoderma.2005.04.006,Soil salinity mapping using spatio-temporal kriging and Bayesian maximum entropy with interval soft data,Geoderma,Ahmed Douaik,soil chemistry mineralogy sorption cation exchange redox speciation clay minerals salinity sodicity,metadata_screened,pending,pending,pending,pending,,,,,
D3,10.1016/j.geoderma.2010.04.008,Effects of soil sample pretreatments and standardised rewetting as interacted with sand classes on Vis-NIR predictions of clay and soil organic carbon,Geoderma,Bo Stenberg,soil chemistry mineralogy sorption cation exchange redox speciation clay minerals salinity sodicity,metadata_screened,pending,pending,pending,pending,,,,,
D3,10.2136/sssaj2010.0395,"Soil and Crop Response to Varying Levels of Compaction, Nitrogen Fertilization, and Clay Content",Soil Science Society of America Journal,E. G. Gregorich,soil chemistry mineralogy sorption cation exchange redox speciation clay minerals salinity sodicity,metadata_screened,pending,pending,pending,pending,,,,,
D3,10.1016/j.geoderma.2020.114233,Investigation of the spatial and temporal variation of soil salinity using random forests in the central desert of Iran,Geoderma,Hassan Fathizad,soil chemistry mineralogy sorption cation exchange redox speciation clay minerals salinity sodicity,metadata_screened,pending,pending,pending,pending,,,,,
D3,10.1111/j.1365-2389.2011.01381.x,Mapping soil clay contents in Dutch marine districts using gamma‐ray spectrometry,European Journal of Soil Science,E. Van Der Klooster,soil chemistry mineralogy sorption cation exchange redox speciation clay minerals salinity sodicity,metadata_screened,pending,pending,pending,pending,,,,,
D3,10.1016/j.geoderma.2018.11.027,"Sorption of Pb (II) onto &lt;1 μm effective diameter clay minerals extracted from different soils of the Loess Plateau, China",Geoderma,Xianqiang Yin,soil chemistry mineralogy sorption cation exchange redox speciation clay minerals salinity sodicity,metadata_screened,pending,pending,pending,pending,,,,,
D3,10.1016/j.geoderma.2015.11.012,Using the nonparametric k-nearest neighbor approach for predicting cation exchange capacity,Geoderma,A.A. Zolfaghari,soil chemistry mineralogy sorption cation exchange redox speciation clay minerals salinity sodicity,metadata_screened,pending,pending,pending,pending,,,,,
D3,10.1016/j.geoderma.2014.09.011,Combination of proximal and remote sensing methods for rapid soil salinity quantification,Geoderma,Abdalsamad Abdalsatar Ali Aldabaa,soil chemistry mineralogy sorption cation exchange redox speciation clay minerals salinity sodicity,metadata_screened,pending,pending,pending,pending,,,,,
D3,10.2136/sssaj2010.0129nps,The Nanopore Inner Sphere Enhancement Effect on Cation Adsorption: Sodium and Nickel,Soil Science Society of America Journal,C. P. Schulthess,soil chemistry mineralogy sorption cation exchange redox speciation clay minerals salinity sodicity,metadata_screened,pending,pending,pending,pending,,,,,
D3,10.1016/j.geoderma.2018.09.046,UAV based soil salinity assessment of cropland,Geoderma,Konstantin Ivushkin,soil chemistry mineralogy sorption cation exchange redox speciation clay minerals salinity sodicity,metadata_screened,pending,pending,pending,pending,,,,,
D3,10.2136/sssaj2010.0435,"Sorption, Volatilization, and Efficacy of the Fumigant 1,3‐Dichloropropene in a Biochar‐Amended Soil",Soil Science Society of America Journal,E. R. Graber,soil chemistry mineralogy sorption cation exchange redox speciation clay minerals salinity sodicity,metadata_screened,pending,pending,pending,pending,,,,,
D3,10.1016/j.geoderma.2014.11.008,Changes in sorption of indaziflam and three transformation products in soil with aging,Geoderma,Diego G. Alonso,soil chemistry mineralogy sorption cation exchange redox speciation clay minerals salinity sodicity,metadata_screened,pending,pending,pending,pending,,,,,
D3,10.1111/j.1365-2389.2012.01484.x,Sorption of the toxin of <i>Bacillus thuringiensis</i> subsp. <i>kurstaki</i> by soils: effects of iron and aluminium oxides,European Journal of Soil Science,Q. L. Fu,soil chemistry mineralogy sorption cation exchange redox speciation clay minerals salinity sodicity,metadata_screened,pending,pending,pending,pending,,,,,
D3,10.1016/j.geoderma.2004.09.004,Soil salinity changes over 24 years in a Mediterranean irrigated district,Geoderma,J. Herrero,soil chemistry mineralogy sorption cation exchange redox speciation clay minerals salinity sodicity,metadata_screened,pending,pending,pending,pending,,,,,
D3,10.1016/j.geoderma.2017.08.021,"Development of Fe-rich clay minerals in a weathering profile derived from serpentinized ultramafic rock in Nui Nua massif, Vietnam",Geoderma,Lan Nguyen-Thanh,soil chemistry mineralogy sorption cation exchange redox speciation clay minerals salinity sodicity,metadata_screened,pending,pending,pending,pending,,,,,
D3,10.1111/ejss.12252,Non‐classical polarization of cations increases the stability of clay aggregates: specific ion effects on the stability of aggregates,European Journal of Soil Science,C.‐Y. Xu,soil chemistry mineralogy sorption cation exchange redox speciation clay minerals salinity sodicity,metadata_screened,pending,pending,pending,pending,,,,,
D3,10.1016/j.geoderma.2017.04.021,Optimal organic carbon values for soil structure quality of arable soils. Does clay content matter?,Geoderma,Alice Johannes,soil chemistry mineralogy sorption cation exchange redox speciation clay minerals salinity sodicity,metadata_screened,pending,pending,pending,pending,,,,,
D3,10.1016/s0016-7061(01)00129-x,Differences in potassium forms between cutans and adjacent soil matrix in a Grey Clay Soil,Geoderma,Fan Liu,soil chemistry mineralogy sorption cation exchange redox speciation clay minerals salinity sodicity,metadata_screened,pending,pending,pending,pending,,,,,
D3,10.1111/j.1365-2389.2010.01244.x,Microbial uptake of low‐molecular‐weight organic substances out‐competes sorption in soil,European Journal of Soil Science,H. Fischer,soil chemistry mineralogy sorption cation exchange redox speciation clay minerals salinity sodicity,metadata_screened,pending,pending,pending,pending,,,,,
D3,10.1016/s0016-7061(00)00080-x,Characterizing preferential transport during flood irrigation of a heavy clay soil using the dye Vitasyn Blau,Geoderma,H. Yasuda,soil chemistry mineralogy sorption cation exchange redox speciation clay minerals salinity sodicity,metadata_screened,pending,pending,pending,pending,,,,,
D3,10.1016/j.geoderma.2024.117081,Influence of parent material mineralogy on forest soil nutrient release rates across a nutrient richness gradient,Geoderma,Alexandrea M. Rice,soil chemistry mineralogy sorption cation exchange redox speciation clay minerals salinity sodicity,metadata_screened,pending,pending,pending,pending,,,,,
D3,10.1016/j.apgeochem.2026.106763,Predictive modelling of radionuclide sorption on Boom Clay,Applied Geochemistry,Delphine Durce,soil chemistry mineralogy sorption cation exchange redox speciation clay minerals salinity sodicity,metadata_screened,pending,pending,pending,pending,,,,,
D3,10.1016/j.apgeochem.2017.07.009,"Experimental data and assessment of predictive modeling for radium ion-exchange on beidellite, a swelling clay mineral with a tetrahedral charge",Applied Geochemistry,Valentin Robin,soil chemistry mineralogy sorption cation exchange redox speciation clay minerals salinity sodicity,metadata_screened,pending,pending,pending,pending,,,,,
D3,10.1016/j.geoderma.2012.01.030,"Changes in the mineralogy and chemistry of a lateritic soil due to a bushfire at Wundowie, Darling Range, Western Australia",Geoderma,E. Yusiharni,soil chemistry mineralogy sorption cation exchange redox speciation clay minerals salinity sodicity,metadata_screened,pending,pending,pending,pending,,,,,
D3,10.1111/j.1365-2389.2006.00795.x,Sorption of naphthalene derivatives on to soils from a long‐term field experiment: a particle size fractionation and extraction study,European Journal of Soil Science,M. Novoszad,soil chemistry mineralogy sorption cation exchange redox speciation clay minerals salinity sodicity,metadata_screened,pending,pending,pending,pending,,,,,
D3,10.1016/j.chemgeo.2004.06.052,"Control of pit-lake water chemistry by secondary minerals, Summer Camp pit, Getchell mine, Nevada",Chemical Geology,R.J. Bowell,soil chemistry mineralogy sorption cation exchange redox speciation clay minerals salinity sodicity,metadata_screened,pending,pending,pending,pending,,,,,
D3,10.1016/j.geoderma.2005.07.008,Sorption of four triarylmethane dyes in a sandy soil determined by batch and column experiments,Geoderma,Jarai Mon,soil chemistry mineralogy sorption cation exchange redox speciation clay minerals salinity sodicity,metadata_screened,pending,pending,pending,pending,,,,,
D3,10.1016/j.apgeochem.2011.03.008,"Biogeochemical processes in a clay formation in situ experiment: Part E – Equilibrium controls on chemistry of pore water from the Opalinus Clay, Mont Terri Underground Research Laboratory, Switzerland",Applied Geochemistry,F.J. Pearson,soil chemistry mineralogy sorption cation exchange redox speciation clay minerals salinity sodicity,metadata_screened,pending,pending,pending,pending,,,,,
D3,10.1016/j.apgeochem.2015.04.001,Effects of a tectonically-triggered wave of incision on riverine exports and soil mineralogy in the Luquillo Mountains of Puerto Rico,Applied Geochemistry,Gilles Y. Brocard,soil chemistry mineralogy sorption cation exchange redox speciation clay minerals salinity sodicity,metadata_screened,pending,pending,pending,pending,,,,,
D3,10.2136/sssaj2008.0244,Spatial Relationships of Phosphorus Sorption in a Seasonally Saturated Constructed Wetland Soil,Soil Science Society of America Journal,Jonathan J. Maynard,soil chemistry mineralogy sorption cation exchange redox speciation clay minerals salinity sodicity,metadata_screened,pending,pending,pending,pending,,,,,
D3,10.1111/ejss.70289,The Role of Aggregate Stability and Dispersed Clay in Rainfall Splash Erosion,European Journal of Soil Science,Yangbo He,soil chemistry mineralogy sorption cation exchange redox speciation clay minerals salinity sodicity,metadata_screened,pending,pending,pending,pending,,,,,
D3,10.1016/j.chemgeo.2020.119901,Fe(II)-induced transformation of iron minerals in soil ferromanganese nodules,Chemical Geology,Chengshuai Liu,soil chemistry mineralogy sorption cation exchange redox speciation clay minerals salinity sodicity,metadata_screened,pending,pending,pending,pending,,,,,
D3,10.2136/sssaj2011.0197,Soil Clay Modification with Spermine and Its Effect on the Behavior of the Herbicide Fluometuron,Soil Science Society of America Journal,B. Gámiz,soil chemistry mineralogy sorption cation exchange redox speciation clay minerals salinity sodicity,metadata_screened,pending,pending,pending,pending,,,,,
D3,10.1046/j.1365-2389.2003.00526.x,Cation binding in a mor layer: batch experiments and modelling,European Journal of Soil Science,J. P. Gustafsson,soil chemistry mineralogy sorption cation exchange redox speciation clay minerals salinity sodicity,metadata_screened,pending,pending,pending,pending,,,,,
D3,10.1111/ejss.13041,Clay mineralogical composition and chemical properties of Haplic Luvisol developed on loess in the protected landscape area Litovelské Pomoraví,European Journal of Soil Science,Ľubica Pospíšilová,soil chemistry mineralogy sorption cation exchange redox speciation clay minerals salinity sodicity,metadata_screened,pending,pending,pending,pending,,,,,
D3,10.2136/sssaj2011.0104,Investigating Ethofumesate-Clay Interactions for Pesticide Controlled Release,Soil Science Society of America Journal,Anne Chevillard,soil chemistry mineralogy sorption cation exchange redox speciation clay minerals salinity sodicity,metadata_screened,pending,pending,pending,pending,,,,,
D3,10.1016/j.geoderma.2006.04.014,Estimating specific surface area and cation exchange capacity in soils using fractal dimension of particle-size distribution,Geoderma,S. Ersahin,soil chemistry mineralogy sorption cation exchange redox speciation clay minerals salinity sodicity,metadata_screened,pending,pending,pending,pending,,,,,
D3,10.2136/sssaj2002.4740,Evaluation of numerical techniques applied to soil solution speciation including cation exchange,Soil Science Society of America Journal,Peter J. Vaughan,soil chemistry mineralogy sorption cation exchange redox speciation clay minerals salinity sodicity,metadata_screened,pending,pending,pending,pending,,,,,
D3,10.2136/sssaj2007.0197,"Soil Mineralogy of Mangrove Forests from the State of São Paulo, Southeastern Brazil",Soil Science Society of America Journal,V. S. Souza-Júnior,soil chemistry mineralogy sorption cation exchange redox speciation clay minerals salinity sodicity,metadata_screened,pending,pending,pending,pending,,,,,
D3,10.2136/sssaj2018.03.0100,A Vis‐NIR Spectral Library to Predict Clay in Australian Cotton Growing Soil,Soil Science Society of America Journal,Dongxue Zhao,soil chemistry mineralogy sorption cation exchange redox speciation clay minerals salinity sodicity,metadata_screened,pending,pending,pending,pending,,,,,
D3,10.1111/j.1365-2389.2009.01135.x,Effect of redox conditions on phosphate exchangeability and iron forms in a soil amended with ferrous iron,European Journal of Soil Science,M. Schärer,soil chemistry mineralogy sorption cation exchange redox speciation clay minerals salinity sodicity,metadata_screened,pending,pending,pending,pending,,,,,
D3,10.2136/sssaj2015.07.0282,Lime Requirement Using Mehlich-III Extraction and Infrared-Inferred Cation Exchange Capacity,Soil Science Society of America Journal,Michaël A. Leblanc,soil chemistry mineralogy sorption cation exchange redox speciation clay minerals salinity sodicity,metadata_screened,pending,pending,pending,pending,,,,,
D3,10.1111/j.1365-2389.2012.01435.x,The influence of vegetation and soil type on the speciation of iron in soil water,European Journal of Soil Science,S. C. Löhr,soil chemistry mineralogy sorption cation exchange redox speciation clay minerals salinity sodicity,metadata_screened,pending,pending,pending,pending,,,,,
D3,10.1016/j.geoderma.2016.04.019,Using legacy data for correction of soil surface clay content predicted from VNIR/SWIR hyperspectral airborne images,Geoderma,C. Gomez,soil chemistry mineralogy sorption cation exchange redox speciation clay minerals salinity sodicity,metadata_screened,pending,pending,pending,pending,,,,,
D3,10.1111/ejss.12956,"Denitrification rates in tidal marsh soils: The roles of soil texture, salinity and nitrogen enrichment",European Journal of Soil Science,Minjie Hu,soil chemistry mineralogy sorption cation exchange redox speciation clay minerals salinity sodicity,metadata_screened,pending,pending,pending,pending,,,,,
D3,10.1111/ejss.12298,Multi‐element stable isotopic dilution and multi‐surface modelling to assess the speciation and reactivity of cadmium and copper in soil,European Journal of Soil Science,Z. L. Ren,soil chemistry mineralogy sorption cation exchange redox speciation clay minerals salinity sodicity,metadata_screened,pending,pending,pending,pending,,,,,
D4,10.1016/j.soilbio.2018.07.006,Plant rhizosphere oxidation reduces methane production and emission in rewetted peatlands,Soil Biology and Biochemistry,Svenja Agethen,soil fertility plant nutrition fertilizer rhizosphere nutrient use efficiency phosphorus nitrogen,metadata_screened,pending,pending,pending,pending,,,,,
D4,10.1016/j.geoderma.2023.116381,Topography modulates effects of nitrogen deposition on soil nitrogen transformations by impacting soil properties in a subtropical forest,Geoderma,Xinyi Yang,soil fertility plant nutrition fertilizer rhizosphere nutrient use efficiency phosphorus nitrogen,metadata_screened,pending,pending,pending,pending,,,,,
D4,10.1016/j.fcr.2017.08.022,"Fall nitrogen application increases seed yield, forage yield and nitrogen use efficiency more than spring nitrogen application in Leymus chinensis , a perennial grass",Field Crops Research,Yujie Shi,soil fertility plant nutrition fertilizer rhizosphere nutrient use efficiency phosphorus nitrogen,metadata_screened,pending,pending,pending,pending,,,,,
D4,10.1016/j.fcr.2015.11.001,"Growth, yield and nitrogen use efficiency of dry-seeded rice as influenced by nitrogen and seed rates in Bangladesh",Field Crops Research,Sharif Ahmed,soil fertility plant nutrition fertilizer rhizosphere nutrient use efficiency phosphorus nitrogen,metadata_screened,pending,pending,pending,pending,,,,,
D4,10.1016/j.fcr.2016.07.018,Fertilizer placement to improve crop nutrient acquisition and yield: A review and meta-analysis,Field Crops Research,Peteh Mehdi Nkebiwe,soil fertility plant nutrition fertilizer rhizosphere nutrient use efficiency phosphorus nitrogen,metadata_screened,pending,pending,pending,pending,,,,,
D4,10.1016/j.soilbio.2004.10.011,Nitrogen transfer between high- and low-quality leaves on a nutrient-poor Oxisol determined by N enrichment,Soil Biology and Biochemistry,C SCHWENDENER,soil fertility plant nutrition fertilizer rhizosphere nutrient use efficiency phosphorus nitrogen,metadata_screened,pending,pending,pending,pending,,,,,
D4,10.1016/j.soilbio.2007.08.004,Do plant species with different growth strategies vary in their ability to compete with soil microbes for chemical forms of nitrogen?,Soil Biology and Biochemistry,Kathryn A. Harrison,soil fertility plant nutrition fertilizer rhizosphere nutrient use efficiency phosphorus nitrogen,metadata_screened,pending,pending,pending,pending,,,,,
D4,10.1016/s0038-0717(01)00033-5,Plant phenology and soil fertility effects on below-ground carbon allocation for an annual (Bromus madritensis) and a perennial (Bromus erectus) grass species,Soil Biology and Biochemistry,F.R Warembourg,soil fertility plant nutrition fertilizer rhizosphere nutrient use efficiency phosphorus nitrogen,metadata_screened,pending,pending,pending,pending,,,,,
D4,10.1007/s11104-021-05170-x,Taxonomical and functional bacterial community selection in the rhizosphere of the rice genotypes with different nitrogen use efficiencies,Plant and Soil,Wei Chen,soil fertility plant nutrition fertilizer rhizosphere nutrient use efficiency phosphorus nitrogen,metadata_screened,pending,pending,pending,pending,,,,,
D4,10.1016/j.eja.2016.08.002,Dynamic change of mineral nutrient content in different plant organs during the grain filling stage in maize grown under contrasting nitrogen supply,European Journal of Agronomy,Qinwu Chen,soil fertility plant nutrition fertilizer rhizosphere nutrient use efficiency phosphorus nitrogen,metadata_screened,pending,pending,pending,pending,,,,,
D4,10.1016/j.fcr.2013.04.004,"Integrated nutrient, water and other agronomic options to enhance rice grain yield and N use efficiency in double-season rice crop",Field Crops Research,Jianquan Qin,soil fertility plant nutrition fertilizer rhizosphere nutrient use efficiency phosphorus nitrogen,metadata_screened,pending,pending,pending,pending,,,,,
D4,10.1016/j.eja.2019.125973,Co-limitation and stoichiometry capture the interacting effects of nitrogen and sulfur on maize yield and nutrient use efficiency,European Journal of Agronomy,Walter D. Carciochi,soil fertility plant nutrition fertilizer rhizosphere nutrient use efficiency phosphorus nitrogen,metadata_screened,pending,pending,pending,pending,,,,,
D4,10.1016/s0378-4290(01)00171-x,"Cultivar, nitrogen, and water effects on productivity, and nitrogen-use efficiency and balance for rice–wheat sequences of Bangladesh",Field Crops Research,J Timsina,soil fertility plant nutrition fertilizer rhizosphere nutrient use efficiency phosphorus nitrogen,metadata_screened,pending,pending,pending,pending,,,,,
D4,10.1016/j.soilbio.2004.09.016,The mycorrhizal fungus Glomus intraradices and rock phosphate amendment influence plant growth and microbial activity in the rhizosphere of Acacia holosericea,Soil Biology and Biochemistry,Robin Duponnois,soil fertility plant nutrition fertilizer rhizosphere nutrient use efficiency phosphorus nitrogen,metadata_screened,pending,pending,pending,pending,,,,,
D4,10.1016/j.fcr.2023.109210,Enhancing nitrogen use efficiency and plant productivity in long-term precrop/crop rotation and fertilization management,Field Crops Research,Yavar Vaziritabar,soil fertility plant nutrition fertilizer rhizosphere nutrient use efficiency phosphorus nitrogen,metadata_screened,pending,pending,pending,pending,,,,,
D4,10.1016/j.soilbio.2010.05.020,Long-term organic phosphorus mineralization in Spodosols under forests and its relation to carbon and nitrogen mineralization,Soil Biology and Biochemistry,David L. Achat,soil fertility plant nutrition fertilizer rhizosphere nutrient use efficiency phosphorus nitrogen,metadata_screened,pending,pending,pending,pending,,,,,
D4,10.1016/j.geoderma.2012.04.016,Phosphorus forms and related soil chemistry in preferential flowpaths and the soil matrix of a forested podzolic till soil profile,Geoderma,Soile Backnäs,soil fertility plant nutrition fertilizer rhizosphere nutrient use efficiency phosphorus nitrogen,metadata_screened,pending,pending,pending,pending,,,,,
D4,10.1016/s1161-0301(00)00087-3,Effect of composting on nutrient loss and nitrogen availability of cattle deep litter,European Journal of Agronomy,S.G Sommer,soil fertility plant nutrition fertilizer rhizosphere nutrient use efficiency phosphorus nitrogen,metadata_screened,pending,pending,pending,pending,,,,,
D4,10.1016/j.soilbio.2021.108497,Co-localised phosphorus mobilization processes in the rhizosphere of field-grown maize jointly contribute to plant nutrition,Soil Biology and Biochemistry,Nataliya Bilyera,soil fertility plant nutrition fertilizer rhizosphere nutrient use efficiency phosphorus nitrogen,metadata_screened,pending,pending,pending,pending,,,,,
D4,10.1016/s0378-4290(00)00149-0,"Effect of nitrogen supply on crop conductance, water- and radiation-use efficiency of wheat",Field Crops Research,O.P Caviglia,soil fertility plant nutrition fertilizer rhizosphere nutrient use efficiency phosphorus nitrogen,metadata_screened,pending,pending,pending,pending,,,,,
D4,10.1016/j.eja.2022.126681,Optimizing nitrogen rates for synergistically achieving high yield and high nitrogen use efficiency with low environmental risks in wheat production – Evidences from a long-term experiment in the North China Plain,European Journal of Agronomy,Suya Hu,soil fertility plant nutrition fertilizer rhizosphere nutrient use efficiency phosphorus nitrogen,metadata_screened,pending,pending,pending,pending,,,,,
D4,10.1016/j.eja.2017.03.006,White clover living mulch reduces the need for phosphorus fertilizer application to corn,European Journal of Agronomy,Shin Deguchi,soil fertility plant nutrition fertilizer rhizosphere nutrient use efficiency phosphorus nitrogen,metadata_screened,pending,pending,pending,pending,,,,,
D4,10.1016/j.geoderma.2011.12.015,Aluminium fractionation and speciation in bulk and rhizosphere of a grass soil amended with mussel shells or lime,Geoderma,E. Álvarez,soil fertility plant nutrition fertilizer rhizosphere nutrient use efficiency phosphorus nitrogen,metadata_screened,pending,pending,pending,pending,,,,,
D4,10.1016/j.fcr.2016.11.008,"Nitrogen fertilizer sources and tillage effects on cotton growth, yield, and fiber quality in a coastal plain soil",Field Crops Research,Dexter B. Watts,soil fertility plant nutrition fertilizer rhizosphere nutrient use efficiency phosphorus nitrogen,metadata_screened,pending,pending,pending,pending,,,,,
D4,10.1016/j.fcr.2015.10.014,Lysimeter study of nitrogen losses and nitrogen use efficiency of Northern Chinese wheat,Field Crops Research,Limin Gu,soil fertility plant nutrition fertilizer rhizosphere nutrient use efficiency phosphorus nitrogen,metadata_screened,pending,pending,pending,pending,,,,,
D4,10.1007/s11104-022-05347-y,Carbon efficiency for nutrient acquisition (CENA) by plants: role of nutrient availability and microbial symbionts,Plant and Soil,Ruzhen Wang,soil fertility plant nutrition fertilizer rhizosphere nutrient use efficiency phosphorus nitrogen,metadata_screened,pending,pending,pending,pending,,,,,
D4,10.1016/j.fcr.2021.108403,"Conservation agriculture practices drive maize yield by regulating soil nutrient availability, arbuscular mycorrhizas, and plant nutrient uptake",Field Crops Research,Blessing Mhlanga,soil fertility plant nutrition fertilizer rhizosphere nutrient use efficiency phosphorus nitrogen,metadata_screened,pending,pending,pending,pending,,,,,
D4,10.1016/j.eja.2015.03.003,Strategies to optimize nitrogen efficiency when fertilizing with pig slurries in dryland agricultural systems,European Journal of Agronomy,A.D. Bosch-Serra,soil fertility plant nutrition fertilizer rhizosphere nutrient use efficiency phosphorus nitrogen,metadata_screened,pending,pending,pending,pending,,,,,
D4,10.1023/a:1026497104077,Response of tomato plants to chilling stress in association with nutrient or phosphorus starvation,Plant and Soil,Z. Starck,soil fertility plant nutrition fertilizer rhizosphere nutrient use efficiency phosphorus nitrogen,metadata_screened,pending,pending,pending,pending,,,,,
D4,10.1016/j.geoderma.2016.12.015,Himalayan treeline soil and foliar C:N:P stoichiometry indicate nutrient shortage with elevation,Geoderma,Michael Müller,soil fertility plant nutrition fertilizer rhizosphere nutrient use efficiency phosphorus nitrogen,metadata_screened,pending,pending,pending,pending,,,,,
D4,10.1016/j.geoderma.2017.12.003,"Phosphorus stocks and speciation in soil profiles of a long-term fertilizer experiment: Evidence from sequential fractionation, P K-edge XANES, and 31P NMR spectroscopy",Geoderma,Maximilian Koch,soil fertility plant nutrition fertilizer rhizosphere nutrient use efficiency phosphorus nitrogen,metadata_screened,pending,pending,pending,pending,,,,,
D4,10.1016/j.fcr.2015.04.022,Hill placement of manure and fertilizer micro-dosing improves yield and water use efficiency in the Sahelian low input millet-based cropping system,Field Crops Research,Ali Ibrahim,soil fertility plant nutrition fertilizer rhizosphere nutrient use efficiency phosphorus nitrogen,metadata_screened,pending,pending,pending,pending,,,,,
D4,10.1007/s11104-006-0020-5,Nitrogen Utilization Efficiency in Canola Cultivars at Grain Harvest,Plant and Soil,Zlatko Svečnjak,soil fertility plant nutrition fertilizer rhizosphere nutrient use efficiency phosphorus nitrogen,metadata_screened,pending,pending,pending,pending,,,,,
D4,10.1016/j.geoderma.2017.05.048,Mapping stocks of soil organic carbon and soil total nitrogen in Liaoning Province of China,Geoderma,Shuai Wang,soil fertility plant nutrition fertilizer rhizosphere nutrient use efficiency phosphorus nitrogen,metadata_screened,pending,pending,pending,pending,,,,,
D4,10.1016/j.eja.2006.07.002,Crops use-efficiency of nitrogen from manures permitted in organic farming,European Journal of Agronomy,M.A. Rodrigues,soil fertility plant nutrition fertilizer rhizosphere nutrient use efficiency phosphorus nitrogen,metadata_screened,pending,pending,pending,pending,,,,,
D4,10.1016/j.fcr.2017.09.034,"Progressive integrative crop managements increase grain yield, nitrogen use efficiency and irrigation water productivity in rice",Field Crops Research,Hao Zhang,soil fertility plant nutrition fertilizer rhizosphere nutrient use efficiency phosphorus nitrogen,metadata_screened,pending,pending,pending,pending,,,,,
D4,10.1007/s11104-010-0599-4,Assessment of nutrient use in annual and perennial crops: A functional concept for analyzing nitrogen use efficiency,Plant and Soil,Martin Weih,soil fertility plant nutrition fertilizer rhizosphere nutrient use efficiency phosphorus nitrogen,metadata_screened,pending,pending,pending,pending,,,,,
D4,10.1016/j.fcr.2017.03.011,"Yield, phosphorus use efficiency and balance response to substituting long-term chemical fertilizer use with organic manure in a wheat-maize system",Field Crops Research,Xiuli Xin,soil fertility plant nutrition fertilizer rhizosphere nutrient use efficiency phosphorus nitrogen,metadata_screened,pending,pending,pending,pending,,,,,
D4,10.1016/s1161-0301(00)00077-0,Soil–plant–animal relations in nutrient cycling: the case of dairy farming system ‘De Marke’,European Journal of Agronomy,H. van Keulen,soil fertility plant nutrition fertilizer rhizosphere nutrient use efficiency phosphorus nitrogen,metadata_screened,pending,pending,pending,pending,,,,,
D4,10.1016/j.soilbio.2011.11.015,Intercropping promotes the ability of durum wheat and chickpea to increase rhizosphere phosphorus availability in a low P soil,Soil Biology and Biochemistry,Elodie Betencourt,soil fertility plant nutrition fertilizer rhizosphere nutrient use efficiency phosphorus nitrogen,metadata_screened,pending,pending,pending,pending,,,,,
D4,10.1007/s11104-009-0266-9,Release of plant-borne flavonoids into the rhizosphere and their role in plant nutrition,Plant and Soil,Stefano Cesco,soil fertility plant nutrition fertilizer rhizosphere nutrient use efficiency phosphorus nitrogen,metadata_screened,pending,pending,pending,pending,,,,,
D4,10.1016/j.geoderma.2004.06.008,"Sewage sludge effects on gas fluxes at the soil–atmosphere interface, on soil δ13C and on total soil carbon and nitrogen",Geoderma,Silvana Aparecida Pavan Fernandes,soil fertility plant nutrition fertilizer rhizosphere nutrient use efficiency phosphorus nitrogen,metadata_screened,pending,pending,pending,pending,,,,,
D4,10.1016/j.eja.2008.05.007,Estimating the nitrogen nutrition index using spectral canopy reflectance measurements,European Journal of Agronomy,Bodo Mistele,soil fertility plant nutrition fertilizer rhizosphere nutrient use efficiency phosphorus nitrogen,metadata_screened,pending,pending,pending,pending,,,,,
D4,10.1007/s11104-005-0866-y,Upscaling from Rhizosphere to Whole Root System: Modelling the Effects of Phospholipid Surfactants on Water and Nutrient Uptake,Plant and Soil,Vanessa M. Dunbabin,soil fertility plant nutrition fertilizer rhizosphere nutrient use efficiency phosphorus nitrogen,metadata_screened,pending,pending,pending,pending,,,,,
D4,10.1016/j.fcr.2016.07.009,Limited-irrigation improves water use efficiency and soil reservoir capacity through regulating root and canopy growth of winter wheat,Field Crops Research,Cailong Xu,soil fertility plant nutrition fertilizer rhizosphere nutrient use efficiency phosphorus nitrogen,metadata_screened,pending,pending,pending,pending,,,,,
D4,10.1016/j.eja.2015.02.009,Do soil organic carbon levels affect potential yields and nitrogen use efficiency? An analysis of winter wheat and spring barley field trials,European Journal of Agronomy,Myles Oelofse,soil fertility plant nutrition fertilizer rhizosphere nutrient use efficiency phosphorus nitrogen,metadata_screened,pending,pending,pending,pending,,,,,
D4,10.1016/j.fcr.2020.107740,Changes in stay-green and nitrogen use efficiency traits in historical set of winter barley cultivars,Field Crops Research,Milan Mirosavljević,soil fertility plant nutrition fertilizer rhizosphere nutrient use efficiency phosphorus nitrogen,metadata_screened,pending,pending,pending,pending,,,,,
D4,10.1016/j.geoderma.2011.07.020,Responses of extracellular enzyme activities and microbial community in both the rhizosphere and bulk soil to long-term fertilization practices in a fluvo-aquic soil,Geoderma,Chao Ai,soil fertility plant nutrition fertilizer rhizosphere nutrient use efficiency phosphorus nitrogen,metadata_screened,pending,pending,pending,pending,,,,,
D4,10.1016/j.soilbio.2007.11.020,Decoupling plant-growth from land-use legacies in soil microbial communities,Soil Biology and Biochemistry,Andrew Kulmatiski,soil fertility plant nutrition fertilizer rhizosphere nutrient use efficiency phosphorus nitrogen,metadata_screened,pending,pending,pending,pending,,,,,
D4,10.1016/j.soilbio.2015.11.012,Plant diversity generates enhanced soil microbial access to recently photosynthesized carbon in the rhizosphere,Soil Biology and Biochemistry,Perla Griselle Mellado-Vázquez,soil fertility plant nutrition fertilizer rhizosphere nutrient use efficiency phosphorus nitrogen,metadata_screened,pending,pending,pending,pending,,,,,
D4,10.1016/j.eja.2023.126878,Effects of winter cover crops from different functional groups on soil-plant nitrogen dynamics and silage maize yield,European Journal of Agronomy,Insa Kühling,soil fertility plant nutrition fertilizer rhizosphere nutrient use efficiency phosphorus nitrogen,metadata_screened,pending,pending,pending,pending,,,,,
D4,10.1016/j.fcr.2005.08.009,Radiation-use efficiency of modern and old spring cereal cultivars and its response to nitrogen in northern growing conditions,Field Crops Research,S. Muurinen,soil fertility plant nutrition fertilizer rhizosphere nutrient use efficiency phosphorus nitrogen,metadata_screened,pending,pending,pending,pending,,,,,
D4,10.1016/j.fcr.2018.01.008,Soil test phosphorus as affected by phosphorus budgets in two long-term field experiments in Germany,Field Crops Research,Theresa Zicker,soil fertility plant nutrition fertilizer rhizosphere nutrient use efficiency phosphorus nitrogen,metadata_screened,pending,pending,pending,pending,,,,,
D4,10.1016/j.soilbio.2020.107705,Rhizodeposition mediates the effect of nitrogen and phosphorous availability on microbial carbon use efficiency and turnover rate,Soil Biology and Biochemistry,Bahareh Bicharanloo,soil fertility plant nutrition fertilizer rhizosphere nutrient use efficiency phosphorus nitrogen,metadata_screened,pending,pending,pending,pending,,,,,
D4,10.1016/j.eja.2016.01.001,Nitrogen use efficiency of cotton (Gossypium hirsutum L.) as influenced by wheat–cotton cropping systems,European Journal of Agronomy,Xiangbei Du,soil fertility plant nutrition fertilizer rhizosphere nutrient use efficiency phosphorus nitrogen,metadata_screened,pending,pending,pending,pending,,,,,
D4,10.1016/j.soilbio.2007.09.018,Influence of disturbance and nitrogen addition on plant and soil animal diversity in grassland,Soil Biology and Biochemistry,L. Cole,soil fertility plant nutrition fertilizer rhizosphere nutrient use efficiency phosphorus nitrogen,metadata_screened,pending,pending,pending,pending,,,,,
D4,10.1016/j.fcr.2013.12.012,Nitrogen use efficiency in a wheat–corn cropping system from 15 years of manure and fertilizer applications,Field Crops Research,Yinghua Duan,soil fertility plant nutrition fertilizer rhizosphere nutrient use efficiency phosphorus nitrogen,metadata_screened,pending,pending,pending,pending,,,,,
D4,10.1016/j.soilbio.2017.04.018,Nitrogen fertilization decreases the decomposition of soil organic matter and plant residues in planted soils,Soil Biology and Biochemistry,Xiao Gang Li,soil fertility plant nutrition fertilizer rhizosphere nutrient use efficiency phosphorus nitrogen,metadata_screened,pending,pending,pending,pending,,,,,
D4,10.1016/j.soilbio.2011.01.005,Rhizosphere interactions between microorganisms and plants govern iron and phosphorus acquisition along the root axis – model and research methods,Soil Biology and Biochemistry,Petra Marschner,soil fertility plant nutrition fertilizer rhizosphere nutrient use efficiency phosphorus nitrogen,metadata_screened,pending,pending,pending,pending,,,,,
D4,10.1016/j.geoderma.2023.116416,Phosphorus limitation reduces microbial nitrogen use efficiency by increasing extracellular enzyme investments,Geoderma,Lifei Sun,soil fertility plant nutrition fertilizer rhizosphere nutrient use efficiency phosphorus nitrogen,metadata_screened,pending,pending,pending,pending,,,,,
D4,10.1016/j.soilbio.2018.10.006,Growth explains microbial carbon use efficiency across soils differing in land use and geology,Soil Biology and Biochemistry,Qing Zheng,soil fertility plant nutrition fertilizer rhizosphere nutrient use efficiency phosphorus nitrogen,metadata_screened,pending,pending,pending,pending,,,,,
D4,10.1016/j.soilbio.2008.02.013,Multifaceted beneficial effects of rhizosphere microorganisms on plant health and productivity,Soil Biology and Biochemistry,Tyler J. Avis,soil fertility plant nutrition fertilizer rhizosphere nutrient use efficiency phosphorus nitrogen,metadata_screened,pending,pending,pending,pending,,,,,
D4,10.1016/j.soilbio.2019.04.003,"Carbon and phosphorus addition effects on microbial carbon use efficiency, soil organic matter priming, gross nitrogen mineralization and nitrous oxide emission from soil",Soil Biology and Biochemistry,Kazi R. Mehnaz,soil fertility plant nutrition fertilizer rhizosphere nutrient use efficiency phosphorus nitrogen,metadata_screened,pending,pending,pending,pending,,,,,
D4,10.1016/j.soilbio.2005.03.009,Organic acid behaviour in a calcareous soil implications for rhizosphere nutrient cycling,Soil Biology and Biochemistry,Lena Ström,soil fertility plant nutrition fertilizer rhizosphere nutrient use efficiency phosphorus nitrogen,metadata_screened,pending,pending,pending,pending,,,,,
D4,10.1023/a:1022983830986,"Efficiency of soil and fertilizer nitrogen of a sod–potato system in the humid, acid and cool environment",Plant and Soil,Hong Li,soil fertility plant nutrition fertilizer rhizosphere nutrient use efficiency phosphorus nitrogen,metadata_screened,pending,pending,pending,pending,,,,,
D4,10.1016/j.fcr.2003.08.013,"Crop yields, soil fertility and phosphorus fractions in response to long-term fertilization under the rice monoculture system on a calcareous soil",Field Crops Research,J Shen,soil fertility plant nutrition fertilizer rhizosphere nutrient use efficiency phosphorus nitrogen,metadata_screened,pending,pending,pending,pending,,,,,
D4,10.1016/j.geoderma.2021.115672,An invasive and native plant differ in their effects on the soil food-web and plant-soil phosphorus cycle,Geoderma,Feng Sun,soil fertility plant nutrition fertilizer rhizosphere nutrient use efficiency phosphorus nitrogen,metadata_screened,pending,pending,pending,pending,,,,,
D4,10.1016/j.soilbio.2010.11.022,Microbial processes and community composition in the rhizosphere of European beech – The influence of plant C exudates,Soil Biology and Biochemistry,Marianne Koranda,soil fertility plant nutrition fertilizer rhizosphere nutrient use efficiency phosphorus nitrogen,metadata_screened,pending,pending,pending,pending,,,,,
D4,10.1016/j.soilbio.2015.01.011,"Effects of long-term litter manipulation on soil carbon, nitrogen, and phosphorus in a temperate deciduous forest",Soil Biology and Biochemistry,Wenjuan Huang,soil fertility plant nutrition fertilizer rhizosphere nutrient use efficiency phosphorus nitrogen,metadata_screened,pending,pending,pending,pending,,,,,
D4,10.1016/j.eja.2016.01.008,Impacts of long-term jujube tree/winter wheat–summer maize intercropping on soil fertility and economic efficiency—A case study in the lower North China Plain,European Journal of Agronomy,Lilin Yang,soil fertility plant nutrition fertilizer rhizosphere nutrient use efficiency phosphorus nitrogen,metadata_screened,pending,pending,pending,pending,,,,,
D4,10.1007/s11104-010-0644-3,Nitrogen and phosphorus retranslocation and N:P ratios of litterfall in three tropical plantations: luxurious N and efficient P use by Acacia mangium,Plant and Soil,Masahiro Inagaki,soil fertility plant nutrition fertilizer rhizosphere nutrient use efficiency phosphorus nitrogen,metadata_screened,pending,pending,pending,pending,,,,,
D4,10.1016/j.fcr.2025.109737,Layered nitrogen fertilization regulates root morphology to promote synergistic nitrogen and phosphorus absorption in maize (Zea mays L.),Field Crops Research,Changhong Liu,soil fertility plant nutrition fertilizer rhizosphere nutrient use efficiency phosphorus nitrogen,metadata_screened,pending,pending,pending,pending,,,,,
D4,10.1016/j.fcr.2023.109244,"Effects of arbuscular mycorrhizal fungi on uptake, partitioning and use efficiency of nitrogen in wheat",Field Crops Research,Jiawen Xue,soil fertility plant nutrition fertilizer rhizosphere nutrient use efficiency phosphorus nitrogen,metadata_screened,pending,pending,pending,pending,,,,,
D4,10.1016/j.fcr.2019.03.006,"Interactive effects of nitrogen and potassium on: Grain yield, nitrogen uptake and nitrogen use efficiency of rice in low potassium fertility soil in China",Field Crops Research,Wenfeng Hou,soil fertility plant nutrition fertilizer rhizosphere nutrient use efficiency phosphorus nitrogen,metadata_screened,pending,pending,pending,pending,,,,,
D4,10.1016/j.eja.2022.126513,Simultaneously improving yield and nitrogen use efficiency in a double rice cropping system in China,European Journal of Agronomy,Zhuo Xu,soil fertility plant nutrition fertilizer rhizosphere nutrient use efficiency phosphorus nitrogen,metadata_screened,pending,pending,pending,pending,,,,,
D4,10.1007/s11104-007-9197-5,Heterogeneous distribution of phosphorus and potassium in soil influences wheat growth and nutrient uptake,Plant and Soil,Qifu Ma,soil fertility plant nutrition fertilizer rhizosphere nutrient use efficiency phosphorus nitrogen,metadata_screened,pending,pending,pending,pending,,,,,
D4,10.1016/j.soilbio.2020.107802,Evaluation of the 18O-H2O incubation method for measurement of soil microbial carbon use efficiency,Soil Biology and Biochemistry,Lingrui Qu,soil fertility plant nutrition fertilizer rhizosphere nutrient use efficiency phosphorus nitrogen,metadata_screened,pending,pending,pending,pending,,,,,
D4,10.1007/s11104-016-3142-4,Regulation of dauciform root formation and root phosphatase activities of sedges (Carex) by nitrogen and phosphorus,Plant and Soil,Sabine Güsewell,soil fertility plant nutrition fertilizer rhizosphere nutrient use efficiency phosphorus nitrogen,metadata_screened,pending,pending,pending,pending,,,,,
D4,10.1016/j.geoderma.2022.115743,"Soil respiration, aggregate stability and nutrient availability affected by drying duration and drying-rewetting frequency",Geoderma,Zezhou Zhang,soil fertility plant nutrition fertilizer rhizosphere nutrient use efficiency phosphorus nitrogen,metadata_screened,pending,pending,pending,pending,,,,,
D4,10.1016/j.soilbio.2023.109158,Nitrogen availability mediates soil organic carbon cycling in response to phosphorus supply: A global meta-analysis,Soil Biology and Biochemistry,Xianzhen Luo,soil fertility plant nutrition fertilizer rhizosphere nutrient use efficiency phosphorus nitrogen,metadata_screened,pending,pending,pending,pending,,,,,
D4,10.1016/j.eja.2020.126045,Nitrogen and sulfur interaction on nutrient use efficiencies and diagnostic tools in maize,European Journal of Agronomy,Walter D. Carciochi,soil fertility plant nutrition fertilizer rhizosphere nutrient use efficiency phosphorus nitrogen,metadata_screened,pending,pending,pending,pending,,,,,
D4,10.1016/j.eja.2011.11.004,"Crop yield, root growth, and nutrient dynamics in a conventional and three organic cropping systems with different levels of external inputs and N re-cycling through fertility building crops",European Journal of Agronomy,Kristian Thorup-Kristensen,soil fertility plant nutrition fertilizer rhizosphere nutrient use efficiency phosphorus nitrogen,metadata_screened,pending,pending,pending,pending,,,,,
D4,10.1023/a:1026257508033,Measured and modelled differences in nutrient concentrations between rhizosphere and bulk soil in a Norway spruce stand,Plant and Soil,Ruth D. Yanai,soil fertility plant nutrition fertilizer rhizosphere nutrient use efficiency phosphorus nitrogen,metadata_screened,pending,pending,pending,pending,,,,,
D4,10.1016/j.eja.2022.126535,"Crop residue decomposition and nutrient release are independently affected by nitrogen fertilization, plastic film mulching, and residue type",European Journal of Agronomy,Dechang Ji,soil fertility plant nutrition fertilizer rhizosphere nutrient use efficiency phosphorus nitrogen,metadata_screened,pending,pending,pending,pending,,,,,
D4,10.1016/j.soilbio.2023.109144,Linking plant traits to rhizosphere priming effects across six grassland species with and without nitrogen fertilization,Soil Biology and Biochemistry,Jiayu Lu,soil fertility plant nutrition fertilizer rhizosphere nutrient use efficiency phosphorus nitrogen,metadata_screened,pending,pending,pending,pending,,,,,
D4,10.1016/j.fcr.2004.09.011,"Diversification of rice with pigeonpea in a rice–wheat cropping system on a Typic Ustochrept: effect on soil fertility, yield and nutrient use efficiency",Field Crops Research,V.K. Singh,soil fertility plant nutrition fertilizer rhizosphere nutrient use efficiency phosphorus nitrogen,metadata_screened,pending,pending,pending,pending,,,,,
D4,10.1016/j.fcr.2022.108614,Improved crop yield and phosphorus uptake through the optimization of phosphorus fertilizer rates in an oilseed rape-rice cropping system,Field Crops Research,Jinyao Yan,soil fertility plant nutrition fertilizer rhizosphere nutrient use efficiency phosphorus nitrogen,metadata_screened,pending,pending,pending,pending,,,,,
D4,10.1016/j.fcr.2015.01.001,Improvements in nutrient uptake and nutrient use-efficiency in cotton cultivars released between 1973 and 2006,Field Crops Research,I.J. Rochester,soil fertility plant nutrition fertilizer rhizosphere nutrient use efficiency phosphorus nitrogen,metadata_screened,pending,pending,pending,pending,,,,,
D4,10.1016/j.fcr.2004.06.005,Simulation of soil drying induced phosphorus deficiency and phosphorus mobilization as determinants of maize growth near tree lines on a Ferralsol,Field Crops Research,Simone Radersma,soil fertility plant nutrition fertilizer rhizosphere nutrient use efficiency phosphorus nitrogen,metadata_screened,pending,pending,pending,pending,,,,,
D4,10.1007/s11104-014-2173-y,Photoassimilated carbon allocation in a wheat plant-soil system as affected by soil fertility and land-use history,Plant and Soil,Saikat Chowdhury,soil fertility plant nutrition fertilizer rhizosphere nutrient use efficiency phosphorus nitrogen,metadata_screened,pending,pending,pending,pending,,,,,
D4,10.1016/j.fcr.2021.108343,Can controlled-release urea replace the split application of normal urea in China? A meta-analysis based on crop grain yield and nitrogen use efficiency,Field Crops Research,Guangxin Zhang,soil fertility plant nutrition fertilizer rhizosphere nutrient use efficiency phosphorus nitrogen,metadata_screened,pending,pending,pending,pending,,,,,
D4,10.1016/j.soilbio.2025.109737,"Organic cropping systems alter metabolic potential and carbon, nitrogen and phosphorus cycling capacity of soil microbial communities",Soil Biology and Biochemistry,Hans-Martin Krause,soil fertility plant nutrition fertilizer rhizosphere nutrient use efficiency phosphorus nitrogen,metadata_screened,pending,pending,pending,pending,,,,,
D4,10.1016/j.geoderma.2020.114907,Changes in soil nematodes in rhizosphere and non-rhizosphere soils following combined elevated [CO2] and canopy warming in a winter wheat field,Geoderma,Jianqing Wang,soil fertility plant nutrition fertilizer rhizosphere nutrient use efficiency phosphorus nitrogen,metadata_screened,pending,pending,pending,pending,,,,,
D4,10.1007/s11104-012-1137-3,Nitrogen fixation in annual and perennial legume-grass mixtures across a fertility gradient,Plant and Soil,Meagan E. Schipanski,soil fertility plant nutrition fertilizer rhizosphere nutrient use efficiency phosphorus nitrogen,metadata_screened,pending,pending,pending,pending,,,,,
D4,10.1007/s11104-015-2547-9,Cluster roots of Embothrium coccineum (Proteaceae) affect enzyme activities and phosphorus lability in rhizosphere soil,Plant and Soil,M. Delgado,soil fertility plant nutrition fertilizer rhizosphere nutrient use efficiency phosphorus nitrogen,metadata_screened,pending,pending,pending,pending,,,,,
D4,10.1016/j.fcr.2024.109607,Nitrogen input strategies impact fertilizer nitrogen saving by intercropping: A global meta-analysis,Field Crops Research,Yalin Liu,soil fertility plant nutrition fertilizer rhizosphere nutrient use efficiency phosphorus nitrogen,metadata_screened,pending,pending,pending,pending,,,,,
D4,10.1007/s11104-018-3601-1,The effects of elevated CO2 and nitrogen availability on rhizosphere priming of soil organic matter under wheat and white lupin,Plant and Soil,Qiao Xu,soil fertility plant nutrition fertilizer rhizosphere nutrient use efficiency phosphorus nitrogen,metadata_screened,pending,pending,pending,pending,,,,,
D4,10.1016/j.geoderma.2006.03.027,Colloid-mediated vertical phosphorus transport in a waste-amended soil,Geoderma,K.C. Makris,soil fertility plant nutrition fertilizer rhizosphere nutrient use efficiency phosphorus nitrogen,metadata_screened,pending,pending,pending,pending,,,,,
D4,10.1007/s11104-018-3762-y,Effect of different biochars on phosphorus (P) dynamics in the rhizosphere of Zea mays L. (maize),Plant and Soil,Marie Louise Bornø,soil fertility plant nutrition fertilizer rhizosphere nutrient use efficiency phosphorus nitrogen,metadata_screened,pending,pending,pending,pending,,,,,
D4,10.1016/j.eja.2009.11.001,Effects of corn deficit irrigation and soil properties on water use efficiency. A 25-year analysis of a Mediterranean environment using the STICS model,European Journal of Agronomy,Nader Katerji,soil fertility plant nutrition fertilizer rhizosphere nutrient use efficiency phosphorus nitrogen,metadata_screened,pending,pending,pending,pending,,,,,
D4,10.1007/s11104-024-07187-4,"Potential of black soldier fly larvae frass (BSFL) as a novel fertilizer: impacts on tomato growth, nutrient uptake, and mycorrhizal formation",Plant and Soil,Matthias J. Salomon,soil fertility plant nutrition fertilizer rhizosphere nutrient use efficiency phosphorus nitrogen,metadata_screened,pending,pending,pending,pending,,,,,
D4,10.1016/s0378-4290(02)00169-7,Improving nitrogen and phosphorus use efficiencies through inclusion of forage cowpea in the rice–wheat systems in the Indo-Gangetic Plains of India,Field Crops Research,B.S Dwivedi,soil fertility plant nutrition fertilizer rhizosphere nutrient use efficiency phosphorus nitrogen,metadata_screened,pending,pending,pending,pending,,,,,
D4,10.1007/s11104-004-4210-8,Kernel set in maize genotypes differing in nitrogen use efficiency in response to resource availability around flowering,Plant and Soil,I. A. Paponov,soil fertility plant nutrition fertilizer rhizosphere nutrient use efficiency phosphorus nitrogen,metadata_screened,pending,pending,pending,pending,,,,,
D4,10.1016/j.soilbio.2019.05.013,Interaction between root hairs and soil phosphorus on rhizosphere priming of soil organic matter,Soil Biology and Biochemistry,Gabriel Boilard,soil fertility plant nutrition fertilizer rhizosphere nutrient use efficiency phosphorus nitrogen,metadata_screened,pending,pending,pending,pending,,,,,
D4,10.1016/j.fcr.2018.08.010,Increasing yield and N use efficiency with organic fertilizer in Chinese intensive rice cropping systems,Field Crops Research,Min Zhang,soil fertility plant nutrition fertilizer rhizosphere nutrient use efficiency phosphorus nitrogen,metadata_screened,pending,pending,pending,pending,,,,,
D4,10.1016/j.soilbio.2018.11.022,A new experimental platform connecting the rhizosphere priming effect with CO2 fluxes of plant-soil systems,Soil Biology and Biochemistry,Camille Cros,soil fertility plant nutrition fertilizer rhizosphere nutrient use efficiency phosphorus nitrogen,metadata_screened,pending,pending,pending,pending,,,,,
D4,10.1016/j.geoderma.2014.03.005,Microbial residue indices down the soil profile after long-term addition of farmyard manure and mineral fertilizer to a sandy soil,Geoderma,André Sradnick,soil fertility plant nutrition fertilizer rhizosphere nutrient use efficiency phosphorus nitrogen,metadata_screened,pending,pending,pending,pending,,,,,
D4,10.1016/j.eja.2012.08.004,Plant phosphorus nutrition indicators evaluated in agricultural grasslands managed at different intensities,European Journal of Agronomy,F. Liebisch,soil fertility plant nutrition fertilizer rhizosphere nutrient use efficiency phosphorus nitrogen,metadata_screened,pending,pending,pending,pending,,,,,
D4,10.1016/j.soilbio.2017.06.018,Positive effects of plant association on rhizosphere microbial communities depend on plant species involved and soil nitrogen level,Soil Biology and Biochemistry,Barbara Pivato,soil fertility plant nutrition fertilizer rhizosphere nutrient use efficiency phosphorus nitrogen,metadata_screened,pending,pending,pending,pending,,,,,
D4,10.1016/j.soilbio.2010.05.005,Chemical composition and diversity influence non-additive effects of litter mixtures on soil carbon and nitrogen cycling: Implications for plant species loss,Soil Biology and Biochemistry,Courtney L. Meier,soil fertility plant nutrition fertilizer rhizosphere nutrient use efficiency phosphorus nitrogen,metadata_screened,pending,pending,pending,pending,,,,,
D4,10.1016/j.geoderma.2015.10.008,Characteristics of soil freeze–thaw cycles and their effects on water enrichment in the rhizosphere,Geoderma,Ala Musa,soil fertility plant nutrition fertilizer rhizosphere nutrient use efficiency phosphorus nitrogen,metadata_screened,pending,pending,pending,pending,,,,,
D4,10.1007/s11104-015-2555-9,Alien red oak affects soil organic matter cycling and nutrient availability in low-fertility well-developed soils,Plant and Soil,Eleonora Bonifacio,soil fertility plant nutrition fertilizer rhizosphere nutrient use efficiency phosphorus nitrogen,metadata_screened,pending,pending,pending,pending,,,,,
D4,10.1016/j.eja.2013.09.001,"Organic fertilizer effects on growth, crop yield, and soil microbial biomass indices in sole and intercropped peas and oats under organic farming conditions",European Journal of Agronomy,Ramia Jannoura,soil fertility plant nutrition fertilizer rhizosphere nutrient use efficiency phosphorus nitrogen,metadata_screened,pending,pending,pending,pending,,,,,
D4,10.1016/j.soilbio.2024.109531,Effect of field warming on soil microbial carbon use efficiency——A meta-analysis,Soil Biology and Biochemistry,Qiufang Zhang,soil fertility plant nutrition fertilizer rhizosphere nutrient use efficiency phosphorus nitrogen,metadata_screened,pending,pending,pending,pending,,,,,
D4,10.1016/j.soilbio.2014.03.024,"Microbial and microfaunal communities in phosphorus limited, grazed grassland change composition but maintain homeostatic nutrient stoichiometry",Soil Biology and Biochemistry,Xiaoyun Chen,soil fertility plant nutrition fertilizer rhizosphere nutrient use efficiency phosphorus nitrogen,metadata_screened,pending,pending,pending,pending,,,,,
D4,10.1016/j.soilbio.2016.09.018,Soil type determines the distribution of nutrient mobilizing bacterial communities in the rhizosphere of beech trees,Soil Biology and Biochemistry,O. Nicolitch,soil fertility plant nutrition fertilizer rhizosphere nutrient use efficiency phosphorus nitrogen,metadata_screened,pending,pending,pending,pending,,,,,
D4,10.1007/s11104-015-2477-6,Similar phosphorus transfer from cover crop residues and water-soluble mineral fertilizer to soils and a subsequent crop,Plant and Soil,G. Maltais-Landry,soil fertility plant nutrition fertilizer rhizosphere nutrient use efficiency phosphorus nitrogen,metadata_screened,pending,pending,pending,pending,,,,,
D4,10.1007/s11104-011-0764-4,Responses of soil water balance and precipitation storage efficiency to increased fertilizer application in winter wheat,Plant and Soil,Jun Wang,soil fertility plant nutrition fertilizer rhizosphere nutrient use efficiency phosphorus nitrogen,metadata_screened,pending,pending,pending,pending,,,,,
D4,10.1016/s0038-0717(02)00209-2,"The influence of two agricultural biostimulants on nitrogen transformations, microbial activity, and plant growth in soil microcosms",Soil Biology and Biochemistry,Shu-Kang Chen,soil fertility plant nutrition fertilizer rhizosphere nutrient use efficiency phosphorus nitrogen,metadata_screened,pending,pending,pending,pending,,,,,
D4,10.1016/j.fcr.2006.11.003,"Wheat grain yield, phosphorus uptake and soil phosphorus fraction after 23 years of annual fertilizer application to an Andosol",Field Crops Research,Shigeru Takahashi,soil fertility plant nutrition fertilizer rhizosphere nutrient use efficiency phosphorus nitrogen,metadata_screened,pending,pending,pending,pending,,,,,
D4,10.1016/j.geoderma.2023.116368,Effect of termite mounds on soil microbial communities and microbial processes: Implications for soil carbon and nitrogen cycling,Geoderma,Chunfeng Chen,soil fertility plant nutrition fertilizer rhizosphere nutrient use efficiency phosphorus nitrogen,metadata_screened,pending,pending,pending,pending,,,,,
D4,10.1016/j.fcr.2008.05.007,Phosphorus efficiency in long-term (15 years) wheat–maize cropping systems with various soil and climate conditions,Field Crops Research,Xu Tang,soil fertility plant nutrition fertilizer rhizosphere nutrient use efficiency phosphorus nitrogen,metadata_screened,pending,pending,pending,pending,,,,,
D4,10.1007/s11104-013-1983-7,"Effects of seed nickel reserves or externally supplied nickel on the growth, nitrogen metabolites and nitrogen use efficiency of urea- or nitrate-fed soybean",Plant and Soil,Bahar Yildiz Kutman,soil fertility plant nutrition fertilizer rhizosphere nutrient use efficiency phosphorus nitrogen,metadata_screened,pending,pending,pending,pending,,,,,
D4,10.1016/j.geoderma.2011.02.002,"Effect of nitrogen fertilization on soil CH4 and N2O fluxes, and soil and bole respiration",Geoderma,Rachhpal S. Jassal,soil fertility plant nutrition fertilizer rhizosphere nutrient use efficiency phosphorus nitrogen,metadata_screened,pending,pending,pending,pending,,,,,
D4,10.1016/j.fcr.2008.01.001,Characterizing nitrogen use efficiency in natural and agricultural ecosystems to improve the performance of cereal crops in low-input and organic agricultural systems,Field Crops Research,Julie C. Dawson,soil fertility plant nutrition fertilizer rhizosphere nutrient use efficiency phosphorus nitrogen,metadata_screened,pending,pending,pending,pending,,,,,
D4,10.1016/j.eja.2020.126228,"Variability in yield responses, physiological use efficiencies and recovery fractions of fertilizer use in maize in Ethiopia",European Journal of Agronomy,Workneh Bekere Kenea,soil fertility plant nutrition fertilizer rhizosphere nutrient use efficiency phosphorus nitrogen,metadata_screened,pending,pending,pending,pending,,,,,
D4,10.1016/s0378-4290(00)00123-4,Agronomic benefits of rhizobial inoculant use over nitrogen fertilizer application in tropical soybean,Field Crops Research,Gamini Seneviratne,soil fertility plant nutrition fertilizer rhizosphere nutrient use efficiency phosphorus nitrogen,metadata_screened,pending,pending,pending,pending,,,,,
D4,10.1016/j.geoderma.2009.12.016,"Earthworms, soil fertility and aggregate-associated soil organic matter dynamics in the Quesungual agroforestry system",Geoderma,Steven J. Fonte,soil fertility plant nutrition fertilizer rhizosphere nutrient use efficiency phosphorus nitrogen,metadata_screened,pending,pending,pending,pending,,,,,
D4,10.1016/j.geoderma.2020.114801,Linking soil nutrient cycling and microbial community with vegetation cover in riparian zone,Geoderma,Manyun Zhang,soil fertility plant nutrition fertilizer rhizosphere nutrient use efficiency phosphorus nitrogen,metadata_screened,pending,pending,pending,pending,,,,,
D4,10.1007/s11104-009-0125-8,Dark septate root endophytic fungi increase growth of Scots pine seedlings under elevated CO2 through enhanced nitrogen use efficiency,Plant and Soil,Odair Alberton,soil fertility plant nutrition fertilizer rhizosphere nutrient use efficiency phosphorus nitrogen,metadata_screened,pending,pending,pending,pending,,,,,
D4,10.1016/j.fcr.2005.10.007,Soil tests to predict optimum fertilizer nitrogen rate for rice,Field Crops Research,C.A. Russell,soil fertility plant nutrition fertilizer rhizosphere nutrient use efficiency phosphorus nitrogen,metadata_screened,pending,pending,pending,pending,,,,,
D4,10.1016/j.soilbio.2007.07.011,Enrichment and diversity of plant-probiotic microorganisms in the rhizosphere of hybrid maize during four growth cycles,Soil Biology and Biochemistry,Christine Picard,soil fertility plant nutrition fertilizer rhizosphere nutrient use efficiency phosphorus nitrogen,metadata_screened,pending,pending,pending,pending,,,,,
D4,10.1016/j.soilbio.2009.10.009,Plant species influence microbial diversity and carbon allocation in the rhizosphere,Soil Biology and Biochemistry,Natalia Ladygina,soil fertility plant nutrition fertilizer rhizosphere nutrient use efficiency phosphorus nitrogen,metadata_screened,pending,pending,pending,pending,,,,,
D4,10.1016/j.fcr.2017.11.020,Azolla biofertilizer for improving low nitrogen use efficiency in an intensive rice cropping system,Field Crops Research,Yuanlin Yao,soil fertility plant nutrition fertilizer rhizosphere nutrient use efficiency phosphorus nitrogen,metadata_screened,pending,pending,pending,pending,,,,,
D4,10.1016/j.geoderma.2020.114632,Effect of soil fertility on the allocation of nitrogen derived from different maize residue parts in the soil-plant system,Geoderma,Yingde Xu,soil fertility plant nutrition fertilizer rhizosphere nutrient use efficiency phosphorus nitrogen,metadata_screened,pending,pending,pending,pending,,,,,
D4,10.1016/j.soilbio.2024.109394,Controls of microbial carbon use efficiency along a latitudinal gradient across Europe,Soil Biology and Biochemistry,Carla Cruz-Paredes,soil fertility plant nutrition fertilizer rhizosphere nutrient use efficiency phosphorus nitrogen,metadata_screened,pending,pending,pending,pending,,,,,
D4,10.1016/j.geoderma.2016.09.010,Coupled incorporation of maize (Zea mays L.) straw with nitrogen fertilizer increased soil organic carbon in Fluvic Cambisol,Geoderma,Fanqiao Meng,soil fertility plant nutrition fertilizer rhizosphere nutrient use efficiency phosphorus nitrogen,metadata_screened,pending,pending,pending,pending,,,,,
D4,10.1016/j.eja.2006.09.006,"Post-anthesis accumulation and remobilization of dry matter, nitrogen and phosphorus in durum wheat as affected by soil type",European Journal of Agronomy,Alessandro Masoni,soil fertility plant nutrition fertilizer rhizosphere nutrient use efficiency phosphorus nitrogen,metadata_screened,pending,pending,pending,pending,,,,,
D4,10.1016/j.soilbio.2015.03.003,The effect of different nitrogen sources on the symbiotic interaction between Sorghum bicolor and Glomus intraradices : Expression of plant and fungal genes involved in nitrogen assimilation,Soil Biology and Biochemistry,Sally Koegel,soil fertility plant nutrition fertilizer rhizosphere nutrient use efficiency phosphorus nitrogen,metadata_screened,pending,pending,pending,pending,,,,,
D4,10.1016/j.geoderma.2018.04.001,Temperature sensitivity of soil respiration to nitrogen and phosphorous fertilization: Does soil initial fertility matter?,Geoderma,Qiqi Sun,soil fertility plant nutrition fertilizer rhizosphere nutrient use efficiency phosphorus nitrogen,metadata_screened,pending,pending,pending,pending,,,,,
D4,10.1016/s0016-7061(03)00168-x,Mapping risk of soil nutrient deficiency or excess by disjunctive and indicator kriging,Geoderma,R.M. Lark,soil fertility plant nutrition fertilizer rhizosphere nutrient use efficiency phosphorus nitrogen,metadata_screened,pending,pending,pending,pending,,,,,
D4,10.1016/j.soilbio.2015.05.028,"Decoupled stoichiometric, isotopic, and fungal responses of an ectomycorrhizal black spruce forest to nitrogen and phosphorus additions",Soil Biology and Biochemistry,Jordan R. Mayor,soil fertility plant nutrition fertilizer rhizosphere nutrient use efficiency phosphorus nitrogen,metadata_screened,pending,pending,pending,pending,,,,,
D4,10.1007/s11104-012-1142-6,QTL mapping for nitrogen-use efficiency and nitrogen-deficiency tolerance traits in rice,Plant and Soil,Dong Wei,soil fertility plant nutrition fertilizer rhizosphere nutrient use efficiency phosphorus nitrogen,metadata_screened,pending,pending,pending,pending,,,,,
D4,10.1016/j.fcr.2009.10.004,Will nutrient-efficient genotypes mine the soil? Effects of genetic differences in root architecture in common bean (Phaseolus vulgaris L.) on soil phosphorus depletion in a low-input agro-ecosystem in Central America,Field Crops Research,Amelia Henry,soil fertility plant nutrition fertilizer rhizosphere nutrient use efficiency phosphorus nitrogen,metadata_screened,pending,pending,pending,pending,,,,,
D4,10.1016/j.geoderma.2021.115309,Long-term throughfall exclusion decreases soil organic phosphorus associated with reduced plant roots and soil microbial biomass in a subtropical forest,Geoderma,Yuexin Fan,soil fertility plant nutrition fertilizer rhizosphere nutrient use efficiency phosphorus nitrogen,metadata_screened,pending,pending,pending,pending,,,,,
D4,10.1016/j.fcr.2015.03.021,"Lateral spacing in drip-irrigated wheat: The effects on soil moisture, yield, and water use efficiency",Field Crops Research,Rui Chen,soil fertility plant nutrition fertilizer rhizosphere nutrient use efficiency phosphorus nitrogen,metadata_screened,pending,pending,pending,pending,,,,,
D4,10.1016/j.fcr.2010.08.004,The physiological basis of genotypic differences in nitrogen use efficiency in oilseed rape (Brassica napus L.),Field Crops Research,P.M. Berry,soil fertility plant nutrition fertilizer rhizosphere nutrient use efficiency phosphorus nitrogen,metadata_screened,pending,pending,pending,pending,,,,,
D4,10.1016/j.geoderma.2018.02.017,Responses of soil phosphorus availability to nitrogen addition in a legume and a non-legume plantation,Geoderma,Hao Chen,soil fertility plant nutrition fertilizer rhizosphere nutrient use efficiency phosphorus nitrogen,metadata_screened,pending,pending,pending,pending,,,,,
D4,10.1016/j.fcr.2018.01.003,Effects of reduced nitrogen rate on cotton yield and nitrogen use efficiency as mediated by application mode or plant density,Field Crops Research,Zhen Luo,soil fertility plant nutrition fertilizer rhizosphere nutrient use efficiency phosphorus nitrogen,metadata_screened,pending,pending,pending,pending,,,,,
D4,10.1007/s11104-007-9450-y,Soil water status influences plant nitrogen use: a case study,Plant and Soil,Zhi-You Yuan,soil fertility plant nutrition fertilizer rhizosphere nutrient use efficiency phosphorus nitrogen,metadata_screened,pending,pending,pending,pending,,,,,
D5,10.1007/s42832-024-0244-4,Metals are overlooked in the evolution of antibiotic resistance,Soil Ecology Letters,Yi Zhao,soil microbial ecology microbiome fungi fauna enzymes roots biodiversity biomass activity,metadata_screened,pending,pending,pending,pending,,,,,
D5,10.1016/j.soilbio.2009.08.020,Three decades of soil microbial biomass studies in Brazilian ecosystems: Lessons learned about soil quality and indications for improving sustainability,Soil Biology and Biochemistry,Glaciela Kaschuk,soil microbial ecology microbiome fungi fauna enzymes roots biodiversity biomass activity,metadata_screened,pending,pending,pending,pending,,,,,
D5,10.1016/j.apsoil.2012.03.008,"Soil microbial biomass, functional microbial diversity, and nematode community structure as affected by cover crops and compost in an organic vegetable production system",Applied Soil Ecology,Ajay Nair,soil microbial ecology microbiome fungi fauna enzymes roots biodiversity biomass activity,metadata_screened,pending,pending,pending,pending,,,,,
D5,10.1111/1574-6941.12247,Diversity of fungi associated with hair roots of ericaceous plants is affected by land use,FEMS Microbiology Ecology,Christina Hazard,soil microbial ecology microbiome fungi fauna enzymes roots biodiversity biomass activity,metadata_screened,pending,pending,pending,pending,,,,,
D5,10.1093/femsec/fiaa067,Influence of plant genotype and soil on the wheat rhizosphere microbiome: evidences for a core microbiome across eight African and European soils,FEMS Microbiology Ecology,Marie Simonin,soil microbial ecology microbiome fungi fauna enzymes roots biodiversity biomass activity,metadata_screened,pending,pending,pending,pending,,,,,
D5,10.1016/j.apsoil.2009.05.003,Microbial biomass and enzyme activities under reduced nitrogen deposition in a spruce forest soil,Applied Soil Ecology,Esther Enowashu,soil microbial ecology microbiome fungi fauna enzymes roots biodiversity biomass activity,metadata_screened,pending,pending,pending,pending,,,,,
D5,10.1016/j.soilbio.2013.10.032,Arbuscular mycorrhizal fungi and their associated microbial community modulated by Collembola grazers in host plant free substrate,Soil Biology and Biochemistry,Fuensanta Caravaca,soil microbial ecology microbiome fungi fauna enzymes roots biodiversity biomass activity,metadata_screened,pending,pending,pending,pending,,,,,
D5,10.1111/j.1574-6941.2001.tb00776.x,"Microbial community dynamics in Mediterranean nutrient-enriched seawater mesocosms: changes in abundances, activity and composition",FEMS Microbiology Ecology,Philippe Lebaron,soil microbial ecology microbiome fungi fauna enzymes roots biodiversity biomass activity,metadata_screened,pending,pending,pending,pending,,,,,
D5,10.1016/j.apsoil.2019.04.021,Biochar addition increases subsurface soil microbial biomass but has limited effects on soil CO2 emissions in subtropical moso bamboo plantations,Applied Soil Ecology,Xiaogai Ge,soil microbial ecology microbiome fungi fauna enzymes roots biodiversity biomass activity,metadata_screened,pending,pending,pending,pending,,,,,
D5,10.1016/j.apsoil.2016.04.013,Cultivable bacteria associated with infective propagules of arbuscular mycorrhizal fungi. Implications for mycorrhizal activity,Applied Soil Ecology,Laura Fernández Bidondo,soil microbial ecology microbiome fungi fauna enzymes roots biodiversity biomass activity,metadata_screened,pending,pending,pending,pending,,,,,
D5,10.1093/femsec/fiz180,Taxonomic and functional insights into rock varnish microbiome using shotgun metagenomics,FEMS Microbiology Ecology,Alfonso Esposito,soil microbial ecology microbiome fungi fauna enzymes roots biodiversity biomass activity,metadata_screened,pending,pending,pending,pending,,,,,
D5,10.1111/j.1574-6941.2007.00318.x,Response of soil microbial biomass and community structures to conventional and organic farming systems under identical crop rotations,FEMS Microbiology Ecology,JÃ¼rgen EsperschÃ¼tz,soil microbial ecology microbiome fungi fauna enzymes roots biodiversity biomass activity,metadata_screened,pending,pending,pending,pending,,,,,
D5,10.1016/j.apsoil.2023.105203,Herbivore dung deposition increases soil respiration through elevated substrate availability and microbial biomass,Applied Soil Ecology,Zhiyang Zhang,soil microbial ecology microbiome fungi fauna enzymes roots biodiversity biomass activity,metadata_screened,pending,pending,pending,pending,,,,,
D5,10.1111/j.1574-6941.2011.01066.x,Growth and symbiotic effectiveness of an arbuscular mycorrhizal fungus in organic matter in competition with soil bacteria,FEMS Microbiology Ecology,Joanne Leigh,soil microbial ecology microbiome fungi fauna enzymes roots biodiversity biomass activity,metadata_screened,pending,pending,pending,pending,,,,,
D5,10.1016/s0038-0717(99)00135-2,Microbial activity and functional diversity in the mounds of three different ant species,Soil Biology and Biochemistry,Jens Dauber,soil microbial ecology microbiome fungi fauna enzymes roots biodiversity biomass activity,metadata_screened,pending,pending,pending,pending,,,,,
D5,10.1093/femsec/fiaa056,The response of soil and phyllosphere microbial communities to repeated application of the fungicide iprodione: accelerated biodegradation or toxicity?,FEMS Microbiology Ecology,A Katsoula,soil microbial ecology microbiome fungi fauna enzymes roots biodiversity biomass activity,metadata_screened,pending,pending,pending,pending,,,,,
D5,10.1007/s42832-021-0107-1,The roles and performance of arbuscular mycorrhizal fungi in intercropping systems,Soil Ecology Letters,Minghui Li,soil microbial ecology microbiome fungi fauna enzymes roots biodiversity biomass activity,metadata_screened,pending,pending,pending,pending,,,,,
D5,10.1038/s41396-021-00952-8,Microbial hitchhiking: how <i>Streptomyces</i> spores are transported by motile soil bacteria,The ISME Journal,Alise R Muok,soil microbial ecology microbiome fungi fauna enzymes roots biodiversity biomass activity,metadata_screened,pending,pending,pending,pending,,,,,
D5,10.1016/j.soilbio.2005.11.029,"Effects of tree harvesting, forest floor removal, and compaction on soil microbial biomass, microbial respiration, and N availability in a boreal aspen forest in British Columbia",Soil Biology and Biochemistry,Lucero Mariani,soil microbial ecology microbiome fungi fauna enzymes roots biodiversity biomass activity,metadata_screened,pending,pending,pending,pending,,,,,
D5,10.1016/j.soilbio.2008.09.002,"Reply to Kuzyakov et al.’s comments on our paper: ‘Kemmitt, S. Lanyon, C. V., Waite, I.S., Wen, Q., O'Donnell, A.G., Brookes, P.C., 2008. Mineralization of native soil organic matter is not regulated by the size, activity or composition of the soil microbial biomass – a new perspective. Soil Biology and Biochemistry 40, 61–73’",Soil Biology and Biochemistry,P.C. Brookes,soil microbial ecology microbiome fungi fauna enzymes roots biodiversity biomass activity,metadata_screened,pending,pending,pending,pending,,,,,
D5,10.1016/j.soilbio.2024.109529,Microbial metabolic traits drive the differential contribution of microbial necromass to soil organic carbon between the rhizosphere of absorptive roots and transport roots,Soil Biology and Biochemistry,Qitong Wang,soil microbial ecology microbiome fungi fauna enzymes roots biodiversity biomass activity,metadata_screened,pending,pending,pending,pending,,,,,
D5,10.1016/j.apsoil.2019.103391,"Soil microbial biomass, activity and community structure as affected by mineral phosphorus fertilization in grasslands",Applied Soil Ecology,Yichao Shi,soil microbial ecology microbiome fungi fauna enzymes roots biodiversity biomass activity,metadata_screened,pending,pending,pending,pending,,,,,
D5,10.1016/j.apsoil.2022.104570,A novel P nanofertilizer has no impacts on soil microbial communities and soil microbial activity,Applied Soil Ecology,Andrea Ciurli,soil microbial ecology microbiome fungi fauna enzymes roots biodiversity biomass activity,metadata_screened,pending,pending,pending,pending,,,,,
D5,10.1016/j.apsoil.2007.12.007,"Effect of amendments with different phenolic acids on soil microbial biomass, activity, and community diversity",Applied Soil Ecology,X.H. Qu,soil microbial ecology microbiome fungi fauna enzymes roots biodiversity biomass activity,metadata_screened,pending,pending,pending,pending,,,,,
D5,10.1093/femsec/fiaa032,Multitrophic interactions in the rhizosphere microbiome of wheat: from bacteria and fungi to protists,FEMS Microbiology Ecology,Maike Rossmann,soil microbial ecology microbiome fungi fauna enzymes roots biodiversity biomass activity,metadata_screened,pending,pending,pending,pending,,,,,
D5,10.1016/j.soilbio.2011.07.001,Tebuconazole application decreases soil microbial biomass and activity,Soil Biology and Biochemistry,Borja Muñoz-Leoz,soil microbial ecology microbiome fungi fauna enzymes roots biodiversity biomass activity,metadata_screened,pending,pending,pending,pending,,,,,
D5,10.1111/j.1574-6941.2006.00203.x,Metabolically active microbial communities in uranium-contaminated subsurface sediments,FEMS Microbiology Ecology,Denise M. Akob,soil microbial ecology microbiome fungi fauna enzymes roots biodiversity biomass activity,metadata_screened,pending,pending,pending,pending,,,,,
D5,10.1038/s41396-020-00844-3,Soil microbial legacies differ following drying-rewetting and freezing-thawing cycles,The ISME Journal,Annelein Meisner,soil microbial ecology microbiome fungi fauna enzymes roots biodiversity biomass activity,metadata_screened,pending,pending,pending,pending,,,,,
D5,10.1016/j.soilbio.2010.04.005,Model of apparent and real priming effects: Linking microbial activity with soil organic matter decomposition,Soil Biology and Biochemistry,Sergey Blagodatsky,soil microbial ecology microbiome fungi fauna enzymes roots biodiversity biomass activity,metadata_screened,pending,pending,pending,pending,,,,,
D5,10.1007/s42832-021-0104-4,Immediate and long-term effects of invasive plant species on soil characteristics,Soil Ecology Letters,Irene M. Unger,soil microbial ecology microbiome fungi fauna enzymes roots biodiversity biomass activity,metadata_screened,pending,pending,pending,pending,,,,,
D5,10.1007/s42832-020-0049-z,Plant community and soil properties drive arbuscular mycorrhizal fungal diversity: A case study in tropical forests,Soil Ecology Letters,Jing Zhang,soil microbial ecology microbiome fungi fauna enzymes roots biodiversity biomass activity,metadata_screened,pending,pending,pending,pending,,,,,
D5,10.1038/s41396-020-00756-2,Microbial carrying capacity and carbon biomass of plastic marine debris,The ISME Journal,Shiye Zhao,soil microbial ecology microbiome fungi fauna enzymes roots biodiversity biomass activity,metadata_screened,pending,pending,pending,pending,,,,,
D5,10.1016/s0038-0717(00)00127-9,Substrate limitations to microbial activity in taiga forest floors,Soil Biology and Biochemistry,E.D Vance,soil microbial ecology microbiome fungi fauna enzymes roots biodiversity biomass activity,metadata_screened,pending,pending,pending,pending,,,,,
D5,10.1093/femsec/fiz163,Soil hydrology drives ecological niche differentiation in a native prairie microbiome,FEMS Microbiology Ecology,James S Griffin,soil microbial ecology microbiome fungi fauna enzymes roots biodiversity biomass activity,metadata_screened,pending,pending,pending,pending,,,,,
D5,10.1111/j.1574-6941.2011.01151.x,Microbiome analysis of dairy cows fed pasture or total mixed ration diets,FEMS Microbiology Ecology,Alexandre B. de Menezes,soil microbial ecology microbiome fungi fauna enzymes roots biodiversity biomass activity,metadata_screened,pending,pending,pending,pending,,,,,
D5,10.1093/femsec/fiaa225,Restoring degraded microbiome function with self-assembled communities,FEMS Microbiology Ecology,Carlos Fernando Gutierrez,soil microbial ecology microbiome fungi fauna enzymes roots biodiversity biomass activity,metadata_screened,pending,pending,pending,pending,,,,,
D5,10.1016/j.soilbio.2016.02.009,Soil carbon characterization and nutrient ratios across land uses on two contrasting soils: Their relationships to microbial biomass and function,Soil Biology and Biochemistry,Bryan A. Stevenson,soil microbial ecology microbiome fungi fauna enzymes roots biodiversity biomass activity,metadata_screened,pending,pending,pending,pending,,,,,
D5,10.1016/j.apsoil.2012.07.003,Reductions in microbial biomass along disturbance gradients in a semi-natural grassland,Applied Soil Ecology,Linda-Maria Mårtensson,soil microbial ecology microbiome fungi fauna enzymes roots biodiversity biomass activity,metadata_screened,pending,pending,pending,pending,,,,,
D5,10.1016/j.soilbio.2020.107950,Rates of dark CO2 fixation are driven by microbial biomass in a temperate forest soil,Soil Biology and Biochemistry,Rachael Akinyede,soil microbial ecology microbiome fungi fauna enzymes roots biodiversity biomass activity,metadata_screened,pending,pending,pending,pending,,,,,
D5,10.1016/s0038-0717(00)00204-2,The ATP concentration in the soil microbial biomass,Soil Biology and Biochemistry,M Contin,soil microbial ecology microbiome fungi fauna enzymes roots biodiversity biomass activity,metadata_screened,pending,pending,pending,pending,,,,,
D5,10.1007/s42832-022-0156-0,Response of soil macrofauna to urban park reconstruction,Soil Ecology Letters,Olexander Zhukov,soil microbial ecology microbiome fungi fauna enzymes roots biodiversity biomass activity,metadata_screened,pending,pending,pending,pending,,,,,
D5,10.1111/j.1574-6941.2010.01018.x,Regulation of microbial methane production and oxidation by intermittent drainage in rice field soil,FEMS Microbiology Ecology,Ke Ma,soil microbial ecology microbiome fungi fauna enzymes roots biodiversity biomass activity,metadata_screened,pending,pending,pending,pending,,,,,
D5,10.1038/ismej.2015.57,Forest harvesting reduces the soil metagenomic potential for biomass decomposition,The ISME Journal,Erick Cardenas,soil microbial ecology microbiome fungi fauna enzymes roots biodiversity biomass activity,metadata_screened,pending,pending,pending,pending,,,,,
D5,10.1016/j.soilbio.2010.01.018,Evidence that plant diversity and site productivity confer stability to forest floor microbial biomass,Soil Biology and Biochemistry,S. Royer-Tardif,soil microbial ecology microbiome fungi fauna enzymes roots biodiversity biomass activity,metadata_screened,pending,pending,pending,pending,,,,,
D5,10.1038/ismej.2016.45,Challenges in microbial ecology: building predictive understanding of community function and dynamics,The ISME Journal,Stefanie Widder,soil microbial ecology microbiome fungi fauna enzymes roots biodiversity biomass activity,metadata_screened,pending,pending,pending,pending,,,,,
D5,10.1016/j.apsoil.2024.105532,Deep learning meta-analysis for predicting plant soil-borne fungal disease occurrence from soil microbiome data,Applied Soil Ecology,Yansu Wang,soil microbial ecology microbiome fungi fauna enzymes roots biodiversity biomass activity,metadata_screened,pending,pending,pending,pending,,,,,
D5,10.1007/s42832-022-0157-z,Trade-off between microbial carbon use efficiency and specific nutrient-acquiring extracellular enzyme activities under reduced oxygen,Soil Ecology Letters,Ji Chen,soil microbial ecology microbiome fungi fauna enzymes roots biodiversity biomass activity,metadata_screened,pending,pending,pending,pending,,,,,
D5,10.1007/s42832-020-0054-2,Effect of bacterial intra-species community interactions on the production and activity of volatile organic compounds,Soil Ecology Letters,Jianing Wang,soil microbial ecology microbiome fungi fauna enzymes roots biodiversity biomass activity,metadata_screened,pending,pending,pending,pending,,,,,
D5,10.1016/s0929-1393(03)00094-5,Litter quality impacts on grassland litter decomposition are differently dependent on soil fauna across time,Applied Soil Ecology,V.C. Smith,soil microbial ecology microbiome fungi fauna enzymes roots biodiversity biomass activity,metadata_screened,pending,pending,pending,pending,,,,,
D5,10.1038/ismej.2010.46,"GeoChip 3.0 as a high-throughput tool for analyzing microbial community composition, structure and functional activity",The ISME Journal,Zhili He,soil microbial ecology microbiome fungi fauna enzymes roots biodiversity biomass activity,metadata_screened,pending,pending,pending,pending,,,,,
D5,10.1111/j.1574-6941.2011.01276.x,Persistence of bacterial proteolytic enzymes in lake ecosystems,FEMS Microbiology Ecology,Bartosz Kiersztyn,soil microbial ecology microbiome fungi fauna enzymes roots biodiversity biomass activity,metadata_screened,pending,pending,pending,pending,,,,,
D5,10.1016/j.soilbio.2007.06.021,"Mineralization of native soil organic matter is not regulated by the size, activity or composition of the soil microbial biomass—a new perspective",Soil Biology and Biochemistry,S.J. Kemmitt,soil microbial ecology microbiome fungi fauna enzymes roots biodiversity biomass activity,metadata_screened,pending,pending,pending,pending,,,,,
D5,10.1016/j.apsoil.2018.08.020,Diversity and activity of soil fauna in an industrial settling pond managed by natural attenuation,Applied Soil Ecology,H. Huot,soil microbial ecology microbiome fungi fauna enzymes roots biodiversity biomass activity,metadata_screened,pending,pending,pending,pending,,,,,
D5,10.1007/s42832-023-0205-3,High nitrogen fertilizer input enhanced the microbial network complexity in the paddy soil,Soil Ecology Letters,Yanan Chen,soil microbial ecology microbiome fungi fauna enzymes roots biodiversity biomass activity,metadata_screened,pending,pending,pending,pending,,,,,
D5,10.1038/ismej.2014.79,Distinct signatures of host–microbial meta-metabolome and gut microbiome in two C57BL/6 strains under high-fat diet,The ISME Journal,Alesia Walker,soil microbial ecology microbiome fungi fauna enzymes roots biodiversity biomass activity,metadata_screened,pending,pending,pending,pending,,,,,
D5,10.1016/j.soilbio.2011.08.017,Effects of phosphorus addition on soil microbial biomass and community composition in three forest types in tropical China,Soil Biology and Biochemistry,Lei Liu,soil microbial ecology microbiome fungi fauna enzymes roots biodiversity biomass activity,metadata_screened,pending,pending,pending,pending,,,,,
D5,10.1111/j.1574-6941.2009.00692.x,Microbial communities in contrasting freshwater marsh microhabitats,FEMS Microbiology Ecology,Nanna Buesing,soil microbial ecology microbiome fungi fauna enzymes roots biodiversity biomass activity,metadata_screened,pending,pending,pending,pending,,,,,
D5,10.1038/ismej.2013.87,Linking microbial community structure to <b>β</b>-glucosidic function in soil aggregates,The ISME Journal,Vanessa L Bailey,soil microbial ecology microbiome fungi fauna enzymes roots biodiversity biomass activity,metadata_screened,pending,pending,pending,pending,,,,,
D5,10.1007/s42832-020-0068-9,Lessons learned from COVID-19 on potentially pathogenic soil microorganisms,Soil Ecology Letters,Haifeng Qian,soil microbial ecology microbiome fungi fauna enzymes roots biodiversity biomass activity,metadata_screened,pending,pending,pending,pending,,,,,
D5,10.1038/s41396-018-0079-z,Depth matters: effects of precipitation regime on soil microbial activity upon rewetting of a plant-soil system,The ISME Journal,Ilonka C Engelhardt,soil microbial ecology microbiome fungi fauna enzymes roots biodiversity biomass activity,metadata_screened,pending,pending,pending,pending,,,,,
D5,10.1016/j.soilbio.2015.07.009,Roots from distinct plant developmental stages are capable of rapidly selecting their own microbiome without the influence of environmental and soil edaphic factors,Soil Biology and Biochemistry,Jun Yuan,soil microbial ecology microbiome fungi fauna enzymes roots biodiversity biomass activity,metadata_screened,pending,pending,pending,pending,,,,,
D5,10.1016/j.apsoil.2017.11.025,Plasticulture changes soil invertebrate assemblages of strawberry fields and decreases diversity and soil microbial activity,Applied Soil Ecology,Jens Schirmel,soil microbial ecology microbiome fungi fauna enzymes roots biodiversity biomass activity,metadata_screened,pending,pending,pending,pending,,,,,
D5,10.1016/j.femsec.2004.01.007,"Molecular profiling of 16S rRNA genes reveals diet-related differences of microbial communities in soil, gut, and casts of Lumbricus terrestris L. (Oligochaeta: Lumbricidae)",FEMS Microbiology Ecology,Markus Egert,soil microbial ecology microbiome fungi fauna enzymes roots biodiversity biomass activity,metadata_screened,pending,pending,pending,pending,,,,,
D5,10.1016/j.apsoil.2015.08.018,Maize biochar addition rate influences soil enzyme activity and microbial community composition in a fluvo-aquic soil,Applied Soil Ecology,Xiubin Wang,soil microbial ecology microbiome fungi fauna enzymes roots biodiversity biomass activity,metadata_screened,pending,pending,pending,pending,,,,,
D5,10.1007/s42832-021-0114-2,Tire abrasion particles negatively affect plant growth even at low concentrations and alter soil biogeochemical cycling,Soil Ecology Letters,Eva F. Leifheit,soil microbial ecology microbiome fungi fauna enzymes roots biodiversity biomass activity,metadata_screened,pending,pending,pending,pending,,,,,
D5,10.1111/j.1574-6941.2006.00072.x,Sheep-urine-induced changes in soil microbial community structure,FEMS Microbiology Ecology,Naoise Nunan,soil microbial ecology microbiome fungi fauna enzymes roots biodiversity biomass activity,metadata_screened,pending,pending,pending,pending,,,,,
D5,10.1016/j.apsoil.2024.105559,"An assessment of twenty-three mycorrhizal inoculants reveals limited viability of AM fungi, pathogen contamination, and negative microbial effect on crop growth for commercial products",Applied Soil Ecology,Liz Koziol,soil microbial ecology microbiome fungi fauna enzymes roots biodiversity biomass activity,metadata_screened,pending,pending,pending,pending,,,,,
D5,10.1038/s41396-019-0379-y,Soil HONO emissions at high moisture content are driven by microbial nitrate reduction to nitrite: tackling the HONO puzzle,The ISME Journal,Dianming Wu,soil microbial ecology microbiome fungi fauna enzymes roots biodiversity biomass activity,metadata_screened,pending,pending,pending,pending,,,,,
D5,10.1016/s0038-0717(02)00016-0,C and net N mineralisation in a coniferous forest soil: the contribution of the temporal variability of microbial biomass C and N,Soil Biology and Biochemistry,Markus Raubuch,soil microbial ecology microbiome fungi fauna enzymes roots biodiversity biomass activity,metadata_screened,pending,pending,pending,pending,,,,,
D5,10.1016/s0038-0717(00)00238-8,Rapid estimation of microbial biomass in grassland soils by ultra-violet absorbance,Soil Biology and Biochemistry,Benjamin L Turner,soil microbial ecology microbiome fungi fauna enzymes roots biodiversity biomass activity,metadata_screened,pending,pending,pending,pending,,,,,
D5,10.1016/j.soilbio.2015.12.020,"Soil respiration, microbial biomass and nutrient availability in soil amended with high and low C/N residue – Influence of interval between residue additions",Soil Biology and Biochemistry,Trung Ta Nguyen,soil microbial ecology microbiome fungi fauna enzymes roots biodiversity biomass activity,metadata_screened,pending,pending,pending,pending,,,,,
D5,10.1038/s41396-019-0546-1,Spatial and temporal axes impact ecology of the gut microbiome in juvenile European lobster ( <i>Homarus gammarus</i> ),The ISME Journal,Corey C Holt,soil microbial ecology microbiome fungi fauna enzymes roots biodiversity biomass activity,metadata_screened,pending,pending,pending,pending,,,,,
D5,10.1016/j.femsec.2004.11.008,Influence of Pb contamination in boreal forest soil on the growth and ligninolytic activity of litter-decomposing fungi,FEMS Microbiology Ecology,Marja Tuomela,soil microbial ecology microbiome fungi fauna enzymes roots biodiversity biomass activity,metadata_screened,pending,pending,pending,pending,,,,,
D5,10.1007/s42832-020-0060-4,Microplastic fiber and drought effects on plants and soil are only slightly modified by arbuscular mycorrhizal fungi,Soil Ecology Letters,Anika Lehmann,soil microbial ecology microbiome fungi fauna enzymes roots biodiversity biomass activity,metadata_screened,pending,pending,pending,pending,,,,,
D5,10.1111/j.1574-6941.2008.00534.x,Two-dimensional mapping of photopigment distribution and activity of Chloroflexus-like bacteria in a hypersaline microbial mat,FEMS Microbiology Ecology,Ami Bachar,soil microbial ecology microbiome fungi fauna enzymes roots biodiversity biomass activity,metadata_screened,pending,pending,pending,pending,,,,,
D5,10.1016/s0929-1393(00)00117-7,"Microbial and nutrient activity in soils from three different subtropical forest habitats in Belize, Central America before and during the transition from dry to wet season",Applied Soil Ecology,William D. Eaton,soil microbial ecology microbiome fungi fauna enzymes roots biodiversity biomass activity,metadata_screened,pending,pending,pending,pending,,,,,
D5,10.1016/j.soilbio.2006.01.005,Soil microbial biomass and nitrogen dynamics in a turfgrass chronosequence: A short-term response to turfgrass clipping addition,Soil Biology and Biochemistry,Wei Shi,soil microbial ecology microbiome fungi fauna enzymes roots biodiversity biomass activity,metadata_screened,pending,pending,pending,pending,,,,,
D5,10.1111/j.1574-6941.2009.00826.x,Effect of alginate and inulin on intestinal microbial ecology of weanling pigs reared under different husbandry conditions,FEMS Microbiology Ecology,Pawel Janczyk,soil microbial ecology microbiome fungi fauna enzymes roots biodiversity biomass activity,metadata_screened,pending,pending,pending,pending,,,,,
D5,10.1016/j.soilbio.2015.03.029,Impact of carbon nanomaterials on microbial activity in soil,Soil Biology and Biochemistry,Ayodeji O. Oyelami,soil microbial ecology microbiome fungi fauna enzymes roots biodiversity biomass activity,metadata_screened,pending,pending,pending,pending,,,,,
D5,10.1111/j.1574-6941.2011.01289.x,Microbial diversity of eolian dust sources from saline lake sediments and biological soil crusts in arid Southern Australia,FEMS Microbiology Ecology,Raeid M.M. Abed,soil microbial ecology microbiome fungi fauna enzymes roots biodiversity biomass activity,metadata_screened,pending,pending,pending,pending,,,,,
D5,10.1016/j.apsoil.2019.103400,Short term effects of different green manure amendments on the composition of main microbial groups and microbial activity of a submerged rice cropping system,Applied Soil Ecology,Muhammad Israr Khan,soil microbial ecology microbiome fungi fauna enzymes roots biodiversity biomass activity,metadata_screened,pending,pending,pending,pending,,,,,
D5,10.1016/j.soilbio.2013.07.004,Nitrous oxide producing activity of diverse fungi from distinct agroecosystems,Soil Biology and Biochemistry,Nape V. Mothapo,soil microbial ecology microbiome fungi fauna enzymes roots biodiversity biomass activity,metadata_screened,pending,pending,pending,pending,,,,,
D5,10.1038/ismej.2009.56,"Can the black box be cracked? The augmentation of microbial ecology by high-resolution, automated sensing technologies",The ISME Journal,Ashley Shade,soil microbial ecology microbiome fungi fauna enzymes roots biodiversity biomass activity,metadata_screened,pending,pending,pending,pending,,,,,
D5,10.1111/j.1574-6941.2011.01048.x,Abundance and activity of nitrate reducers in an arable soil are more affected by temporal variation and soil depth than by elevated atmospheric [CO2],FEMS Microbiology Ecology,Sven Marhan,soil microbial ecology microbiome fungi fauna enzymes roots biodiversity biomass activity,metadata_screened,pending,pending,pending,pending,,,,,
D5,10.1038/ismej.2014.243,Clay minerals and metal oxides strongly influence the structure of alkane-degrading microbial communities during soil maturation,The ISME Journal,Annelie Steinbach,soil microbial ecology microbiome fungi fauna enzymes roots biodiversity biomass activity,metadata_screened,pending,pending,pending,pending,,,,,
D5,10.1038/ismej.2013.195,Ectomycorrhizal fungi contribute to soil organic matter cycling in sub-boreal forests,The ISME Journal,Lori A Phillips,soil microbial ecology microbiome fungi fauna enzymes roots biodiversity biomass activity,metadata_screened,pending,pending,pending,pending,,,,,
D5,10.1016/j.soilbio.2004.04.020,Distribution of microbial biomass down soil profiles under regenerating woodland,Soil Biology and Biochemistry,M.S Castellazzi,soil microbial ecology microbiome fungi fauna enzymes roots biodiversity biomass activity,metadata_screened,pending,pending,pending,pending,,,,,
D5,10.1038/s41396-018-0104-2,The ecology and diversity of microbial eukaryotes in geothermal springs,The ISME Journal,Angela M Oliverio,soil microbial ecology microbiome fungi fauna enzymes roots biodiversity biomass activity,metadata_screened,pending,pending,pending,pending,,,,,
D5,10.1111/j.1574-6941.2008.00587.x,Functional differences between Arctic seawater and sedimentary microbial communities: contrasts in microbial hydrolysis of complex substrates,FEMS Microbiology Ecology,Carol Arnosti,soil microbial ecology microbiome fungi fauna enzymes roots biodiversity biomass activity,metadata_screened,pending,pending,pending,pending,,,,,
D5,10.1016/j.apsoil.2019.06.005,Trophic interactions between Fusarium species and soil fauna: A meta-analysis of experimental studies,Applied Soil Ecology,A.A. Goncharov,soil microbial ecology microbiome fungi fauna enzymes roots biodiversity biomass activity,metadata_screened,pending,pending,pending,pending,,,,,
D5,10.1016/j.soilbio.2006.04.044,Microbial biomass dynamics in recently air-dried and rewetted soils compared to others stored air-dry for up to 103 years,Soil Biology and Biochemistry,M DENOBILI,soil microbial ecology microbiome fungi fauna enzymes roots biodiversity biomass activity,metadata_screened,pending,pending,pending,pending,,,,,
D5,10.1016/j.soilbio.2011.02.013,Determination of microbial biomass and fungal and bacterial distribution in cattle faeces,Soil Biology and Biochemistry,Daphne Isabel Jost,soil microbial ecology microbiome fungi fauna enzymes roots biodiversity biomass activity,metadata_screened,pending,pending,pending,pending,,,,,
D5,10.1016/j.femsec.2004.05.002,PCR-DGGE-based quantification of stability of the microbial community in a simulator of the human intestinal microbial ecosystem,FEMS Microbiology Ecology,Sam Possemiers,soil microbial ecology microbiome fungi fauna enzymes roots biodiversity biomass activity,metadata_screened,pending,pending,pending,pending,,,,,
D5,10.1016/j.soilbio.2013.04.018,"Soil microbial community under a nurse-plant species changes in composition, biomass and activity as the nurse grows",Soil Biology and Biochemistry,S. Hortal,soil microbial ecology microbiome fungi fauna enzymes roots biodiversity biomass activity,metadata_screened,pending,pending,pending,pending,,,,,
D5,10.1016/j.apsoil.2015.10.018,The effect of altitudinal gradient on soil microbial community activity and structure in moso bamboo plantations,Applied Soil Ecology,Ed-Haun Chang,soil microbial ecology microbiome fungi fauna enzymes roots biodiversity biomass activity,metadata_screened,pending,pending,pending,pending,,,,,
D5,10.1111/j.1574-6941.2009.00731.x,"Response ofâ fungal, bacterial and ureolytic communities to synthetic sheep urine deposition in a grassland soil",FEMS Microbiology Ecology,Brajesh K. Singh,soil microbial ecology microbiome fungi fauna enzymes roots biodiversity biomass activity,metadata_screened,pending,pending,pending,pending,,,,,
D5,10.1016/j.apsoil.2023.104815,"Changes in soil microbial biomass, diversity, and activity with crop rotation in cropping systems: A global synthesis",Applied Soil Ecology,Qing Liu,soil microbial ecology microbiome fungi fauna enzymes roots biodiversity biomass activity,metadata_screened,pending,pending,pending,pending,,,,,
D5,10.1007/s42832-020-0032-8,High manure load reduces bacterial diversity and network complexity in a paddy soil under crop rotations,Soil Ecology Letters,Haiyang Liu,soil microbial ecology microbiome fungi fauna enzymes roots biodiversity biomass activity,metadata_screened,pending,pending,pending,pending,,,,,
D5,10.1016/j.soilbio.2015.07.018,"Environmental conditions rather than microbial inoculum composition determine the bacterial composition, microbial biomass and enzymatic activity of reconstructed soil microbial communities",Soil Biology and Biochemistry,Weibing Xun,soil microbial ecology microbiome fungi fauna enzymes roots biodiversity biomass activity,metadata_screened,pending,pending,pending,pending,,,,,
D5,10.1016/j.soilbio.2016.01.016,Microbial carbon use efficiency and biomass turnover times depending on soil depth – Implications for carbon cycling,Soil Biology and Biochemistry,Marie Spohn,soil microbial ecology microbiome fungi fauna enzymes roots biodiversity biomass activity,metadata_screened,pending,pending,pending,pending,,,,,
D5,10.1038/s41396-020-0657-8,"Island biogeography of soil bacteria and fungi: similar patterns, but different mechanisms",The ISME Journal,Shao-peng Li,soil microbial ecology microbiome fungi fauna enzymes roots biodiversity biomass activity,metadata_screened,pending,pending,pending,pending,,,,,
D5,10.1016/j.soilbio.2023.109103,Revisiting soil microbial biomass: Considering changes in composition with growth rate,Soil Biology and Biochemistry,Petr Čapek,soil microbial ecology microbiome fungi fauna enzymes roots biodiversity biomass activity,metadata_screened,pending,pending,pending,pending,,,,,
D5,10.1038/s41396-019-0369-0,Visualizing the dynamics of soil aggregation as affected by arbuscular mycorrhizal fungi,The ISME Journal,E K Morris,soil microbial ecology microbiome fungi fauna enzymes roots biodiversity biomass activity,metadata_screened,pending,pending,pending,pending,,,,,
D5,10.1111/1574-6941.12379,Environmental drivers of soil microbial community distribution at the Koiliaris Critical Zone Observatory,FEMS Microbiology Ecology,Myrto Tsiknia,soil microbial ecology microbiome fungi fauna enzymes roots biodiversity biomass activity,metadata_screened,pending,pending,pending,pending,,,,,
D5,10.1016/j.femsec.2005.05.007,Microbial diversity in production waters of a low-temperature biodegraded oil reservoir,FEMS Microbiology Ecology,A GRABOWSKI,soil microbial ecology microbiome fungi fauna enzymes roots biodiversity biomass activity,metadata_screened,pending,pending,pending,pending,,,,,
D5,10.1016/s0929-1393(00)00095-0,Hydrolytic enzyme activity of Paenibacillus sp. strain B2 and effects of the antagonistic bacterium on cell integrity of two soil-borne pathogenic fungi,Applied Soil Ecology,S.W Budi,soil microbial ecology microbiome fungi fauna enzymes roots biodiversity biomass activity,metadata_screened,pending,pending,pending,pending,,,,,
D5,10.1016/j.apsoil.2024.105515,Microbial biodiversity and plant functional trait interactions in multifunctional ecosystems,Applied Soil Ecology,Mir Muhammad Nizamani,soil microbial ecology microbiome fungi fauna enzymes roots biodiversity biomass activity,metadata_screened,pending,pending,pending,pending,,,,,
D5,10.1093/femsec/fiaa222,Multi-species relationships in legume roots: From pairwise legume-symbiont interactions to the plant – microbiome – soil continuum,FEMS Microbiology Ecology,Myrto Tsiknia,soil microbial ecology microbiome fungi fauna enzymes roots biodiversity biomass activity,metadata_screened,pending,pending,pending,pending,,,,,
D5,10.1111/j.1574-6941.2009.00762.x,Extracellular release of a heterologous phytase from roots of transgenic plants: does manipulation of rhizosphere biochemistry impact microbial community structure?,FEMS Microbiology Ecology,Timothy S. George,soil microbial ecology microbiome fungi fauna enzymes roots biodiversity biomass activity,metadata_screened,pending,pending,pending,pending,,,,,
D5,10.1007/s42832-022-0130-x,Assessment of residual chlorine in soil microbial community using metagenomics,Soil Ecology Letters,Yitian Yu,soil microbial ecology microbiome fungi fauna enzymes roots biodiversity biomass activity,metadata_screened,pending,pending,pending,pending,,,,,
D5,10.1016/s0929-1393(03)00003-9,"Effects of soil compaction, forest leaf litter and nitrogen fertilizer on two oak species and microbial activity",Applied Soil Ecology,D. Jordan,soil microbial ecology microbiome fungi fauna enzymes roots biodiversity biomass activity,metadata_screened,pending,pending,pending,pending,,,,,
D5,10.1038/ismej.2013.44,Microbial biodiversity in glacier-fed streams,The ISME Journal,Linda Wilhelm,soil microbial ecology microbiome fungi fauna enzymes roots biodiversity biomass activity,metadata_screened,pending,pending,pending,pending,,,,,
D5,10.1111/j.1574-6941.2000.tb00675.x,Comparative analyses in aquatic microbial ecology: how far do they go?,FEMS Microbiology Ecology,Josep M. Gasol,soil microbial ecology microbiome fungi fauna enzymes roots biodiversity biomass activity,metadata_screened,pending,pending,pending,pending,,,,,
D5,10.1016/j.apsoil.2015.10.016,"Coal mining practices reduce the microbial biomass, richness and diversity of soil",Applied Soil Ecology,Patricia Dorr de Quadros,soil microbial ecology microbiome fungi fauna enzymes roots biodiversity biomass activity,metadata_screened,pending,pending,pending,pending,,,,,
D5,10.1016/j.soilbio.2008.10.002,Above- and belowground carbon inputs affect seasonal variations of soil microbial biomass in a subtropical monsoon forest of southwest China,Soil Biology and Biochemistry,Wenting Feng,soil microbial ecology microbiome fungi fauna enzymes roots biodiversity biomass activity,metadata_screened,pending,pending,pending,pending,,,,,
D5,10.1111/j.1574-6941.2011.01113.x,The biosynthesis of cyanobacterial sunscreen scytonemin in intertidal microbial mat communities,FEMS Microbiology Ecology,Emily P. Balskus,soil microbial ecology microbiome fungi fauna enzymes roots biodiversity biomass activity,metadata_screened,pending,pending,pending,pending,,,,,
D5,10.1007/s42832-020-0067-x,Effects of soil organism interactions and temperature on carbon use efficiency in three different forest soils,Soil Ecology Letters,Simin Wang,soil microbial ecology microbiome fungi fauna enzymes roots biodiversity biomass activity,metadata_screened,pending,pending,pending,pending,,,,,
D5,10.1111/j.1574-6941.2001.tb00838.x,Structure and diversity of Gram-negative sulfate-reducing bacteria on rice roots,FEMS Microbiology Ecology,Daniel Scheid,soil microbial ecology microbiome fungi fauna enzymes roots biodiversity biomass activity,metadata_screened,pending,pending,pending,pending,,,,,
D5,10.1016/j.apsoil.2015.07.011,Effects of earthworms on the fungal community and microbial activity in root-adhering soil of Lantana camara during phytoextraction of lead,Applied Soil Ecology,My Dung Jusselme,soil microbial ecology microbiome fungi fauna enzymes roots biodiversity biomass activity,metadata_screened,pending,pending,pending,pending,,,,,
D5,10.1038/s41396-018-0331-6,The soil organic matter decomposition mechanisms in ectomycorrhizal fungi are tuned for liberating soil organic nitrogen,The ISME Journal,César Nicolás,soil microbial ecology microbiome fungi fauna enzymes roots biodiversity biomass activity,metadata_screened,pending,pending,pending,pending,,,,,
D5,10.1016/j.apsoil.2010.08.013,Distribution of microbial biomass and activity of extracellular enzymes in a hardwood forest soil reflect soil moisture content,Applied Soil Ecology,Petr Baldrian,soil microbial ecology microbiome fungi fauna enzymes roots biodiversity biomass activity,metadata_screened,pending,pending,pending,pending,,,,,
D5,10.1016/j.apsoil.2018.12.021,Post fire litters are richer in water soluble carbon and lead to increased microbial activity,Applied Soil Ecology,E. Stirling,soil microbial ecology microbiome fungi fauna enzymes roots biodiversity biomass activity,metadata_screened,pending,pending,pending,pending,,,,,
D5,10.1111/j.1574-6941.2011.01184.x,Ecology and metagenomics of soil microorganisms,FEMS Microbiology Ecology,Petr Baldrian,soil microbial ecology microbiome fungi fauna enzymes roots biodiversity biomass activity,metadata_screened,pending,pending,pending,pending,,,,,
D5,10.1111/j.1574-6941.2008.00632.x,Response of total and nitrate-dissimilating bacteria to reduced N deposition in a spruce forest soil profile,FEMS Microbiology Ecology,Ellen Kandeler,soil microbial ecology microbiome fungi fauna enzymes roots biodiversity biomass activity,metadata_screened,pending,pending,pending,pending,,,,,
D5,10.1093/ismejo/wrae057,Soil redox status governs within-field spatial variation in microbial arsenic methylation and rice straighthead disease,The ISME Journal,A-Xiang Gao,soil microbial ecology microbiome fungi fauna enzymes roots biodiversity biomass activity,metadata_screened,pending,pending,pending,pending,,,,,
D5,10.1016/j.apsoil.2006.10.007,Impact of organic amendments on the dynamics of soil microbial biomass and bacterial communities in cultivated land,Applied Soil Ecology,Raphaël Calbrix,soil microbial ecology microbiome fungi fauna enzymes roots biodiversity biomass activity,metadata_screened,pending,pending,pending,pending,,,,,
D5,10.1016/j.apsoil.2021.104026,Glomalin and microbial activity affected by cover crops and nitrogen management in sandy soil with cotton cultivation,Applied Soil Ecology,Carlos Felipe dos Santos Cordeiro,soil microbial ecology microbiome fungi fauna enzymes roots biodiversity biomass activity,metadata_screened,pending,pending,pending,pending,,,,,
D5,10.1016/j.apsoil.2007.06.003,"Biodiversity of arbuscular mycorrhizal fungi in the hot-dry valley of the Jinsha River, southwest China",Applied Soil Ecology,Zhao Dandan,soil microbial ecology microbiome fungi fauna enzymes roots biodiversity biomass activity,metadata_screened,pending,pending,pending,pending,,,,,
D5,10.1111/j.1574-6941.2008.00609.x,Assessment of microbial diversity along the feline intestinal tract using 16S rRNA gene analysis,FEMS Microbiology Ecology,Lauren E. Ritchie,soil microbial ecology microbiome fungi fauna enzymes roots biodiversity biomass activity,metadata_screened,pending,pending,pending,pending,,,,,
D5,10.1111/j.1574-6941.2011.01041.x,Impact of endochitinase-transformed white spruce on soil fungal communities under greenhouse conditions,FEMS Microbiology Ecology,Josyanne Lamarche,soil microbial ecology microbiome fungi fauna enzymes roots biodiversity biomass activity,metadata_screened,pending,pending,pending,pending,,,,,
D5,10.1111/j.1574-6941.2010.00999.x,Transformation of Quercus petraea litter: successive changes in litter chemistry are reflected in differential enzyme activity and changes in the microbial community composition,FEMS Microbiology Ecology,Jaroslav Šnajdr,soil microbial ecology microbiome fungi fauna enzymes roots biodiversity biomass activity,metadata_screened,pending,pending,pending,pending,,,,,
D5,10.1016/j.soilbio.2020.108117,"Microbial carbon use efficiency, biomass residence time and temperature sensitivity across ecosystems and soil depths",Soil Biology and Biochemistry,Jinquan Li,soil microbial ecology microbiome fungi fauna enzymes roots biodiversity biomass activity,metadata_screened,pending,pending,pending,pending,,,,,
D5,10.1016/j.soilbio.2005.05.002,Soil microbial biomass and activity in organic tomato farming systems: Effects of organic inputs and straw mulching,Soil Biology and Biochemistry,Cong Tu,soil microbial ecology microbiome fungi fauna enzymes roots biodiversity biomass activity,metadata_screened,pending,pending,pending,pending,,,,,
D5,10.1016/s0929-1393(00)00075-5,"Interactions between arbuscular mycorrhizal fungi and other microbial inoculants (Azospirillum, Pseudomonas, Trichoderma) and their effects on microbial population and enzyme activities in the rhizosphere of maize plants",Applied Soil Ecology,M Mar Vázquez,soil microbial ecology microbiome fungi fauna enzymes roots biodiversity biomass activity,metadata_screened,pending,pending,pending,pending,,,,,
D5,10.1016/j.apsoil.2007.09.005,Actinomycetes as antagonists of litter decomposer fungi,Applied Soil Ecology,B.A.T. Dinishi Jayasinghe,soil microbial ecology microbiome fungi fauna enzymes roots biodiversity biomass activity,metadata_screened,pending,pending,pending,pending,,,,,
D5,10.1038/ismej.2010.100,"Possible interactions between bacterial diversity, microbial activity and supraglacial hydrology of cryoconite holes in Svalbard",The ISME Journal,Arwyn Edwards,soil microbial ecology microbiome fungi fauna enzymes roots biodiversity biomass activity,metadata_screened,pending,pending,pending,pending,,,,,
D5,10.1111/j.1574-6941.2012.01350.x,Long-term warming alters the composition of Arctic soil microbial communities,FEMS Microbiology Ecology,Julie R. Deslippe,soil microbial ecology microbiome fungi fauna enzymes roots biodiversity biomass activity,metadata_screened,pending,pending,pending,pending,,,,,
D5,10.1007/s42832-019-0017-7,"Soil biofilms: microbial interactions, challenges, and advanced techniques for ex-situ characterization",Soil Ecology Letters,Peng Cai,soil microbial ecology microbiome fungi fauna enzymes roots biodiversity biomass activity,metadata_screened,pending,pending,pending,pending,,,,,
D5,10.1038/ismej.2013.151,Detection of a novel intracellular microbiome hosted in arbuscular mycorrhizal fungi,The ISME Journal,Alessandro Desirò,soil microbial ecology microbiome fungi fauna enzymes roots biodiversity biomass activity,metadata_screened,pending,pending,pending,pending,,,,,
D5,10.1016/s0038-0717(99)00222-9,"Activity of glycolytic enzymes in the gut of Hormogaster elisae (Oligochaeta, Hormogastridae)",Soil Biology and Biochemistry,M.H Garvı́n,soil microbial ecology microbiome fungi fauna enzymes roots biodiversity biomass activity,metadata_screened,pending,pending,pending,pending,,,,,
D5,10.1016/j.apsoil.2024.105458,Effects of alpine grassland degradation on soil microbial community structure and metabolic activity in the Qinghai-Tibet Plateau,Applied Soil Ecology,Haoran Sun,soil microbial ecology microbiome fungi fauna enzymes roots biodiversity biomass activity,metadata_screened,pending,pending,pending,pending,,,,,
D5,10.1016/s0038-0717(02)00210-9,Influence of earthworm invasion on soil microbial biomass and activity in a northern hardwood forest,Soil Biology and Biochemistry,X Li,soil microbial ecology microbiome fungi fauna enzymes roots biodiversity biomass activity,metadata_screened,pending,pending,pending,pending,,,,,
D5,10.1016/j.femsec.2005.04.007,"A soil-based microbial biofilm exposed to 2,4-D: bacterial community development and establishment of conjugative plasmid pJP4",FEMS Microbiology Ecology,Thomas J. Aspray,soil microbial ecology microbiome fungi fauna enzymes roots biodiversity biomass activity,metadata_screened,pending,pending,pending,pending,,,,,
D5,10.1016/s0038-0717(03)00015-4,The implications of exoenzyme activity on microbial carbon and nitrogen limitation in soil: a theoretical model,Soil Biology and Biochemistry,J Schimel,soil microbial ecology microbiome fungi fauna enzymes roots biodiversity biomass activity,metadata_screened,pending,pending,pending,pending,,,,,
D5,10.1111/1574-6941.12090,"Analysis of structure, function, and activity of a benzene-degrading microbial community",FEMS Microbiology Ecology,Sven Jechalke,soil microbial ecology microbiome fungi fauna enzymes roots biodiversity biomass activity,metadata_screened,pending,pending,pending,pending,,,,,
D5,10.1038/ismej.2014.207,The role of community and population ecology in applying mycorrhizal fungi for improved food security,The ISME Journal,Alia Rodriguez,soil microbial ecology microbiome fungi fauna enzymes roots biodiversity biomass activity,metadata_screened,pending,pending,pending,pending,,,,,
D5,10.1016/j.apsoil.2014.09.009,"Douglas-fir reforestation in North Apennine (Italy): Performance on soil carbon sequestration, nutrients stock and microbial activity",Applied Soil Ecology,Livia Vittori Antisari,soil microbial ecology microbiome fungi fauna enzymes roots biodiversity biomass activity,metadata_screened,pending,pending,pending,pending,,,,,
D5,10.1111/1574-6941.12321,Ecological and evolutionary implications of hyphal anastomosis in arbuscular mycorrhizal fungi,FEMS Microbiology Ecology,Pierre-Luc Chagnon,soil microbial ecology microbiome fungi fauna enzymes roots biodiversity biomass activity,metadata_screened,pending,pending,pending,pending,,,,,
D5,10.1111/j.1574-6941.2006.00132.x,Ranking the magnitude of crop and farming system effects on soil microbial biomass and genetic structure of bacterial communities,FEMS Microbiology Ecology,Martin Hartmann,soil microbial ecology microbiome fungi fauna enzymes roots biodiversity biomass activity,metadata_screened,pending,pending,pending,pending,,,,,
D5,10.1111/j.1574-6941.2012.01445.x,"Linking fungal communities in roots, rhizosphere, and soil to the health status of<i>Pisum sativum</i>",FEMS Microbiology Ecology,Lihui Xu,soil microbial ecology microbiome fungi fauna enzymes roots biodiversity biomass activity,metadata_screened,pending,pending,pending,pending,,,,,
D6,10.1007/s10533-014-0064-1,Seasonal changes in soil organic matter after a decade of nutrient addition in a lowland tropical forest,Biogeochemistry,Benjamin L. Turner,soil carbon nitrogen biogeochemistry organic matter greenhouse gas priming stabilization isotope climate,metadata_screened,pending,pending,pending,pending,,,,,
D6,10.1016/j.soilbio.2016.09.016,The contribution of ericoid plants to soil nitrogen chemistry and organic matter decomposition in boreal forest soil,Soil Biology and Biochemistry,Bartosz Adamczyk,soil carbon nitrogen biogeochemistry organic matter greenhouse gas priming stabilization isotope climate,metadata_screened,pending,pending,pending,pending,,,,,
D6,10.1016/j.soilbio.2010.08.010,Rhizosphere priming of soil organic matter by bacterial groups in a grassland soil,Soil Biology and Biochemistry,Jeffrey A. Bird,soil carbon nitrogen biogeochemistry organic matter greenhouse gas priming stabilization isotope climate,metadata_screened,pending,pending,pending,pending,,,,,
D6,10.1016/j.soilbio.2009.02.031,Soil carbon and nitrogen mineralization: Theory and models across scales,Soil Biology and Biochemistry,Stefano Manzoni,soil carbon nitrogen biogeochemistry organic matter greenhouse gas priming stabilization isotope climate,metadata_screened,pending,pending,pending,pending,,,,,
D6,10.1046/j.1365-2486.2000.00357.x,Carbon and nitrogen pools and mineralization in a grassland gley soil under elevated carbon dioxide at a natural CO<sub>2</sub> spring,Global Change Biology,D. J. Ross,soil carbon nitrogen biogeochemistry organic matter greenhouse gas priming stabilization isotope climate,metadata_screened,pending,pending,pending,pending,,,,,
D6,10.5194/soil-5-223-2019,Evaluating the carbon sequestration potential of volcanic soils in southern Iceland after birch afforestation,SOIL,Matthias Hunziker,soil carbon nitrogen biogeochemistry organic matter greenhouse gas priming stabilization isotope climate,metadata_screened,pending,pending,pending,pending,,,,,
D6,10.1038/ngeo1403,Anthropogenic aerosols as a source of ancient dissolved organic matter in glaciers,Nature Geoscience,Aron Stubbins,soil carbon nitrogen biogeochemistry organic matter greenhouse gas priming stabilization isotope climate,metadata_screened,pending,pending,pending,pending,,,,,
D6,10.1016/j.soilbio.2016.04.023,Mechanisms driving the soil organic matter decomposition response to nitrogen enrichment in grassland soils,Soil Biology and Biochemistry,Charlotte E. Riggs,soil carbon nitrogen biogeochemistry organic matter greenhouse gas priming stabilization isotope climate,metadata_screened,pending,pending,pending,pending,,,,,
D6,10.1111/gcb.13793,Modelling the dynamic physical protection of soil organic carbon: Insights into carbon predictions and explanation of the priming effect,Global Change Biology,Zhongkui Luo,soil carbon nitrogen biogeochemistry organic matter greenhouse gas priming stabilization isotope climate,metadata_screened,pending,pending,pending,pending,,,,,
D6,10.1016/j.soilbio.2011.12.015,Soil physics meets soil biology: Towards better mechanistic prediction of greenhouse gas emissions from soil,Soil Biology and Biochemistry,Sergey Blagodatsky,soil carbon nitrogen biogeochemistry organic matter greenhouse gas priming stabilization isotope climate,metadata_screened,pending,pending,pending,pending,,,,,
D6,10.1111/j.1365-2486.2010.02220.x,The greenhouse gas value of ecosystems,Global Change Biology,KRISTINA J. ANDERSON-TEIXEIRA,soil carbon nitrogen biogeochemistry organic matter greenhouse gas priming stabilization isotope climate,metadata_screened,pending,pending,pending,pending,,,,,
D6,10.1016/j.soilbio.2010.05.020,Long-term organic phosphorus mineralization in Spodosols under forests and its relation to carbon and nitrogen mineralization,Soil Biology and Biochemistry,David L. Achat,soil carbon nitrogen biogeochemistry organic matter greenhouse gas priming stabilization isotope climate,metadata_screened,pending,pending,pending,pending,,,,,
D6,10.1038/ngeo2451,Nitrogen isotope variations in the Solar System,Nature Geoscience,Evelyn Füri,soil carbon nitrogen biogeochemistry organic matter greenhouse gas priming stabilization isotope climate,metadata_screened,pending,pending,pending,pending,,,,,
D6,10.1016/j.soilbio.2014.01.020,Fresh carbon and nitrogen inputs alter organic carbon mineralization and microbial community in forest deep soil layers,Soil Biology and Biochemistry,Qingkui Wang,soil carbon nitrogen biogeochemistry organic matter greenhouse gas priming stabilization isotope climate,metadata_screened,pending,pending,pending,pending,,,,,
D6,10.1016/j.soilbio.2019.107692,Soil microbial community responses to labile organic carbon fractions in relation to soil type and land use along a climate gradient,Soil Biology and Biochemistry,Paulina B. Ramírez,soil carbon nitrogen biogeochemistry organic matter greenhouse gas priming stabilization isotope climate,metadata_screened,pending,pending,pending,pending,,,,,
D6,10.5194/soil-4-153-2018,Hot regions of labile and stable soil organic carbon in Germany – Spatial variability and driving factors,SOIL,Cora Vos,soil carbon nitrogen biogeochemistry organic matter greenhouse gas priming stabilization isotope climate,metadata_screened,pending,pending,pending,pending,,,,,
D6,10.1007/s10533-020-00678-3,Linear two-pool models are insufficient to infer soil organic matter decomposition temperature sensitivity from incubations,Biogeochemistry,Jinyun Tang,soil carbon nitrogen biogeochemistry organic matter greenhouse gas priming stabilization isotope climate,metadata_screened,pending,pending,pending,pending,,,,,
D6,10.1007/s10533-004-0356-y,"Nitrogen additions to pristine, high-latitude, forest ecosystems: consequences for soil nitrogen transformations and retention in mid and late succession",Biogeochemistry,Richard E. Brenner,soil carbon nitrogen biogeochemistry organic matter greenhouse gas priming stabilization isotope climate,metadata_screened,pending,pending,pending,pending,,,,,
D6,10.1016/j.soilbio.2015.03.013,Chemical composition of organic matter in a deep soil changed with a positive priming effect due to glucose addition as investigated by 13C NMR spectroscopy,Soil Biology and Biochemistry,Yueling Zhang,soil carbon nitrogen biogeochemistry organic matter greenhouse gas priming stabilization isotope climate,metadata_screened,pending,pending,pending,pending,,,,,
D6,10.1111/gcb.12832,"Annual burning of a tallgrass prairie inhibits C and N cycling in soil, increasing recalcitrant pyrogenic organic matter storage while reducing N availability",Global Change Biology,Jennifer L. Soong,soil carbon nitrogen biogeochemistry organic matter greenhouse gas priming stabilization isotope climate,metadata_screened,pending,pending,pending,pending,,,,,
D6,10.1016/j.soilbio.2016.05.007,Feedback responses of soil greenhouse gas emissions to climate change are modulated by soil characteristics in dryland ecosystems,Soil Biology and Biochemistry,Catarina S.C. Martins,soil carbon nitrogen biogeochemistry organic matter greenhouse gas priming stabilization isotope climate,metadata_screened,pending,pending,pending,pending,,,,,
D6,10.1111/gcb.16163,Do the respiration pulses induced by drying–rewetting matter for the soil–atmosphere carbon balance?,Global Change Biology,Johannes Rousk,soil carbon nitrogen biogeochemistry organic matter greenhouse gas priming stabilization isotope climate,metadata_screened,pending,pending,pending,pending,,,,,
D6,10.1038/ngeo1757,Strong latitudinal patterns in the elemental ratios of marine plankton and organic matter,Nature Geoscience,Adam C. Martiny,soil carbon nitrogen biogeochemistry organic matter greenhouse gas priming stabilization isotope climate,metadata_screened,pending,pending,pending,pending,,,,,
D6,10.1007/s10533-010-9432-7,Variations in microbial isotopic fractionation during soil organic matter decomposition,Biogeochemistry,T. Z. Lerch,soil carbon nitrogen biogeochemistry organic matter greenhouse gas priming stabilization isotope climate,metadata_screened,pending,pending,pending,pending,,,,,
D6,10.1038/ngeo391,Effects of agricultural land use on the composition of fluvial dissolved organic matter,Nature Geoscience,Henry F. Wilson,soil carbon nitrogen biogeochemistry organic matter greenhouse gas priming stabilization isotope climate,metadata_screened,pending,pending,pending,pending,,,,,
D6,10.1111/gcb.17147,Organo–organic interactions dominantly drive soil organic carbon accrual,Global Change Biology,Jie Kang,soil carbon nitrogen biogeochemistry organic matter greenhouse gas priming stabilization isotope climate,metadata_screened,pending,pending,pending,pending,,,,,
D6,10.1007/s10533-022-00966-0,"Nitrogen wet deposition stoichiometry: the role of organic nitrogen, seasonality, and snow",Biogeochemistry,Desneiges S. Murray,soil carbon nitrogen biogeochemistry organic matter greenhouse gas priming stabilization isotope climate,metadata_screened,pending,pending,pending,pending,,,,,
D6,10.1111/gcb.17492,Temperature controls the relation between soil organic carbon and microbial carbon use efficiency,Global Change Biology,Zhaoyang Luo,soil carbon nitrogen biogeochemistry organic matter greenhouse gas priming stabilization isotope climate,metadata_screened,pending,pending,pending,pending,,,,,
D6,10.1007/s10533-022-00897-w,Increased interactions between iron oxides and organic carbon under acid deposition drive large increases in soil organic carbon in a tropical forest in southern China,Biogeochemistry,Jingwen Chen,soil carbon nitrogen biogeochemistry organic matter greenhouse gas priming stabilization isotope climate,metadata_screened,pending,pending,pending,pending,,,,,
D6,10.1016/j.soilbio.2010.09.017,Fungi mediate long term sequestration of carbon and nitrogen in soil through their priming effect,Soil Biology and Biochemistry,S. Fontaine,soil carbon nitrogen biogeochemistry organic matter greenhouse gas priming stabilization isotope climate,metadata_screened,pending,pending,pending,pending,,,,,
D6,10.1016/j.soilbio.2025.109891,Climate change impacts on organic carbon cycling in European alpine soils,Soil Biology and Biochemistry,K. Bright,soil carbon nitrogen biogeochemistry organic matter greenhouse gas priming stabilization isotope climate,metadata_screened,pending,pending,pending,pending,,,,,
D6,10.1016/j.soilbio.2023.108955,Priming effect on soil carbon decomposition by root exudate surrogates: A meta-analysis,Soil Biology and Biochemistry,Shaobin Yan,soil carbon nitrogen biogeochemistry organic matter greenhouse gas priming stabilization isotope climate,metadata_screened,pending,pending,pending,pending,,,,,
D6,10.1016/j.soilbio.2005.08.012,Experimental evaluation of methods to quantify dissolved organic nitrogen (DON) and dissolved organic carbon (DOC) in soil,Soil Biology and Biochemistry,D JONES,soil carbon nitrogen biogeochemistry organic matter greenhouse gas priming stabilization isotope climate,metadata_screened,pending,pending,pending,pending,,,,,
D6,10.1007/s10533-010-9562-y,Can composition and physical protection of soil organic matter explain soil respiration temperature sensitivity?,Biogeochemistry,Michael Zimmermann,soil carbon nitrogen biogeochemistry organic matter greenhouse gas priming stabilization isotope climate,metadata_screened,pending,pending,pending,pending,,,,,
D6,10.1038/s41561-020-0607-0,Carbon loss from northern circumpolar permafrost soils amplified by rhizosphere priming,Nature Geoscience,Frida Keuper,soil carbon nitrogen biogeochemistry organic matter greenhouse gas priming stabilization isotope climate,metadata_screened,pending,pending,pending,pending,,,,,
D6,10.1038/ngeo2486,Globally significant greenhouse-gas emissions from African inland waters,Nature Geoscience,Alberto V. Borges,soil carbon nitrogen biogeochemistry organic matter greenhouse gas priming stabilization isotope climate,metadata_screened,pending,pending,pending,pending,,,,,
D6,10.1038/s41561-018-0261-y,Systemic swings in end-Permian climate from Siberian Traps carbon and sulfur outgassing,Nature Geoscience,Benjamin A. Black,soil carbon nitrogen biogeochemistry organic matter greenhouse gas priming stabilization isotope climate,metadata_screened,pending,pending,pending,pending,,,,,
D6,10.5194/soil-10-33-2024,Combining lime and organic amendments based on titratable alkalinity for efficient amelioration of acidic soils,SOIL,Birhanu Iticha,soil carbon nitrogen biogeochemistry organic matter greenhouse gas priming stabilization isotope climate,metadata_screened,pending,pending,pending,pending,,,,,
D6,10.1007/s10533-022-00969-x,Is the transactional carbon credit tail wagging the virtuous soil organic matter dog?,Biogeochemistry,Eric A. Davidson,soil carbon nitrogen biogeochemistry organic matter greenhouse gas priming stabilization isotope climate,metadata_screened,pending,pending,pending,pending,,,,,
D6,10.1038/s41561-018-0168-7,"Links among warming, carbon and microbial dynamics mediated by soil mineral weathering",Nature Geoscience,S. Doetterl,soil carbon nitrogen biogeochemistry organic matter greenhouse gas priming stabilization isotope climate,metadata_screened,pending,pending,pending,pending,,,,,
D6,10.1007/s10533-010-9441-6,Isotopic composition of nitrogen in suspended particulate matter of Lake Superior: implications for nutrient cycling and organic matter transformation,Biogeochemistry,Sanjeev Kumar,soil carbon nitrogen biogeochemistry organic matter greenhouse gas priming stabilization isotope climate,metadata_screened,pending,pending,pending,pending,,,,,
D6,10.1111/gcb.12569,Baseline map of organic carbon in Australian soil to support national carbon accounting and monitoring under climate change,Global Change Biology,Raphael A. Viscarra Rossel,soil carbon nitrogen biogeochemistry organic matter greenhouse gas priming stabilization isotope climate,metadata_screened,pending,pending,pending,pending,,,,,
D6,10.1016/j.soilbio.2019.03.005,Phosphorus addition alters the response of soil organic carbon decomposition to nitrogen deposition in a subtropical forest,Soil Biology and Biochemistry,Xiang-Min Fang,soil carbon nitrogen biogeochemistry organic matter greenhouse gas priming stabilization isotope climate,metadata_screened,pending,pending,pending,pending,,,,,
D6,10.1016/j.soilbio.2018.04.026,High carbon use efficiency and low priming effect promote soil C stabilization under reduced tillage,Soil Biology and Biochemistry,Marie Sauvadet,soil carbon nitrogen biogeochemistry organic matter greenhouse gas priming stabilization isotope climate,metadata_screened,pending,pending,pending,pending,,,,,
D6,10.1038/s41561-022-01048-4,High rates of organic carbon burial in submarine deltas maintained on geological timescales,Nature Geoscience,Sophie Hage,soil carbon nitrogen biogeochemistry organic matter greenhouse gas priming stabilization isotope climate,metadata_screened,pending,pending,pending,pending,,,,,
D6,10.5194/soil-5-383-2019,Identifying and quantifying geogenic organic carbon in soils – the case of graphite,SOIL,Jeroen H. T. Zethof,soil carbon nitrogen biogeochemistry organic matter greenhouse gas priming stabilization isotope climate,metadata_screened,pending,pending,pending,pending,,,,,
D6,10.1007/s10533-017-0320-2,Influence of experimental extreme water pulses on greenhouse gas emissions from soils,Biogeochemistry,Sandra Petrakis,soil carbon nitrogen biogeochemistry organic matter greenhouse gas priming stabilization isotope climate,metadata_screened,pending,pending,pending,pending,,,,,
D6,10.1111/gcb.15512,Estimating the carbon storage potential and greenhouse gas emissions of French arable cropland using high‐resolution modeling,Global Change Biology,Camille Launay,soil carbon nitrogen biogeochemistry organic matter greenhouse gas priming stabilization isotope climate,metadata_screened,pending,pending,pending,pending,,,,,
D6,10.1111/gcb.13147,Elevated carbon dioxide increases soil nitrogen and phosphorus availability in a phosphorus‐limited <i>Eucalyptus</i> woodland,Global Change Biology,Shun Hasegawa,soil carbon nitrogen biogeochemistry organic matter greenhouse gas priming stabilization isotope climate,metadata_screened,pending,pending,pending,pending,,,,,
D6,10.1016/j.soilbio.2012.03.022,Model organic compounds differ in priming effects on alkalinity release in soils through carbon and nitrogen mineralisation,Soil Biology and Biochemistry,F. Rukshana,soil carbon nitrogen biogeochemistry organic matter greenhouse gas priming stabilization isotope climate,metadata_screened,pending,pending,pending,pending,,,,,
D6,10.1007/s10533-019-00633-x,Phosphorus and carbon in soil particle size fractions: A synthesis,Biogeochemistry,Marie Spohn,soil carbon nitrogen biogeochemistry organic matter greenhouse gas priming stabilization isotope climate,metadata_screened,pending,pending,pending,pending,,,,,
D6,10.1111/gcb.13071,Decadally cycling soil carbon is more sensitive to warming than faster‐cycling soil carbon,Global Change Biology,Junjie Lin,soil carbon nitrogen biogeochemistry organic matter greenhouse gas priming stabilization isotope climate,metadata_screened,pending,pending,pending,pending,,,,,
D6,10.1007/s10533-018-0515-1,Long-term effects of grassland management on soil microbial abundance: implications for soil carbon and nitrogen storage,Biogeochemistry,Gary Egan,soil carbon nitrogen biogeochemistry organic matter greenhouse gas priming stabilization isotope climate,metadata_screened,pending,pending,pending,pending,,,,,
D6,10.1111/gcb.15551,Stable isotope signatures in historic harbor seal bone link food web‐assimilated carbon and nitrogen resources to a century of environmental change,Global Change Biology,Megan L. Feddern,soil carbon nitrogen biogeochemistry organic matter greenhouse gas priming stabilization isotope climate,metadata_screened,pending,pending,pending,pending,,,,,
D6,10.5194/soil-6-131-2020,Ramped thermal analysis for isolating biologically meaningful soil organic matter fractions with distinct residence times,SOIL,Jonathan Sanderman,soil carbon nitrogen biogeochemistry organic matter greenhouse gas priming stabilization isotope climate,metadata_screened,pending,pending,pending,pending,,,,,
D6,10.1023/a:1011988613449,"pH buffering in acidic soils developed under Picea abies and Quercus robur – effects of soil organic matter, adsorbed cations and soil solution ionic strength",Biogeochemistry,U. Skyllberg,soil carbon nitrogen biogeochemistry organic matter greenhouse gas priming stabilization isotope climate,metadata_screened,pending,pending,pending,pending,,,,,
D6,10.1038/ngeo2303,Global-scale variations of the ratios of carbon to phosphorus in exported marine organic matter,Nature Geoscience,Yi-Cheng Teng,soil carbon nitrogen biogeochemistry organic matter greenhouse gas priming stabilization isotope climate,metadata_screened,pending,pending,pending,pending,,,,,
D6,10.1016/j.soilbio.2023.109274,N2O emissions from cropland and grassland management systems are determined by soil organic matter quality and soil physical parameters rather than carbon stock and denitrifier abundances,Soil Biology and Biochemistry,A. Jerray,soil carbon nitrogen biogeochemistry organic matter greenhouse gas priming stabilization isotope climate,metadata_screened,pending,pending,pending,pending,,,,,
D6,10.1016/j.soilbio.2016.12.025,Interactions of soil particulate organic matter chemistry and microbial community composition mediating carbon mineralization in karst soils,Soil Biology and Biochemistry,Wei Xiao,soil carbon nitrogen biogeochemistry organic matter greenhouse gas priming stabilization isotope climate,metadata_screened,pending,pending,pending,pending,,,,,
D6,10.1007/s10533-022-00921-z,Soil greenhouse gas fluxes in floodplain forests of the Danube National Park: effects of flooding and soil microclimate,Biogeochemistry,A. Schindlbacher,soil carbon nitrogen biogeochemistry organic matter greenhouse gas priming stabilization isotope climate,metadata_screened,pending,pending,pending,pending,,,,,
D6,10.1016/j.soilbio.2016.05.006,Ecological stoichiometry controls the transformation and retention of plant-derived organic matter to humus in response to nitrogen fertilisation,Soil Biology and Biochemistry,Damien Finn,soil carbon nitrogen biogeochemistry organic matter greenhouse gas priming stabilization isotope climate,metadata_screened,pending,pending,pending,pending,,,,,
D6,10.1016/j.soilbio.2015.02.017,Nanoscale evidence of contrasted processes for root-derived organic matter stabilization by mineral interactions depending on soil depth,Soil Biology and Biochemistry,Cornelia Rumpel,soil carbon nitrogen biogeochemistry organic matter greenhouse gas priming stabilization isotope climate,metadata_screened,pending,pending,pending,pending,,,,,
D6,10.1111/gcb.14365,Drivers of postfire soil organic carbon accumulation in the boreal forest,Global Change Biology,Benjamin Andrieux,soil carbon nitrogen biogeochemistry organic matter greenhouse gas priming stabilization isotope climate,metadata_screened,pending,pending,pending,pending,,,,,
D6,10.1016/j.soilbio.2010.04.005,Model of apparent and real priming effects: Linking microbial activity with soil organic matter decomposition,Soil Biology and Biochemistry,Sergey Blagodatsky,soil carbon nitrogen biogeochemistry organic matter greenhouse gas priming stabilization isotope climate,metadata_screened,pending,pending,pending,pending,,,,,
D6,10.1111/gcb.13387,Conventional intensive logging promotes loss of organic carbon from the mineral soil,Global Change Biology,Christopher Dean,soil carbon nitrogen biogeochemistry organic matter greenhouse gas priming stabilization isotope climate,metadata_screened,pending,pending,pending,pending,,,,,
D6,10.1016/j.soilbio.2022.108615,Microbial carbon use efficiency and priming of soil organic matter mineralization by glucose additions in boreal forest soils with different C:N ratios,Soil Biology and Biochemistry,Kristiina Karhu,soil carbon nitrogen biogeochemistry organic matter greenhouse gas priming stabilization isotope climate,metadata_screened,pending,pending,pending,pending,,,,,
D6,10.5194/soil-6-115-2020,Depletion of soil carbon and aggregation after strong warming of a subarctic Andosol under forest and grassland cover,SOIL,Christopher Poeplau,soil carbon nitrogen biogeochemistry organic matter greenhouse gas priming stabilization isotope climate,metadata_screened,pending,pending,pending,pending,,,,,
D6,10.1111/j.1365-2486.2005.00909.x,Linking microbial activity and soil organic matter transformations in forest soils under elevated CO<sub>2</sub>,Global Change Biology,S. A. Billings,soil carbon nitrogen biogeochemistry organic matter greenhouse gas priming stabilization isotope climate,metadata_screened,pending,pending,pending,pending,,,,,
D6,10.1038/s41561-020-00662-4,Carbon and nitrogen cycling in Yedoma permafrost controlled by microbial functional limitations,Nature Geoscience,Sylvain Monteux,soil carbon nitrogen biogeochemistry organic matter greenhouse gas priming stabilization isotope climate,metadata_screened,pending,pending,pending,pending,,,,,
D6,10.1016/j.soilbio.2005.02.006,Feeding guilds in Collembola based on nitrogen stable isotope ratios,Soil Biology and Biochemistry,Masoumeh Chahartaghi,soil carbon nitrogen biogeochemistry organic matter greenhouse gas priming stabilization isotope climate,metadata_screened,pending,pending,pending,pending,,,,,
D6,10.1111/gcb.14859,Conceptualizing soil organic matter into particulate and mineral‐associated forms to address global change in the 21st century,Global Change Biology,Jocelyn M. Lavallee,soil carbon nitrogen biogeochemistry organic matter greenhouse gas priming stabilization isotope climate,metadata_screened,pending,pending,pending,pending,,,,,
D6,10.1016/j.soilbio.2018.02.002,Tracking the fate of fresh carbon in the Arctic tundra: Will shrub expansion alter responses of soil organic matter to warming?,Soil Biology and Biochemistry,Laurel M. Lynch,soil carbon nitrogen biogeochemistry organic matter greenhouse gas priming stabilization isotope climate,metadata_screened,pending,pending,pending,pending,,,,,
D6,10.1016/j.soilbio.2022.108850,Frequent carbon input primes decomposition of decadal soil organic matter,Soil Biology and Biochemistry,Jie Zhou,soil carbon nitrogen biogeochemistry organic matter greenhouse gas priming stabilization isotope climate,metadata_screened,pending,pending,pending,pending,,,,,
D6,10.1007/s10533-005-1640-1,"Porewater Stoichiometry of Terminal Metabolic Products, Sulfate, and Dissolved Organic Carbon and Nitrogen in Estuarine Intertidal Creek-bank Sediments",Biogeochemistry,Nathaniel B. Weston,soil carbon nitrogen biogeochemistry organic matter greenhouse gas priming stabilization isotope climate,metadata_screened,pending,pending,pending,pending,,,,,
D6,10.1111/j.1365-2486.2012.02680.x,Carbon cycling in eroding landscapes: geomorphic controls on soil organic C pool composition and C stabilization,Global Change Biology,Sebastian Doetterl,soil carbon nitrogen biogeochemistry organic matter greenhouse gas priming stabilization isotope climate,metadata_screened,pending,pending,pending,pending,,,,,
D6,10.1007/s10533-009-9313-0,"Carbon storage in post-mining forest soil, the role of tree biomass and soil bioturbation",Biogeochemistry,Jan Frouz,soil carbon nitrogen biogeochemistry organic matter greenhouse gas priming stabilization isotope climate,metadata_screened,pending,pending,pending,pending,,,,,
D6,10.1111/gcb.15754,Long‐term geothermal warming reduced stocks of carbon but not nitrogen in a subarctic forest soil,Global Change Biology,Tino Peplau,soil carbon nitrogen biogeochemistry organic matter greenhouse gas priming stabilization isotope climate,metadata_screened,pending,pending,pending,pending,,,,,
D6,10.5194/soil-11-17-2025,Large errors in soil carbon measurements attributed to inconsistent sample processing,SOIL,Rebecca J. Even,soil carbon nitrogen biogeochemistry organic matter greenhouse gas priming stabilization isotope climate,metadata_screened,pending,pending,pending,pending,,,,,
D6,10.1016/j.soilbio.2014.07.003,Soil microbial organic nitrogen uptake is regulated by carbon availability,Soil Biology and Biochemistry,Mark Farrell,soil carbon nitrogen biogeochemistry organic matter greenhouse gas priming stabilization isotope climate,metadata_screened,pending,pending,pending,pending,,,,,
D6,10.1111/j.1365-2486.2006.01215.x,Estimating soil carbon sequestration under elevated CO<sub>2</sub> by combining carbon isotope labelling with soil carbon cycle modelling,Global Change Biology,PASCAL A. NIKLAUS,soil carbon nitrogen biogeochemistry organic matter greenhouse gas priming stabilization isotope climate,metadata_screened,pending,pending,pending,pending,,,,,
D6,10.1016/j.soilbio.2022.108614,Phosphorus fertiliser source determines the allocation of root-derived organic carbon to soil organic matter fractions,Soil Biology and Biochemistry,Patricia Poblete-Grant,soil carbon nitrogen biogeochemistry organic matter greenhouse gas priming stabilization isotope climate,metadata_screened,pending,pending,pending,pending,,,,,
D6,10.1007/s10533-017-0373-2,Soil organic matter molecular composition and state of decomposition in three locations of the European Arctic,Biogeochemistry,Annelene Pengerud,soil carbon nitrogen biogeochemistry organic matter greenhouse gas priming stabilization isotope climate,metadata_screened,pending,pending,pending,pending,,,,,
D6,10.1111/j.1365-2486.2010.02187.x,An estimate of greenhouse gas (N<sub>2</sub>O and CO<sub>2</sub>) mitigation potential under various scenarios of nitrogen use efficiency in Chinese croplands,Global Change Biology,YAO HUANG,soil carbon nitrogen biogeochemistry organic matter greenhouse gas priming stabilization isotope climate,metadata_screened,pending,pending,pending,pending,,,,,
D6,10.1111/gcb.15124,Soils' dirty little secret: Depth‐based comparisons can be inadequate for quantifying changes in soil organic carbon and other mineral soil properties,Global Change Biology,Adam C. von Haden,soil carbon nitrogen biogeochemistry organic matter greenhouse gas priming stabilization isotope climate,metadata_screened,pending,pending,pending,pending,,,,,
D6,10.1007/s10533-011-9575-1,"Simulation of carbon cycling, including dissolved organic carbon transport, in forest soil locally enriched with 14C",Biogeochemistry,E. Tipping,soil carbon nitrogen biogeochemistry organic matter greenhouse gas priming stabilization isotope climate,metadata_screened,pending,pending,pending,pending,,,,,
D6,10.1007/s10533-008-9256-x,Does elevated nitrogen deposition or ecosystem recovery from acidification drive increased dissolved organic carbon loss from upland soil? A review of evidence from field nitrogen addition experiments,Biogeochemistry,Chris D. Evans,soil carbon nitrogen biogeochemistry organic matter greenhouse gas priming stabilization isotope climate,metadata_screened,pending,pending,pending,pending,,,,,
D6,10.1016/j.soilbio.2022.108881,Linking nitrogen- and straw-sensitive indicator species and their co-occurrences to priming effect in agricultural soil exposed to long-term nitrogen fertilization,Soil Biology and Biochemistry,Hao Chen,soil carbon nitrogen biogeochemistry organic matter greenhouse gas priming stabilization isotope climate,metadata_screened,pending,pending,pending,pending,,,,,
D6,10.1016/j.soilbio.2020.107942,Sources and priming of soil N2O and CO2 production: Nitrogen and simulated exudate additions,Soil Biology and Biochemistry,Erin J. Daly,soil carbon nitrogen biogeochemistry organic matter greenhouse gas priming stabilization isotope climate,metadata_screened,pending,pending,pending,pending,,,,,
D6,10.1007/s10533-019-00544-x,Historical soil drainage mediates the response of soil greenhouse gas emissions to intense precipitation events,Biogeochemistry,Alexander Krichels,soil carbon nitrogen biogeochemistry organic matter greenhouse gas priming stabilization isotope climate,metadata_screened,pending,pending,pending,pending,,,,,
D6,10.1111/gcb.13187,Nitrogen deposition and greenhouse gas emissions from grasslands: uncertainties and future directions,Global Change Biology,Nuria Gomez‐Casanovas,soil carbon nitrogen biogeochemistry organic matter greenhouse gas priming stabilization isotope climate,metadata_screened,pending,pending,pending,pending,,,,,
D6,10.1016/j.soilbio.2017.04.018,Nitrogen fertilization decreases the decomposition of soil organic matter and plant residues in planted soils,Soil Biology and Biochemistry,Xiao Gang Li,soil carbon nitrogen biogeochemistry organic matter greenhouse gas priming stabilization isotope climate,metadata_screened,pending,pending,pending,pending,,,,,
D6,10.1016/j.soilbio.2017.06.014,Pore characteristics regulate priming and fate of carbon from plant residue,Soil Biology and Biochemistry,E.R. Toosi,soil carbon nitrogen biogeochemistry organic matter greenhouse gas priming stabilization isotope climate,metadata_screened,pending,pending,pending,pending,,,,,
D6,10.1111/gcb.14931,Sensitivity of mangrove soil organic matter decay to warming and sea level change,Global Change Biology,Marie Arnaud,soil carbon nitrogen biogeochemistry organic matter greenhouse gas priming stabilization isotope climate,metadata_screened,pending,pending,pending,pending,,,,,
D6,10.1111/j.1365-2486.2004.00780.x,Uncertainty analysis of soil organic carbon stock change in Canadian cropland from 1991 to 2001,Global Change Biology,A. J. VandenBygaart,soil carbon nitrogen biogeochemistry organic matter greenhouse gas priming stabilization isotope climate,metadata_screened,pending,pending,pending,pending,,,,,
D6,10.1016/j.soilbio.2015.02.019,Organic acid induced release of nutrients from metal-stabilized soil organic matter – The unbutton model,Soil Biology and Biochemistry,Marianne Clarholm,soil carbon nitrogen biogeochemistry organic matter greenhouse gas priming stabilization isotope climate,metadata_screened,pending,pending,pending,pending,,,,,
D6,10.1016/j.soilbio.2004.08.006,CN-SIM—a model for the turnover of soil organic matter. I. Long-term carbon and radiocarbon development,Soil Biology and Biochemistry,Bjørn M. Petersen,soil carbon nitrogen biogeochemistry organic matter greenhouse gas priming stabilization isotope climate,metadata_screened,pending,pending,pending,pending,,,,,
D6,10.1016/j.soilbio.2003.09.011,Variations of soluble organic nitrogen and microbial nitrogen in deciduous forest soils along an urban–rural gradient,Soil Biology and Biochemistry,Wei-Xing Zhu,soil carbon nitrogen biogeochemistry organic matter greenhouse gas priming stabilization isotope climate,metadata_screened,pending,pending,pending,pending,,,,,
D6,10.1007/s10533-014-9975-0,Particulate organic matter quality influences nitrate retention and denitrification in stream sediments: evidence from a carbon burial experiment,Biogeochemistry,Robert S. Stelzer,soil carbon nitrogen biogeochemistry organic matter greenhouse gas priming stabilization isotope climate,metadata_screened,pending,pending,pending,pending,,,,,
D6,10.1016/j.soilbio.2010.08.017,Loss of low molecular weight dissolved organic carbon (DOC) and nitrogen (DON) in H2O and 0.5 M K2SO4 soil extracts,Soil Biology and Biochemistry,Johannes Rousk,soil carbon nitrogen biogeochemistry organic matter greenhouse gas priming stabilization isotope climate,metadata_screened,pending,pending,pending,pending,,,,,
D6,10.1038/ngeo683,Permanent storage of carbon dioxide in geological reservoirs by mineral carbonation,Nature Geoscience,Jürg M. Matter,soil carbon nitrogen biogeochemistry organic matter greenhouse gas priming stabilization isotope climate,metadata_screened,pending,pending,pending,pending,,,,,
D6,10.1111/gcb.14471,Quantifying the legacy of snowmelt timing on soil greenhouse gas emissions in a seasonally dry montane forest,Global Change Biology,Joseph C. Blankinship,soil carbon nitrogen biogeochemistry organic matter greenhouse gas priming stabilization isotope climate,metadata_screened,pending,pending,pending,pending,,,,,
D6,10.1007/s10533-018-0512-4,"Molecular-level changes in soil organic matter composition after 10 years of litter, root and nitrogen manipulation in a temperate forest",Biogeochemistry,Lori vandenEnden,soil carbon nitrogen biogeochemistry organic matter greenhouse gas priming stabilization isotope climate,metadata_screened,pending,pending,pending,pending,,,,,
D6,10.1016/s0038-0717(00)00089-4,Potential nitrogen immobilization in grassland soils across a soil organic matter gradient,Soil Biology and Biochemistry,J.E. Barrett,soil carbon nitrogen biogeochemistry organic matter greenhouse gas priming stabilization isotope climate,metadata_screened,pending,pending,pending,pending,,,,,
D6,10.1111/gcb.16887,Depth‐dependent effects of ericoid mycorrhizal shrubs on soil carbon and nitrogen pools are accentuated under arbuscular mycorrhizal trees,Global Change Biology,Elisabeth B. Ward,soil carbon nitrogen biogeochemistry organic matter greenhouse gas priming stabilization isotope climate,metadata_screened,pending,pending,pending,pending,,,,,
D6,10.1111/gcb.14482,"Pathways of mineral‐associated soil organic matter formation: Integrating the role of plant carbon source, chemistry, and point of entry",Global Change Biology,Noah W. Sokol,soil carbon nitrogen biogeochemistry organic matter greenhouse gas priming stabilization isotope climate,metadata_screened,pending,pending,pending,pending,,,,,
D6,10.1016/j.soilbio.2022.108619,Resistant soil carbon is more vulnerable to priming effect than active soil carbon,Soil Biology and Biochemistry,Xi Chen,soil carbon nitrogen biogeochemistry organic matter greenhouse gas priming stabilization isotope climate,metadata_screened,pending,pending,pending,pending,,,,,
D6,10.1038/ngeo1782,Millennial-scale changes in atmospheric CO2 levels linked to the Southern Ocean carbon isotope gradient and dust flux,Nature Geoscience,Martin Ziegler,soil carbon nitrogen biogeochemistry organic matter greenhouse gas priming stabilization isotope climate,metadata_screened,pending,pending,pending,pending,,,,,
D6,10.1016/j.soilbio.2025.109740,Microbial carbon use efficiency of mineral-associated organic matter is related to its desorbability,Soil Biology and Biochemistry,Alexander Konrad,soil carbon nitrogen biogeochemistry organic matter greenhouse gas priming stabilization isotope climate,metadata_screened,pending,pending,pending,pending,,,,,
D6,10.1007/s10533-017-0410-1,Calcium-mediated stabilisation of soil organic carbon,Biogeochemistry,Mike C. Rowley,soil carbon nitrogen biogeochemistry organic matter greenhouse gas priming stabilization isotope climate,metadata_screened,pending,pending,pending,pending,,,,,
D6,10.1111/gcb.16158,"Soil organic matter, rather than temperature, determines the structure and functioning of subarctic decomposer communities",Global Change Biology,Sinikka I. Robinson,soil carbon nitrogen biogeochemistry organic matter greenhouse gas priming stabilization isotope climate,metadata_screened,pending,pending,pending,pending,,,,,
D6,10.1038/s41561-025-01720-5,Soil carbon accrual and crop production enhanced by sustainable subsoil management,Nature Geoscience,Zheng-Rong Kan,soil carbon nitrogen biogeochemistry organic matter greenhouse gas priming stabilization isotope climate,metadata_screened,pending,pending,pending,pending,,,,,
D6,10.1007/s10533-006-9039-1,"Soil carbon and nitrogen dynamics along a latitudinal transect in Western Siberia, Russia",Biogeochemistry,H. Meyer,soil carbon nitrogen biogeochemistry organic matter greenhouse gas priming stabilization isotope climate,metadata_screened,pending,pending,pending,pending,,,,,
D6,10.1007/s10533-013-9892-7,"Nitrogen, organic carbon and sulphur cycling in terrestrial ecosystems: linking nitrogen saturation to carbon limitation of soil microbial processes",Biogeochemistry,Jiří Kopáček,soil carbon nitrogen biogeochemistry organic matter greenhouse gas priming stabilization isotope climate,metadata_screened,pending,pending,pending,pending,,,,,
D6,10.5194/soil-10-151-2024,Mulch application as the overarching factor explaining increase in soil organic carbon stocks under conservation agriculture in two 8-year-old experiments in Zimbabwe,SOIL,Armwell Shumba,soil carbon nitrogen biogeochemistry organic matter greenhouse gas priming stabilization isotope climate,metadata_screened,pending,pending,pending,pending,,,,,
D6,10.5194/soil-1-367-2015,Global distribution of soil organic carbon – Part 2: Certainty of changes related to land use and climate,SOIL,M. Köchy,soil carbon nitrogen biogeochemistry organic matter greenhouse gas priming stabilization isotope climate,metadata_screened,pending,pending,pending,pending,,,,,
D6,10.1007/s10533-005-0712-6,Stabilization of Soil Organic Matter: Association with Minerals or Chemical Recalcitrance?,Biogeochemistry,Robert Mikutta,soil carbon nitrogen biogeochemistry organic matter greenhouse gas priming stabilization isotope climate,metadata_screened,pending,pending,pending,pending,,,,,
D6,10.1007/s10533-005-6220-x,Soil N chemistry in oak forests along a nitrogen deposition gradient,Biogeochemistry,Lars Ola Nilsson,soil carbon nitrogen biogeochemistry organic matter greenhouse gas priming stabilization isotope climate,metadata_screened,pending,pending,pending,pending,,,,,
D6,10.1016/s0038-0717(03)00123-8,The priming effect of organic matter: a question of microbial competition?,Soil Biology and Biochemistry,Sébastien Fontaine,soil carbon nitrogen biogeochemistry organic matter greenhouse gas priming stabilization isotope climate,metadata_screened,pending,pending,pending,pending,,,,,
D6,10.1038/ngeo416,Climate sensitivity to the carbon cycle modulated by past and future changes in ocean chemistry,Nature Geoscience,Philip Goodwin,soil carbon nitrogen biogeochemistry organic matter greenhouse gas priming stabilization isotope climate,metadata_screened,pending,pending,pending,pending,,,,,
D6,10.1111/gcb.15680,Soil organic carbon in irrigated agricultural systems: A meta‐analysis,Global Change Biology,David Emde,soil carbon nitrogen biogeochemistry organic matter greenhouse gas priming stabilization isotope climate,metadata_screened,pending,pending,pending,pending,,,,,
D6,10.1111/gcb.14017,Contrasting above‐ and belowground organic matter decomposition and carbon and nitrogen dynamics in response to warming in High Arctic tundra,Global Change Biology,Daan Blok,soil carbon nitrogen biogeochemistry organic matter greenhouse gas priming stabilization isotope climate,metadata_screened,pending,pending,pending,pending,,,,,
D6,10.1016/j.soilbio.2019.01.005,Interactive priming of soil N transformations from combining biochar and urea inputs: A 15N isotope tracer study,Soil Biology and Biochemistry,N. Fiorentino,soil carbon nitrogen biogeochemistry organic matter greenhouse gas priming stabilization isotope climate,metadata_screened,pending,pending,pending,pending,,,,,
D6,10.1016/j.soilbio.2017.03.010,Quantifying in situ and modeling net nitrogen mineralization from soil organic matter in arable cropping systems,Soil Biology and Biochemistry,Hugues Clivot,soil carbon nitrogen biogeochemistry organic matter greenhouse gas priming stabilization isotope climate,metadata_screened,pending,pending,pending,pending,,,,,
D6,10.1111/gcb.12491,"Almost 50 years of monitoring shows that climate, not forestry, controls long‐term organic carbon fluxes in a large boreal watershed",Global Change Biology,Ahti Lepistö,soil carbon nitrogen biogeochemistry organic matter greenhouse gas priming stabilization isotope climate,metadata_screened,pending,pending,pending,pending,,,,,
D6,10.1007/s10533-016-0210-z,Simulated rainfall on agricultural soil reveals enzymatic regulation of short-term nitrous oxide profiles in soil gas and emissions from the surface,Biogeochemistry,Jianqiu Zheng,soil carbon nitrogen biogeochemistry organic matter greenhouse gas priming stabilization isotope climate,metadata_screened,pending,pending,pending,pending,,,,,
D6,10.1111/gcb.70472,Activation Energy of Organic Matter Decomposition in Soil and Consequences of Global Warming,Global Change Biology,Ekaterina Filimonenko,soil carbon nitrogen biogeochemistry organic matter greenhouse gas priming stabilization isotope climate,metadata_screened,pending,pending,pending,pending,,,,,
D6,10.1023/a:1019864024307,Carbon isotope fractionation of methyl bromideduring agricultural soil fumigations,Biogeochemistry,Markus Bill,soil carbon nitrogen biogeochemistry organic matter greenhouse gas priming stabilization isotope climate,metadata_screened,pending,pending,pending,pending,,,,,
D6,10.1038/ngeo1427,Terrestrial carbon isotope excursions and biotic change during Palaeogene hyperthermals,Nature Geoscience,Hemmo A. Abels,soil carbon nitrogen biogeochemistry organic matter greenhouse gas priming stabilization isotope climate,metadata_screened,pending,pending,pending,pending,,,,,
D6,10.1016/j.soilbio.2018.06.003,Large impacts of small methane fluxes on carbon isotope values of soil respiration,Soil Biology and Biochemistry,Wenjuan Huang,soil carbon nitrogen biogeochemistry organic matter greenhouse gas priming stabilization isotope climate,metadata_screened,pending,pending,pending,pending,,,,,
D6,10.1023/a:1023317516458,Stable soil nitrogen accumulation and flexible organic matter stoichiometry during primary floodplain succession,Biogeochemistry,Jason P. Kaye,soil carbon nitrogen biogeochemistry organic matter greenhouse gas priming stabilization isotope climate,metadata_screened,pending,pending,pending,pending,,,,,
D6,10.1016/j.soilbio.2012.02.018,Discrete functional pools of soil organic matter in a UK grassland soil are differentially affected by temperature and priming,Soil Biology and Biochemistry,J. Farrar,soil carbon nitrogen biogeochemistry organic matter greenhouse gas priming stabilization isotope climate,metadata_screened,pending,pending,pending,pending,,,,,
D6,10.1007/s10533-005-2857-8,Does Solid-state 15N NMR Spectroscopy Detect all Soil Organic Nitrogen?,Biogeochemistry,Ronald J. Smernik,soil carbon nitrogen biogeochemistry organic matter greenhouse gas priming stabilization isotope climate,metadata_screened,pending,pending,pending,pending,,,,,
D6,10.1016/j.soilbio.2019.03.008,"Testing the dependence of microbial growth and carbon use efficiency on nitrogen availability, pH, and organic matter quality",Soil Biology and Biochemistry,Alex Silva-Sánchez,soil carbon nitrogen biogeochemistry organic matter greenhouse gas priming stabilization isotope climate,metadata_screened,pending,pending,pending,pending,,,,,
D6,10.1111/gcb.15364,Impacts of soil water stress on the acclimated stomatal limitation of photosynthesis: Insights from stable carbon isotope data,Global Change Biology,Aliénor Lavergne,soil carbon nitrogen biogeochemistry organic matter greenhouse gas priming stabilization isotope climate,metadata_screened,pending,pending,pending,pending,,,,,
D6,10.1016/s0038-0717(99)00187-x,Dissolved organic carbon and nitrogen relationships in forest litter as affected by nitrogen deposition,Soil Biology and Biochemistry,Alison H. Magill,soil carbon nitrogen biogeochemistry organic matter greenhouse gas priming stabilization isotope climate,metadata_screened,pending,pending,pending,pending,,,,,
D6,10.1111/gcb.70413,Fungal Necromass Carbon Dominates Global Soil Organic Carbon Storage,Global Change Biology,Haoran Fu,soil carbon nitrogen biogeochemistry organic matter greenhouse gas priming stabilization isotope climate,metadata_screened,pending,pending,pending,pending,,,,,
D6,10.1007/s10533-005-2237-4,The Temperature Response of CO2 Production from Bulk Soils and Soil Fractions is Related to Soil Organic Matter Quality,Biogeochemistry,Jens Leifeld,soil carbon nitrogen biogeochemistry organic matter greenhouse gas priming stabilization isotope climate,metadata_screened,pending,pending,pending,pending,,,,,
D6,10.1111/gcb.13044,Long‐term impacts of manure amendments on carbon and greenhouse gas dynamics of rangelands,Global Change Biology,Justine J. Owen,soil carbon nitrogen biogeochemistry organic matter greenhouse gas priming stabilization isotope climate,metadata_screened,pending,pending,pending,pending,,,,,
D6,10.1111/gcb.13767,"Soil organic carbon dynamics jointly controlled by climate, carbon inputs, soil properties and soil carbon fractions",Global Change Biology,Zhongkui Luo,soil carbon nitrogen biogeochemistry organic matter greenhouse gas priming stabilization isotope climate,metadata_screened,pending,pending,pending,pending,,,,,
D6,10.1023/a:1006398105953,Export of dissolved organic carbon and nitrogen from Gleysol dominated catchments – the significance of water flow paths,Biogeochemistry,Frank Hagedorn,soil carbon nitrogen biogeochemistry organic matter greenhouse gas priming stabilization isotope climate,metadata_screened,pending,pending,pending,pending,,,,,
D6,10.1007/s10533-015-0073-8,Soil warming and nitrogen deposition alter soil organic matter composition at the molecular-level,Biogeochemistry,Oliva Pisani,soil carbon nitrogen biogeochemistry organic matter greenhouse gas priming stabilization isotope climate,metadata_screened,pending,pending,pending,pending,,,,,
D6,10.1007/s10533-017-0396-8,Shrub-encroachment induced alterations in input chemistry and soil microbial community affect topsoil organic carbon in an Inner Mongolian grassland,Biogeochemistry,Luhong Zhou,soil carbon nitrogen biogeochemistry organic matter greenhouse gas priming stabilization isotope climate,metadata_screened,pending,pending,pending,pending,,,,,
D6,10.1007/s10533-004-3258-0,Contribution of plant photosynthates to dissolved organic carbon in a flooded rice soil,Biogeochemistry,Yahai Lu,soil carbon nitrogen biogeochemistry organic matter greenhouse gas priming stabilization isotope climate,metadata_screened,pending,pending,pending,pending,,,,,
D6,10.1111/gcb.70448,Fast Decomposition of Nitrogen‐Rich Mineral‐Associated Organic Matter in Soils,Global Change Biology,Juan Jia,soil carbon nitrogen biogeochemistry organic matter greenhouse gas priming stabilization isotope climate,metadata_screened,pending,pending,pending,pending,,,,,
D6,10.1007/s10533-008-9257-9,"Nitrogen deposition effects on soil organic matter chemistry are linked to variation in enzymes, ecosystems and size fractions",Biogeochemistry,A. Stuart Grandy,soil carbon nitrogen biogeochemistry organic matter greenhouse gas priming stabilization isotope climate,metadata_screened,pending,pending,pending,pending,,,,,
D6,10.1046/j.1529-8817.2003.00722.x,"Soil organic carbon content and composition of 130‐year crop, pasture and forest land‐use managements",Global Change Biology,Dean A. Martens,soil carbon nitrogen biogeochemistry organic matter greenhouse gas priming stabilization isotope climate,metadata_screened,pending,pending,pending,pending,,,,,
D6,10.1111/gcb.14069,Impact of priming on global soil carbon stocks,Global Change Biology,Bertrand Guenet,soil carbon nitrogen biogeochemistry organic matter greenhouse gas priming stabilization isotope climate,metadata_screened,pending,pending,pending,pending,,,,,
D6,10.5194/soil-1-207-2015,Litter decomposition rate and soil organic matter quality in a patchwork heathland of southern Norway,SOIL,G. Certini,soil carbon nitrogen biogeochemistry organic matter greenhouse gas priming stabilization isotope climate,metadata_screened,pending,pending,pending,pending,,,,,
D6,10.1038/s41561-022-01079-x,Soil organic matter formation and loss are mediated by root exudates in a temperate forest,Nature Geoscience,Nikhil R. Chari,soil carbon nitrogen biogeochemistry organic matter greenhouse gas priming stabilization isotope climate,metadata_screened,pending,pending,pending,pending,,,,,
D6,10.1038/ngeo3018,Comprehensive characterization of atmospheric organic carbon at a forested site,Nature Geoscience,James F. Hunter,soil carbon nitrogen biogeochemistry organic matter greenhouse gas priming stabilization isotope climate,metadata_screened,pending,pending,pending,pending,,,,,
D7,10.1021/es4026613,PM<sub>10</sub> and PM<sub>2.5</sub> and Health Risk Assessment for Heavy Metals in a Typical Factory for Cathode Ray Tube Television Recycling,Environmental Science &amp; Technology,Wenxiong Fang,soil pollution contamination heavy metals pesticides antibiotics microplastics risk remediation exposure,metadata_screened,pending,pending,pending,pending,,,,,
D7,10.1016/j.jhazmat.2020.123986,Effective abatement of 29 pesticides in full-scale advanced treatment processes of drinking water: From concentration to human exposure risk,Journal of Hazardous Materials,Huiyu Dong,soil pollution contamination heavy metals pesticides antibiotics microplastics risk remediation exposure,metadata_screened,pending,pending,pending,pending,,,,,
D7,10.1021/acs.est.7b05631,Role of Immobile Kaolinite Colloids in the Transport of Heavy Metals,Environmental Science &amp; Technology,Jongmuk Won,soil pollution contamination heavy metals pesticides antibiotics microplastics risk remediation exposure,metadata_screened,pending,pending,pending,pending,,,,,
D7,10.1016/j.jhazmat.2023.130982,Bioorganic fertilizers improve the adaptability and remediation efficiency of Puccinellia distans in multiple heavy metals-contaminated saline soil by regulating the soil microbial community,Journal of Hazardous Materials,Run Wang,soil pollution contamination heavy metals pesticides antibiotics microplastics risk remediation exposure,metadata_screened,pending,pending,pending,pending,,,,,
D7,10.1016/j.scitotenv.2004.01.017,"Scalp hair analysis as a tool in assessing human exposure to heavy metals (S. Domingos mine, Portugal)",Science of The Total Environment,R. Pereira,soil pollution contamination heavy metals pesticides antibiotics microplastics risk remediation exposure,metadata_screened,pending,pending,pending,pending,,,,,
D7,10.1016/j.scitotenv.2022.160323,The pollution of microplastics in sediments: The ecological risk assessment and pollution source analysis,Science of The Total Environment,Zhenzhou Yin,soil pollution contamination heavy metals pesticides antibiotics microplastics risk remediation exposure,metadata_screened,pending,pending,pending,pending,,,,,
D7,10.1016/j.scitotenv.2023.161839,"Atmospheric microplastics at a southern China metropolis: Occurrence, deposition flux, exposure risk and washout effect of rainfall",Science of The Total Environment,Zhen Yuan,soil pollution contamination heavy metals pesticides antibiotics microplastics risk remediation exposure,metadata_screened,pending,pending,pending,pending,,,,,
D7,10.1016/j.scitotenv.2024.170431,Integrated assessment of the pollution and risk of heavy metals in soils near chemical industry parks along the middle Yangtze River,Science of The Total Environment,Dong Xu,soil pollution contamination heavy metals pesticides antibiotics microplastics risk remediation exposure,metadata_screened,pending,pending,pending,pending,,,,,
D7,10.1016/j.envint.2021.106535,"Children’s exposure to polycyclic aromatic hydrocarbons in the Valencian Region (Spain): Urinary levels, predictors of exposure and risk assessment",Environment International,Sandra F. Fernández,soil pollution contamination heavy metals pesticides antibiotics microplastics risk remediation exposure,metadata_screened,pending,pending,pending,pending,,,,,
D7,10.1016/j.envpol.2018.09.024,Heavy metals in slag affect inorganic N dynamics and soil bacterial community structure and function,Environmental Pollution,Miyuki Oka,soil pollution contamination heavy metals pesticides antibiotics microplastics risk remediation exposure,metadata_screened,pending,pending,pending,pending,,,,,
D7,10.1021/es020540r,Air−Soil Exchange of Organochlorine Pesticides in Agricultural Soils. 1. Field Measurements Using a Novel in Situ Sampling Device,Environmental Science &amp; Technology,S. N. Meijer,soil pollution contamination heavy metals pesticides antibiotics microplastics risk remediation exposure,metadata_screened,pending,pending,pending,pending,,,,,
D7,10.1016/j.scitotenv.2020.140983,Exposure and cumulative risk assessment to non-persistent pesticides in Spanish children using biomonitoring,Science of The Total Environment,Sandra F. Fernández,soil pollution contamination heavy metals pesticides antibiotics microplastics risk remediation exposure,metadata_screened,pending,pending,pending,pending,,,,,
D7,10.1016/j.envpol.2021.116564,Assessment of heavy metal pollution and exposure risk for migratory birds- A case study of Caohai wetland in Guizhou Plateau (China),Environmental Pollution,Pinhua Xia,soil pollution contamination heavy metals pesticides antibiotics microplastics risk remediation exposure,metadata_screened,pending,pending,pending,pending,,,,,
D7,10.1021/es203287x,Fate of Brominated Flame Retardants and Organochlorine Pesticides in Urban Soil: Volatility and Degradation,Environmental Science &amp; Technology,Fiona Wong,soil pollution contamination heavy metals pesticides antibiotics microplastics risk remediation exposure,metadata_screened,pending,pending,pending,pending,,,,,
D7,10.1016/j.envpol.2005.10.017,Field evaluation of in situ remediation of a heavy metal contaminated soil using lime and red-mud,Environmental Pollution,C.W. Gray,soil pollution contamination heavy metals pesticides antibiotics microplastics risk remediation exposure,metadata_screened,pending,pending,pending,pending,,,,,
D7,10.1021/acs.est.5b03177,Smoldering Remediation of Coal-Tar-Contaminated Soil: Pilot Field Tests of STAR,Environmental Science &amp; Technology,Grant C. Scholes,soil pollution contamination heavy metals pesticides antibiotics microplastics risk remediation exposure,metadata_screened,pending,pending,pending,pending,,,,,
D7,10.1016/j.scitotenv.2022.158925,Investigation of health and ecological risk attributed to the soil heavy metals in Iran: Systematic review and meta-analysis,Science of The Total Environment,Maryam Faraji,soil pollution contamination heavy metals pesticides antibiotics microplastics risk remediation exposure,metadata_screened,pending,pending,pending,pending,,,,,
D7,10.1021/es070848o,Pesticides in Western Canadian Mountain Air and Soil,Environmental Science &amp; Technology,Gillian L. Daly,soil pollution contamination heavy metals pesticides antibiotics microplastics risk remediation exposure,metadata_screened,pending,pending,pending,pending,,,,,
D7,10.1021/es703099c,Historical Inputs and Natural Recovery Rates for Heavy Metals and Organic Biomarkers in Puget Sound during the 20th Century,Environmental Science &amp; Technology,Jill M. Brandenberger,soil pollution contamination heavy metals pesticides antibiotics microplastics risk remediation exposure,metadata_screened,pending,pending,pending,pending,,,,,
D7,10.1021/acs.est.2c02255,Unique Compensation Effects of Heavy Metals and Phosphorus Copoisoning over NO<sub><i>x</i></sub> Reduction Catalysts,Environmental Science &amp; Technology,Pan Zhang,soil pollution contamination heavy metals pesticides antibiotics microplastics risk remediation exposure,metadata_screened,pending,pending,pending,pending,,,,,
D7,10.1016/j.scitotenv.2021.147620,A critical review on the interactions of microplastics with heavy metals: Mechanism and their combined effect on organisms and humans,Science of The Total Environment,Yanxiao Cao,soil pollution contamination heavy metals pesticides antibiotics microplastics risk remediation exposure,metadata_screened,pending,pending,pending,pending,,,,,
D7,10.1016/s0048-9697(01)01064-6,The removal of heavy metals from contaminated soil by a combination of sulfidisation and flotation,The Science of The Total Environment,M VANTHUYNE,soil pollution contamination heavy metals pesticides antibiotics microplastics risk remediation exposure,metadata_screened,pending,pending,pending,pending,,,,,
D7,10.1016/j.envint.2020.105642,Characterizing honey bee exposure and effects from pesticides for chemical prioritization and life cycle assessment,Environment International,Eleonora Crenna,soil pollution contamination heavy metals pesticides antibiotics microplastics risk remediation exposure,metadata_screened,pending,pending,pending,pending,,,,,
D7,10.1016/j.scitotenv.2022.157832,"Spatial variation, sources identification and risk assessment of soil heavy metals in a typical Torreya grandis cv. Merrillii plantation region of southeastern China",Science of The Total Environment,Zeng Wang,soil pollution contamination heavy metals pesticides antibiotics microplastics risk remediation exposure,metadata_screened,pending,pending,pending,pending,,,,,
D7,10.1016/j.envpol.2024.124999,Heavy metals in spices and herbs from worldwide markets: A systematic review and health risk assessment,Environmental Pollution,Najla Alawadhi,soil pollution contamination heavy metals pesticides antibiotics microplastics risk remediation exposure,metadata_screened,pending,pending,pending,pending,,,,,
D7,10.1016/j.scitotenv.2021.151632,Soil heavy metal pollution of industrial legacies in China and health risk assessment,Science of The Total Environment,Jing-yu Peng,soil pollution contamination heavy metals pesticides antibiotics microplastics risk remediation exposure,metadata_screened,pending,pending,pending,pending,,,,,
D7,10.1016/j.jhazmat.2018.01.041,Remediation of heavy hydrocarbon impacted soil using biopolymer and polystyrene foam beads,Journal of Hazardous Materials,Nicholas Wilton,soil pollution contamination heavy metals pesticides antibiotics microplastics risk remediation exposure,metadata_screened,pending,pending,pending,pending,,,,,
D7,10.1016/j.envint.2015.12.017,Heavy metals in agricultural soils of the European Union with implications for food safety,Environment International,G. Tóth,soil pollution contamination heavy metals pesticides antibiotics microplastics risk remediation exposure,metadata_screened,pending,pending,pending,pending,,,,,
D7,10.1016/j.scitotenv.2024.170702,"Potential toxic heavy metals in village rainwater runoff of antimony mining area, China: Distribution, pollution sources, and risk assessment",Science of The Total Environment,Luyuan Chen,soil pollution contamination heavy metals pesticides antibiotics microplastics risk remediation exposure,metadata_screened,pending,pending,pending,pending,,,,,
D7,10.1021/acs.est.3c01538,Drought Alleviates the Negative Effects of Microplastics on Soil Micro-Food Web Complexity and Stability,Environmental Science &amp; Technology,Mengli Liu,soil pollution contamination heavy metals pesticides antibiotics microplastics risk remediation exposure,metadata_screened,pending,pending,pending,pending,,,,,
D7,10.1016/j.envint.2005.05.045,Identification of weed plants excluding the uptake of heavy metals,Environment International,Shuhe Wei,soil pollution contamination heavy metals pesticides antibiotics microplastics risk remediation exposure,metadata_screened,pending,pending,pending,pending,,,,,
D7,10.1016/j.scitotenv.2024.172455,"When antibiotics encounter microplastics in aquatic environments: Interaction, combined toxicity, and risk assessments",Science of The Total Environment,Yibo Zhang,soil pollution contamination heavy metals pesticides antibiotics microplastics risk remediation exposure,metadata_screened,pending,pending,pending,pending,,,,,
D7,10.1016/j.scitotenv.2016.03.169,Heavy metals bioaccumulation in selected tissues of red swamp crayfish: An easy tool for monitoring environmental contamination levels,Science of The Total Environment,E. Goretti,soil pollution contamination heavy metals pesticides antibiotics microplastics risk remediation exposure,metadata_screened,pending,pending,pending,pending,,,,,
D7,10.1016/j.scitotenv.2018.05.211,Continuous impact of mining activities on soil heavy metals levels and human health,Science of The Total Environment,Gevorg Tepanosyan,soil pollution contamination heavy metals pesticides antibiotics microplastics risk remediation exposure,metadata_screened,pending,pending,pending,pending,,,,,
D7,10.1016/j.scitotenv.2021.146438,Heavy metals in soil-vegetable system around E-waste site and the health risk assessment,Science of The Total Environment,Xingmei Liu,soil pollution contamination heavy metals pesticides antibiotics microplastics risk remediation exposure,metadata_screened,pending,pending,pending,pending,,,,,
D7,10.1016/j.scitotenv.2024.171641,Remediation of soda-saline-alkali soil through soil amendments: Microbially mediated carbon and nitrogen cycles and remediation mechanisms,Science of The Total Environment,Jie Xing,soil pollution contamination heavy metals pesticides antibiotics microplastics risk remediation exposure,metadata_screened,pending,pending,pending,pending,,,,,
D7,10.1021/es048468f,Elevated Microbial Tolerance to Metals and Antibiotics in Metal-Contaminated Industrial Environments,Environmental Science &amp; Technology,Ramunas Stepanauskas,soil pollution contamination heavy metals pesticides antibiotics microplastics risk remediation exposure,metadata_screened,pending,pending,pending,pending,,,,,
D7,10.1021/acs.est.8b07231,Formation of PAH Derivatives and Increased Developmental Toxicity during Steam Enhanced Extraction Remediation of Creosote Contaminated Superfund Soil,Environmental Science &amp; Technology,Lisandra Santiago Delgado Trine,soil pollution contamination heavy metals pesticides antibiotics microplastics risk remediation exposure,metadata_screened,pending,pending,pending,pending,,,,,
D7,10.1016/j.scitotenv.2022.157472,"Antibiotic resistance genes in Chishui River, a tributary of the Yangtze River, China: Occurrence, seasonal variation and its relationships with antibiotics, heavy metals and microbial communities",Science of The Total Environment,Tianyu Wu,soil pollution contamination heavy metals pesticides antibiotics microplastics risk remediation exposure,metadata_screened,pending,pending,pending,pending,,,,,
D7,10.1016/j.jhazmat.2006.10.026,Simultaneous removal of organic contaminants and heavy metals from kaolin using an upward electrokinetic soil remediation process,Journal of Hazardous Materials,Jing-Yuan Wang,soil pollution contamination heavy metals pesticides antibiotics microplastics risk remediation exposure,metadata_screened,pending,pending,pending,pending,,,,,
D7,10.1016/j.envpol.2021.118018,"Geochemical fractionation, bioavailability, and potential risk of heavy metals in sediments of the largest influent river into Chaohu Lake, China",Environmental Pollution,Bingxiang Liu,soil pollution contamination heavy metals pesticides antibiotics microplastics risk remediation exposure,metadata_screened,pending,pending,pending,pending,,,,,
D7,10.1016/s0160-4120(02)00099-5,"Distribution of heavy metals in sediments of Mwanza Gulf of Lake Victoria, Tanzania",Environment International,M Kishe,soil pollution contamination heavy metals pesticides antibiotics microplastics risk remediation exposure,metadata_screened,pending,pending,pending,pending,,,,,
D7,10.1016/j.envpol.2022.118816,"Characteristics, correlations and health risks of PCDD/Fs and heavy metals in surface soil near municipal solid waste incineration plants in Southwest China",Environmental Pollution,Xin Bo,soil pollution contamination heavy metals pesticides antibiotics microplastics risk remediation exposure,metadata_screened,pending,pending,pending,pending,,,,,
D7,10.1016/j.envpol.2020.115844,Risk assessment for sediment associated heavy metals using sediment quality guidelines modified by sediment properties,Environmental Pollution,Yanfeng Zhang,soil pollution contamination heavy metals pesticides antibiotics microplastics risk remediation exposure,metadata_screened,pending,pending,pending,pending,,,,,
D7,10.1021/es061727b,New Ecotoxicological Model To Simulate Survival of Aquatic Invertebrates after Exposure to Fluctuating and Sequential Pulses of Pesticides,Environmental Science &amp; Technology,Roman Ashauer,soil pollution contamination heavy metals pesticides antibiotics microplastics risk remediation exposure,metadata_screened,pending,pending,pending,pending,,,,,
D7,10.1021/es702732g,Particle-Size Dependent Sorption and Desorption of Pesticides within a Water−Soil−Nonionic Surfactant System,Environmental Science &amp; Technology,Peng Wang,soil pollution contamination heavy metals pesticides antibiotics microplastics risk remediation exposure,metadata_screened,pending,pending,pending,pending,,,,,
D7,10.1016/j.jhazmat.2024.135877,Source to risk receptor transport and spatial hotspots of heavy metals pollution in peri-urban agricultural soils of the largest megacity in China,Journal of Hazardous Materials,Shiyan Yang,soil pollution contamination heavy metals pesticides antibiotics microplastics risk remediation exposure,metadata_screened,pending,pending,pending,pending,,,,,
D7,10.1016/s0160-4120(02)00117-4,Habitat function of agricultural soils as affected by heavy metals and polycyclic aromatic hydrocarbons contamination,Environment International,Barbara Maliszewska-Kordybach,soil pollution contamination heavy metals pesticides antibiotics microplastics risk remediation exposure,metadata_screened,pending,pending,pending,pending,,,,,
D7,10.1016/j.envpol.2024.124147,Modeling risk assessment of soil heavy metal pollution using partial least squares and fuzzy logic: A case study of a gully type coal-based solid waste dumpsite,Environmental Pollution,Xiaofei Wang,soil pollution contamination heavy metals pesticides antibiotics microplastics risk remediation exposure,metadata_screened,pending,pending,pending,pending,,,,,
D7,10.1016/j.envint.2023.108360,Polyethylene microplastics alter soil microbial community assembly and ecosystem multifunctionality,Environment International,Ziqiang Liu,soil pollution contamination heavy metals pesticides antibiotics microplastics risk remediation exposure,metadata_screened,pending,pending,pending,pending,,,,,
D7,10.1021/es0348750,Extraction of Heavy Metals from Soils Using Biodegradable Chelating Agents,Environmental Science &amp; Technology,Susan Tandy,soil pollution contamination heavy metals pesticides antibiotics microplastics risk remediation exposure,metadata_screened,pending,pending,pending,pending,,,,,
D7,10.1021/es800115b,Molecular Interactions of Pesticides at the Soil−Water Interface,Environmental Science &amp; Technology,Azadeh Shirzadi,soil pollution contamination heavy metals pesticides antibiotics microplastics risk remediation exposure,metadata_screened,pending,pending,pending,pending,,,,,
D7,10.1016/j.scitotenv.2019.01.310,Quantitative analysis of the factors influencing spatial distribution of soil heavy metals based on geographical detector,Science of The Total Environment,Pengwei Qiao,soil pollution contamination heavy metals pesticides antibiotics microplastics risk remediation exposure,metadata_screened,pending,pending,pending,pending,,,,,
D7,10.1021/es0618447,Merging Models and Biomonitoring Data to Characterize Sources and Pathways of Human Exposure to Organophosphorus Pesticides in the Salinas Valley of California,Environmental Science &amp; Technology,Thomas E. McKone,soil pollution contamination heavy metals pesticides antibiotics microplastics risk remediation exposure,metadata_screened,pending,pending,pending,pending,,,,,
D7,10.1016/j.scitotenv.2014.03.070,Combination of magnetic parameters and heavy metals to discriminate soil-contamination sources in Yinchuan — A typical oasis city of Northwestern China,Science of The Total Environment,Dunsheng Xia,soil pollution contamination heavy metals pesticides antibiotics microplastics risk remediation exposure,metadata_screened,pending,pending,pending,pending,,,,,
D7,10.1016/j.scitotenv.2008.10.049,Enhanced phytoextraction of uranium and selected heavy metals by Indian mustard and ryegrass using biodegradable soil amendments,Science of The Total Environment,L. Duquène,soil pollution contamination heavy metals pesticides antibiotics microplastics risk remediation exposure,metadata_screened,pending,pending,pending,pending,,,,,
D7,10.1016/s0160-4120(02)00104-6,Heavy metals in sediments from Makupa and Port–Reitz Creek systems: Kenyan Coast,Environment International,A Muohi,soil pollution contamination heavy metals pesticides antibiotics microplastics risk remediation exposure,metadata_screened,pending,pending,pending,pending,,,,,
D7,10.1016/j.scitotenv.2012.11.041,Children exposure to trace levels of heavy metals at the north zone of Kifissos River,Science of The Total Environment,Lefkothea Evrenoglou,soil pollution contamination heavy metals pesticides antibiotics microplastics risk remediation exposure,metadata_screened,pending,pending,pending,pending,,,,,
D7,10.1016/j.envpol.2018.04.134,Ants and their nests as indicators for industrial heavy metal contamination,Environmental Pollution,Oksana Skaldina,soil pollution contamination heavy metals pesticides antibiotics microplastics risk remediation exposure,metadata_screened,pending,pending,pending,pending,,,,,
D7,10.1021/es035278g,Adaptation of Soil Biological Nitrification to Heavy Metals,Environmental Science &amp; Technology,James A. Rusk,soil pollution contamination heavy metals pesticides antibiotics microplastics risk remediation exposure,metadata_screened,pending,pending,pending,pending,,,,,
D7,10.1016/j.envpol.2009.07.013,Effects of soil properties on food web accumulation of heavy metals to the wood mouse (Apodemus sylvaticus),Environmental Pollution,Nico van den Brink,soil pollution contamination heavy metals pesticides antibiotics microplastics risk remediation exposure,metadata_screened,pending,pending,pending,pending,,,,,
D7,10.1021/es303923w,Bioaccumulation of Heavy Metals by Submerged Macrophytes: Looking for Hyperaccumulators in Eutrophic Lakes,Environmental Science &amp; Technology,Wei Xing,soil pollution contamination heavy metals pesticides antibiotics microplastics risk remediation exposure,metadata_screened,pending,pending,pending,pending,,,,,
D7,10.1016/j.jhazmat.2011.10.003,"Fraction distribution and bioavailability of soil heavy metals in the Yangtze River Delta—A case study of Kunshan City in Jiangsu Province, China",Journal of Hazardous Materials,Xiao-lan Zhong,soil pollution contamination heavy metals pesticides antibiotics microplastics risk remediation exposure,metadata_screened,pending,pending,pending,pending,,,,,
D7,10.1016/j.envint.2020.106316,Long-term exposure to air-pollution and COVID-19 mortality in England: A hierarchical spatial analysis,Environment International,Garyfallos Konstantinoudis,soil pollution contamination heavy metals pesticides antibiotics microplastics risk remediation exposure,metadata_screened,pending,pending,pending,pending,,,,,
D7,10.1016/j.scitotenv.2023.165414,Interaction between antibiotics and microplastics: Recent advances and perspective,Science of The Total Environment,Shuting Zhuang,soil pollution contamination heavy metals pesticides antibiotics microplastics risk remediation exposure,metadata_screened,pending,pending,pending,pending,,,,,
D7,10.1016/j.envint.2016.05.024,"Regional multi-compartment ecological risk assessment: Establishing cadmium pollution risk in the northern Bohai Rim, China",Environment International,Yajuan Shi,soil pollution contamination heavy metals pesticides antibiotics microplastics risk remediation exposure,metadata_screened,pending,pending,pending,pending,,,,,
D7,10.1016/j.scitotenv.2018.06.034,Pollution characteristics and health risk assessment of heavy metals in the vegetable bases of northwest China,Science of The Total Environment,Rukeya Sawut,soil pollution contamination heavy metals pesticides antibiotics microplastics risk remediation exposure,metadata_screened,pending,pending,pending,pending,,,,,
D7,10.1016/j.jhazmat.2020.123855,Diversified effects of co-planting landscape plants on heavy metals pollution remediation in urban soil amended with sewage sludge,Journal of Hazardous Materials,Daoming Wu,soil pollution contamination heavy metals pesticides antibiotics microplastics risk remediation exposure,metadata_screened,pending,pending,pending,pending,,,,,
D7,10.1016/j.envpol.2020.114621,Spatial distribution of heavy metal contamination in mollisol dairy farm,Environmental Pollution,Zheng Qi,soil pollution contamination heavy metals pesticides antibiotics microplastics risk remediation exposure,metadata_screened,pending,pending,pending,pending,,,,,
D7,10.1016/j.scitotenv.2022.157275,Asbestos cement products and their impact on soil contamination in relation to various sources of anthropogenic and natural asbestos pollution,Science of The Total Environment,Andrzej Obmiński,soil pollution contamination heavy metals pesticides antibiotics microplastics risk remediation exposure,metadata_screened,pending,pending,pending,pending,,,,,
D7,10.1016/j.envint.2017.08.010,"Prenatal and postnatal exposure to organophosphate pesticides and childhood neurodevelopment in Shandong, China",Environment International,Yiwen Wang,soil pollution contamination heavy metals pesticides antibiotics microplastics risk remediation exposure,metadata_screened,pending,pending,pending,pending,,,,,
D7,10.1016/j.jhazmat.2012.05.023,"Health risk of heavy metals in food crops grown on reclaimed tidal flat soil in the Pearl River Estuary, China",Journal of Hazardous Materials,QuSheng Li,soil pollution contamination heavy metals pesticides antibiotics microplastics risk remediation exposure,metadata_screened,pending,pending,pending,pending,,,,,
D7,10.1016/j.envint.2006.11.003,Metal-contaminated soil remediation by using sludges of the marble industry: Toxicological evaluation,Environment International,C. Pérez-Sirvent,soil pollution contamination heavy metals pesticides antibiotics microplastics risk remediation exposure,metadata_screened,pending,pending,pending,pending,,,,,
D7,10.1021/es202513b,"Assessment of Noise and Heavy Metals (Cr, Cu, Cd, Pb) in the Ambience of the Production Line for Recycling Waste Printed Circuit Boards",Environmental Science &amp; Technology,Mianqiang Xue,soil pollution contamination heavy metals pesticides antibiotics microplastics risk remediation exposure,metadata_screened,pending,pending,pending,pending,,,,,
D7,10.1016/j.envpol.2021.117840,Co-pyrolysis of corn stover with industrial coal ash for in situ efficient remediation of heavy metals in multi-polluted soil,Environmental Pollution,Yu Xia,soil pollution contamination heavy metals pesticides antibiotics microplastics risk remediation exposure,metadata_screened,pending,pending,pending,pending,,,,,
D7,10.1016/s0160-4120(02)00146-0,Geochemical speciation of heavy metals in semiarid soils of the central Ebro Valley (Spain),Environment International,Ana Navas,soil pollution contamination heavy metals pesticides antibiotics microplastics risk remediation exposure,metadata_screened,pending,pending,pending,pending,,,,,
D7,10.1021/es304903b,"Influence of E-Waste Dismantling and Its Regulations: Temporal Trend, Spatial Distribution of Heavy Metals in Rice Grains, and Its Potential Health Risk",Environmental Science &amp; Technology,Jianjie Fu,soil pollution contamination heavy metals pesticides antibiotics microplastics risk remediation exposure,metadata_screened,pending,pending,pending,pending,,,,,
D7,10.1016/j.jhazmat.2021.126588,Stabilization and passivation of multiple heavy metals in soil facilitating by pinecone-based biochar: Mechanisms and microbial community evolution,Journal of Hazardous Materials,Jirong Lan,soil pollution contamination heavy metals pesticides antibiotics microplastics risk remediation exposure,metadata_screened,pending,pending,pending,pending,,,,,
D7,10.1016/j.envpol.2023.121252,Desorption behavior of antibiotics by microplastics (tire wear particles) in simulated gastrointestinal fluids,Environmental Pollution,Xiulei Fan,soil pollution contamination heavy metals pesticides antibiotics microplastics risk remediation exposure,metadata_screened,pending,pending,pending,pending,,,,,
D7,10.1021/acs.est.7b02382,Magnesium Oxide Embedded Nitrogen Self-Doped Biochar Composites: Fast and High-Efficiency Adsorption of Heavy Metals in an Aqueous Solution,Environmental Science &amp; Technology,Li-Li Ling,soil pollution contamination heavy metals pesticides antibiotics microplastics risk remediation exposure,metadata_screened,pending,pending,pending,pending,,,,,
D7,10.1021/es9912933,"Impacts of Airborne Contamination on Regional Soil and Water Quality: The Kola Peninsula, Russia",Environmental Science &amp; Technology,Clemens Reimann,soil pollution contamination heavy metals pesticides antibiotics microplastics risk remediation exposure,metadata_screened,pending,pending,pending,pending,,,,,
D7,10.1021/acs.est.0c01575,Microplastics Aggravate the Bioaccumulation of Two Waterborne Veterinary Antibiotics in an Edible Bivalve Species: Potential Mechanisms and Implications for Human Health,Environmental Science &amp; Technology,Weishang Zhou,soil pollution contamination heavy metals pesticides antibiotics microplastics risk remediation exposure,metadata_screened,pending,pending,pending,pending,,,,,
D7,10.1016/j.envpol.2022.119096,Decrypting the synergistic action of the Fenton process and biochar addition for sustainable remediation of real technogenic soil from PAHs and heavy metals,Environmental Pollution,Mahmoud Mazarji,soil pollution contamination heavy metals pesticides antibiotics microplastics risk remediation exposure,metadata_screened,pending,pending,pending,pending,,,,,
D7,10.1016/j.jhazmat.2010.04.068,"Defining and modeling the soil geochemical background of heavy metals from the Hengshi River watershed (southern China): Integrating EDA, stochastic simulation and magnetic parameters",Journal of Hazardous Materials,Xu Zhou,soil pollution contamination heavy metals pesticides antibiotics microplastics risk remediation exposure,metadata_screened,pending,pending,pending,pending,,,,,
D7,10.1016/j.jhazmat.2021.127381,"Health risk assessment of exposure to organochlorine pesticides in the general population in Seoul, Korea over 12 years: A cross-sectional epidemiological study",Journal of Hazardous Materials,Sung-Hee Seo,soil pollution contamination heavy metals pesticides antibiotics microplastics risk remediation exposure,metadata_screened,pending,pending,pending,pending,,,,,
D7,10.1016/s0269-7491(00)00088-9,Mobility of heavy metals as related to soil chemical and mineralogical characteristics of Brazilian soils,Environmental Pollution,A.T. de Matos,soil pollution contamination heavy metals pesticides antibiotics microplastics risk remediation exposure,metadata_screened,pending,pending,pending,pending,,,,,
D7,10.1016/j.envint.2004.12.002,A new approach for calculating the relative risk level of pesticides,Environment International,M YAZGAN,soil pollution contamination heavy metals pesticides antibiotics microplastics risk remediation exposure,metadata_screened,pending,pending,pending,pending,,,,,
D7,10.1016/j.envpol.2006.05.035,Halophyte vegetation influences in salt marsh retention capacity for heavy metals,Environmental Pollution,Rosa Reboreda,soil pollution contamination heavy metals pesticides antibiotics microplastics risk remediation exposure,metadata_screened,pending,pending,pending,pending,,,,,
D7,10.1016/j.envint.2019.01.067,"Heavy metals in food crops: Health risks, fate, mechanisms, and management",Environment International,Prabhat Kumar Rai,soil pollution contamination heavy metals pesticides antibiotics microplastics risk remediation exposure,metadata_screened,pending,pending,pending,pending,,,,,
D7,10.1016/j.envpol.2021.117593,"Trace element contamination of soil and dust by a New Caledonian ferronickel smelter: Dispersal, enrichment, and human health risk",Environmental Pollution,K.L. Fry,soil pollution contamination heavy metals pesticides antibiotics microplastics risk remediation exposure,metadata_screened,pending,pending,pending,pending,,,,,
D7,10.1016/j.envpol.2021.118194,Size effects of polystyrene microplastics on the accumulation and toxicity of (semi-)metals in earthworms,Environmental Pollution,Guanghui Xu,soil pollution contamination heavy metals pesticides antibiotics microplastics risk remediation exposure,metadata_screened,pending,pending,pending,pending,,,,,
D7,10.1021/es102553y,Predicting Sorption of Pesticides and Other Multifunctional Organic Chemicals to Soil Organic Carbon,Environmental Science &amp; Technology,Guido Bronner,soil pollution contamination heavy metals pesticides antibiotics microplastics risk remediation exposure,metadata_screened,pending,pending,pending,pending,,,,,
D7,10.1016/j.envpol.2021.116529,Bioaccessibility-corrected health risk of heavy metal exposure via shellfish consumption in coastal region of China,Environmental Pollution,Minwei Chai,soil pollution contamination heavy metals pesticides antibiotics microplastics risk remediation exposure,metadata_screened,pending,pending,pending,pending,,,,,
D7,10.1016/j.envint.2016.06.008,Air pollution exposure increases the risk of rheumatoid arthritis: A longitudinal and nationwide study,Environment International,Kuang-Hsi Chang,soil pollution contamination heavy metals pesticides antibiotics microplastics risk remediation exposure,metadata_screened,pending,pending,pending,pending,,,,,
D7,10.1016/j.envint.2018.09.010,Application of biochar to soils may result in plant contamination and human cancer risk due to exposure of polycyclic aromatic hydrocarbons,Environment International,Jian Wang,soil pollution contamination heavy metals pesticides antibiotics microplastics risk remediation exposure,metadata_screened,pending,pending,pending,pending,,,,,
D7,10.1016/j.jhazmat.2019.120997,"Soil washing remediation of heavy metal from contaminated soil with EDTMP and PAA: Properties, optimization, and risk assessment",Journal of Hazardous Materials,Weijin Feng,soil pollution contamination heavy metals pesticides antibiotics microplastics risk remediation exposure,metadata_screened,pending,pending,pending,pending,,,,,
D7,10.1016/j.jhazmat.2018.01.044,Combined effects of antimony and sodium diethyldithiocarbamate on soil microbial activity and speciation change of heavy metals. Implications for contaminated lands hazardous material pollution in nonferrous metal mining areas,Journal of Hazardous Materials,Xiaozhe Zhu,soil pollution contamination heavy metals pesticides antibiotics microplastics risk remediation exposure,metadata_screened,pending,pending,pending,pending,,,,,
D7,10.1016/j.envpol.2024.123404,Cross-contamination and ecological risk assessment of antibiotics between rivers and surrounding open aquaculture ponds,Environmental Pollution,Shenqiong Jiang,soil pollution contamination heavy metals pesticides antibiotics microplastics risk remediation exposure,metadata_screened,pending,pending,pending,pending,,,,,
D7,10.1021/es049885v,Leaching of Heavy Metals from Contaminated Soils: An Experimental and Modeling Study,Environmental Science &amp; Technology,Joris J. Dijkstra,soil pollution contamination heavy metals pesticides antibiotics microplastics risk remediation exposure,metadata_screened,pending,pending,pending,pending,,,,,
D7,10.1021/es8004706,No Long-Term Persistence of Bacterial Pollution-Induced Community Tolerance in Tylosin-Polluted Soil,Environmental Science &amp; Technology,Louise Aldén Demoling,soil pollution contamination heavy metals pesticides antibiotics microplastics risk remediation exposure,metadata_screened,pending,pending,pending,pending,,,,,
D7,10.1021/es902211j,Sulfide Remediation by Pulsed Injection of Nitrate into a Low Temperature Canadian Heavy Oil Reservoir,Environmental Science &amp; Technology,Gerrit Voordouw,soil pollution contamination heavy metals pesticides antibiotics microplastics risk remediation exposure,metadata_screened,pending,pending,pending,pending,,,,,
D7,10.1016/j.envint.2020.105504,Efforts in reducing air pollution exposure risk in China: State versus individuals,Environment International,Bin Zou,soil pollution contamination heavy metals pesticides antibiotics microplastics risk remediation exposure,metadata_screened,pending,pending,pending,pending,,,,,
D7,10.1016/j.envpol.2019.113113,Incorporating bioaccessibility into health risk assessment of heavy metals in particulate matter originated from different sources of atmospheric pollution,Environmental Pollution,Xinlei Liu,soil pollution contamination heavy metals pesticides antibiotics microplastics risk remediation exposure,metadata_screened,pending,pending,pending,pending,,,,,
D7,10.1016/j.scitotenv.2022.153851,Microplastics contamination of groundwater: Current evidence and future perspectives. A review,Science of The Total Environment,Stefano Viaroli,soil pollution contamination heavy metals pesticides antibiotics microplastics risk remediation exposure,metadata_screened,pending,pending,pending,pending,,,,,
D7,10.1016/j.jhazmat.2020.123550,Responses of bacterial communities and resistance genes on microplastics to antibiotics and heavy metals in sewage environment,Journal of Hazardous Materials,Yifan Zhao,soil pollution contamination heavy metals pesticides antibiotics microplastics risk remediation exposure,metadata_screened,pending,pending,pending,pending,,,,,
D7,10.1021/es026209p,Incineration of Different Types of Medical Wastes: Emission Factors for Particulate Matter and Heavy Metals,Environmental Science &amp; Technology,Maria C. M. Alvim-Ferraz,soil pollution contamination heavy metals pesticides antibiotics microplastics risk remediation exposure,metadata_screened,pending,pending,pending,pending,,,,,
D7,10.1016/j.scitotenv.2018.10.347,Risk assessment of heavy metals in pipe scales and loose deposits formed in drinking water distribution systems,Science of The Total Environment,Jiali Gao,soil pollution contamination heavy metals pesticides antibiotics microplastics risk remediation exposure,metadata_screened,pending,pending,pending,pending,,,,,
D7,10.1016/j.jhazmat.2020.124962,Can heavy metal pollution induce bacterial resistance to heavy metals and antibiotics in soils from an ancient land-mine?,Journal of Hazardous Materials,Qinmei Zhong,soil pollution contamination heavy metals pesticides antibiotics microplastics risk remediation exposure,metadata_screened,pending,pending,pending,pending,,,,,
D7,10.1016/j.jhazmat.2017.05.036,Paradigm shift of contamination risk of six heavy metals in tea ( Camellia sinensis L.) growing soil: A new approach influenced by inorganic and organic amendments,Journal of Hazardous Materials,Tanmoy Karak,soil pollution contamination heavy metals pesticides antibiotics microplastics risk remediation exposure,metadata_screened,pending,pending,pending,pending,,,,,
D7,10.1016/j.scitotenv.2021.150141,"Interactions of microplastics, antibiotics and antibiotic resistant genes within WWTPs",Science of The Total Environment,Evdokia Syranidou,soil pollution contamination heavy metals pesticides antibiotics microplastics risk remediation exposure,metadata_screened,pending,pending,pending,pending,,,,,
D7,10.1016/j.scitotenv.2021.148629,Heavy metals in soil from gangue stacking areas increases children health risk and causes developmental neurotoxicity in zebrafish larvae,Science of The Total Environment,Fenglong Yang,soil pollution contamination heavy metals pesticides antibiotics microplastics risk remediation exposure,metadata_screened,pending,pending,pending,pending,,,,,
D7,10.1016/j.envpol.2021.117414,Human health risk simulation and assessment of heavy metal contamination in a river affected by industrial activities,Environmental Pollution,Hong-Giang Hoang,soil pollution contamination heavy metals pesticides antibiotics microplastics risk remediation exposure,metadata_screened,pending,pending,pending,pending,,,,,
D7,10.1016/j.scitotenv.2013.02.086,Transfer of metals and metalloids from soil to shoots in wild rosemary (Rosmarinus officinalis L.) growing on a former lead smelter site: Human exposure risk,Science of The Total Environment,Marie-Cécile Affholder,soil pollution contamination heavy metals pesticides antibiotics microplastics risk remediation exposure,metadata_screened,pending,pending,pending,pending,,,,,
D7,10.1016/j.envpol.2020.115792,"Microplastics in fish meal: Contamination level analyzed by polymer type, including polyester (PET), polyolefins, and polystyrene",Environmental Pollution,Valter Castelvetro,soil pollution contamination heavy metals pesticides antibiotics microplastics risk remediation exposure,metadata_screened,pending,pending,pending,pending,,,,,
D7,10.1016/j.jhazmat.2009.11.029,Hydroxypropyl-β-cyclodextrin enhanced electrokinetic remediation of sediment contaminated with HCB and heavy metals,Journal of Hazardous Materials,Taiping Li,soil pollution contamination heavy metals pesticides antibiotics microplastics risk remediation exposure,metadata_screened,pending,pending,pending,pending,,,,,
D7,10.1016/j.envpol.2017.07.021,Integrated GIS and multivariate statistical analysis for regional scale assessment of heavy metal soil contamination: A critical review,Environmental Pollution,Deyi Hou,soil pollution contamination heavy metals pesticides antibiotics microplastics risk remediation exposure,metadata_screened,pending,pending,pending,pending,,,,,
D7,10.1016/j.jhazmat.2025.137890,Deciphering the effects of long-term exposure to conventional and biodegradable microplastics on the soil microbiome,Journal of Hazardous Materials,Wenbo Deng,soil pollution contamination heavy metals pesticides antibiotics microplastics risk remediation exposure,metadata_screened,pending,pending,pending,pending,,,,,
D7,10.1016/s0160-4120(01)00050-2,Monitoring of environmental heavy metals in fish from Nasser Lake,Environment International,M.N Rashed,soil pollution contamination heavy metals pesticides antibiotics microplastics risk remediation exposure,metadata_screened,pending,pending,pending,pending,,,,,
D7,10.1021/acs.est.4c05829,Antibiotics and Pesticides Enhancing the Transfer of Resistomes among Soil-Bayberry-Fruit Fly Food Chain in the Orchard Ecosystem,Environmental Science &amp; Technology,Ge Yi,soil pollution contamination heavy metals pesticides antibiotics microplastics risk remediation exposure,metadata_screened,pending,pending,pending,pending,,,,,
D7,10.1021/acs.est.7b00729,Magnetic Properties as a Proxy for Predicting Fine-Particle-Bound Heavy Metals in a Support Vector Machine Approach,Environmental Science &amp; Technology,Huiming Li,soil pollution contamination heavy metals pesticides antibiotics microplastics risk remediation exposure,metadata_screened,pending,pending,pending,pending,,,,,
D7,10.1016/j.scitotenv.2021.148668,Effective remediation of heavy metals in contaminated soil by electrokinetic technology incorporating reactive filter media,Science of The Total Environment,Romina Ghobadi,soil pollution contamination heavy metals pesticides antibiotics microplastics risk remediation exposure,metadata_screened,pending,pending,pending,pending,,,,,
D7,10.1016/j.envint.2010.08.016,Residential exposure to pesticides and childhood leukaemia: A systematic review and meta-analysis,Environment International,Geneviève Van Maele-Fabry,soil pollution contamination heavy metals pesticides antibiotics microplastics risk remediation exposure,metadata_screened,pending,pending,pending,pending,,,,,
D7,10.1016/j.envpol.2019.05.147,"Distribution, availability and translocation of heavy metals in soil-oilseed rape (Brassica napus L.) system related to soil properties",Environmental Pollution,Xuerui Cao,soil pollution contamination heavy metals pesticides antibiotics microplastics risk remediation exposure,metadata_screened,pending,pending,pending,pending,,,,,
D7,10.1016/j.scitotenv.2014.10.121,Heavy metal contamination of soil and water in the vicinity of an abandoned e-waste recycling site: Implications for dissemination of heavy metals,Science of The Total Environment,Qihang Wu,soil pollution contamination heavy metals pesticides antibiotics microplastics risk remediation exposure,metadata_screened,pending,pending,pending,pending,,,,,
D7,10.1016/j.jhazmat.2022.130055,The long-term uncertainty of biodegradable mulch film residues and associated microplastics pollution on plant-soil health,Journal of Hazardous Materials,Jie Zhou,soil pollution contamination heavy metals pesticides antibiotics microplastics risk remediation exposure,metadata_screened,pending,pending,pending,pending,,,,,
D7,10.1016/j.envint.2019.105124,Organophosphate pesticides exposure in pregnant women and maternal and cord blood thyroid hormone concentrations,Environment International,Tessa A. Mulder,soil pollution contamination heavy metals pesticides antibiotics microplastics risk remediation exposure,metadata_screened,pending,pending,pending,pending,,,,,
D7,10.1016/j.envint.2011.07.012,Remediation of water pollution caused by pharmaceutical residues based on electrochemical separation and degradation technologies: A review,Environment International,Ignasi Sirés,soil pollution contamination heavy metals pesticides antibiotics microplastics risk remediation exposure,metadata_screened,pending,pending,pending,pending,,,,,
D7,10.1016/j.jhazmat.2021.127364,"Microplastics change soil properties, heavy metal availability and bacterial community in a Pb-Zn-contaminated soil",Journal of Hazardous Materials,Xueying Feng,soil pollution contamination heavy metals pesticides antibiotics microplastics risk remediation exposure,metadata_screened,pending,pending,pending,pending,,,,,
D7,10.1016/j.jhazmat.2016.05.070,In situ remediation-released zero-valent iron nanoparticles impair soil ecosystems health: A C. elegans biomarker-based risk assessment,Journal of Hazardous Materials,Ying-Fei Yang,soil pollution contamination heavy metals pesticides antibiotics microplastics risk remediation exposure,metadata_screened,pending,pending,pending,pending,,,,,
D7,10.1016/j.scitotenv.2019.01.257,"Accumulation, fractionation and health risk assessment of fluoride and heavy metals in soil-crop systems in northwest China",Science of The Total Environment,Yepu Li,soil pollution contamination heavy metals pesticides antibiotics microplastics risk remediation exposure,metadata_screened,pending,pending,pending,pending,,,,,
D7,10.1016/j.jhazmat.2010.01.147,"Monitoring of contaminated toxic and heavy metals, from mine tailings through age accumulation, in soil and some wild plants at Southeast Egypt",Journal of Hazardous Materials,M.N. Rashed,soil pollution contamination heavy metals pesticides antibiotics microplastics risk remediation exposure,metadata_screened,pending,pending,pending,pending,,,,,
D7,10.1016/j.jhazmat.2020.122424,Identification of the potential risk areas for soil heavy metal pollution based on the source-sink theory,Journal of Hazardous Materials,Xiaolin Jia,soil pollution contamination heavy metals pesticides antibiotics microplastics risk remediation exposure,metadata_screened,pending,pending,pending,pending,,,,,
D7,10.1016/j.envpol.2018.08.038,A new exploration of health risk assessment quantification from sources of soil heavy metals under different land use,Environmental Pollution,Jinhui Huang,soil pollution contamination heavy metals pesticides antibiotics microplastics risk remediation exposure,metadata_screened,pending,pending,pending,pending,,,,,
D7,10.1016/j.scitotenv.2016.01.170,Effects of heavy metals and soil physicochemical properties on wetland soil microbial biomass and bacterial community structure,Science of The Total Environment,Chang Zhang,soil pollution contamination heavy metals pesticides antibiotics microplastics risk remediation exposure,metadata_screened,pending,pending,pending,pending,,,,,
D7,10.1016/j.envpol.2020.114065,Elucidating the differentiation of soil heavy metals under different land uses with geographically weighted regression and self-organizing map,Environmental Pollution,Zhan Wang,soil pollution contamination heavy metals pesticides antibiotics microplastics risk remediation exposure,metadata_screened,pending,pending,pending,pending,,,,,
D7,10.1016/j.scitotenv.2024.171472,Microplastics derived from plastic mulch films and their carrier function effect on the environmental risk of pesticides,Science of The Total Environment,Xin Bao,soil pollution contamination heavy metals pesticides antibiotics microplastics risk remediation exposure,metadata_screened,pending,pending,pending,pending,,,,,
D7,10.1016/j.envint.2016.11.020,Wastewater-based epidemiology to assess human exposure to pyrethroid pesticides,Environment International,Nikolaos I. Rousis,soil pollution contamination heavy metals pesticides antibiotics microplastics risk remediation exposure,metadata_screened,pending,pending,pending,pending,,,,,
D7,10.1021/es9905546,Valuable Products from Mineral Waste Oils Containing Heavy Metals,Environmental Science &amp; Technology,M. J. Lázaro,soil pollution contamination heavy metals pesticides antibiotics microplastics risk remediation exposure,metadata_screened,pending,pending,pending,pending,,,,,
D7,10.1016/j.scitotenv.2014.11.064,Health risk to residents and stimulation to inherent bacteria of various heavy metals in soil,Science of The Total Environment,Juan Zhang,soil pollution contamination heavy metals pesticides antibiotics microplastics risk remediation exposure,metadata_screened,pending,pending,pending,pending,,,,,
D7,10.1016/j.envpol.2019.113076,Separation and identification of microplastics from soil and sewage sludge,Environmental Pollution,Qinglan Li,soil pollution contamination heavy metals pesticides antibiotics microplastics risk remediation exposure,metadata_screened,pending,pending,pending,pending,,,,,
D7,10.1021/acs.est.7b05463,"Stressor Exposures Determine Risk: So, Why Do Fellow Scientists Continue To Focus on Superficial Microplastics Risk?",Environmental Science &amp; Technology,G. Allen Burton,soil pollution contamination heavy metals pesticides antibiotics microplastics risk remediation exposure,metadata_screened,pending,pending,pending,pending,,,,,
D7,10.1016/j.jhazmat.2008.02.119,Chemical fractionation and translocation of heavy metals in Canna indica L. grown on industrial waste amended soil,Journal of Hazardous Materials,Sutapa Bose,soil pollution contamination heavy metals pesticides antibiotics microplastics risk remediation exposure,metadata_screened,pending,pending,pending,pending,,,,,
D7,10.1016/j.envpol.2012.10.027,Functioning of metal contaminated garden soil after remediation,Environmental Pollution,Masa Jelusic,soil pollution contamination heavy metals pesticides antibiotics microplastics risk remediation exposure,metadata_screened,pending,pending,pending,pending,,,,,
D7,10.1016/j.envpol.2003.09.025,The effects of heavy metal contamination on the soil arthropod community of a shooting range,Environmental Pollution,Massimo Migliorini,soil pollution contamination heavy metals pesticides antibiotics microplastics risk remediation exposure,metadata_screened,pending,pending,pending,pending,,,,,
D7,10.1021/acs.est.9b03304,Effects of Microplastics in Soil Ecosystems: Above and Below Ground,Environmental Science &amp; Technology,Bas Boots,soil pollution contamination heavy metals pesticides antibiotics microplastics risk remediation exposure,metadata_screened,pending,pending,pending,pending,,,,,
D7,10.1016/j.envpol.2021.118054,"Performance of biochar-supported nanoscale zero-valent iron for cadmium and arsenic co-contaminated soil remediation: Insights on availability, bioaccumulation and health risk",Environmental Pollution,Dong Yang,soil pollution contamination heavy metals pesticides antibiotics microplastics risk remediation exposure,metadata_screened,pending,pending,pending,pending,,,,,
D7,10.1016/j.envint.2020.105692,"Prenatal exposure to mixture of heavy metals, pesticides and phenols and IQ in children at 7 years of age: The SMBCS study",Environment International,Jianqiu Guo,soil pollution contamination heavy metals pesticides antibiotics microplastics risk remediation exposure,metadata_screened,pending,pending,pending,pending,,,,,
D7,10.1016/j.jhazmat.2019.121751,"Pollution emission characteristics, distribution of heavy metals, and particle morphologies in a hazardous waste incinerator processing phenolic waste",Journal of Hazardous Materials,Chen Wang,soil pollution contamination heavy metals pesticides antibiotics microplastics risk remediation exposure,metadata_screened,pending,pending,pending,pending,,,,,
D7,10.1016/j.jhazmat.2024.135883,Evidence that beneficial microbial inoculation enhances heavy metal-contaminated soil remediation: Variations in plant endophyte communities,Journal of Hazardous Materials,Fangming Yu,soil pollution contamination heavy metals pesticides antibiotics microplastics risk remediation exposure,metadata_screened,pending,pending,pending,pending,,,,,
D7,10.1016/j.envint.2024.109084,Epigenetic toxicity of heavy metals − implications for embryonic stem cells,Environment International,Nicholas Kim,soil pollution contamination heavy metals pesticides antibiotics microplastics risk remediation exposure,metadata_screened,pending,pending,pending,pending,,,,,
D8,10.1016/s0167-1987(03)00122-3,Soil compaction and root distribution for okra as affected by tillage and vehicle parameters,Soil and Tillage Research,N Abu-Hamdeh,soil degradation restoration conservation erosion salinization acidification compaction reclamation health,metadata_screened,pending,pending,pending,pending,,,,,
D8,10.1016/j.iswcr.2020.09.006,Changes of soil quality induced by different vegetation restoration in the collapsing gully erosion areas of southern China,International Soil and Water Conservation Research,Hui Wen,soil degradation restoration conservation erosion salinization acidification compaction reclamation health,metadata_screened,pending,pending,pending,pending,,,,,
D8,10.1016/j.geoderma.2019.02.012,Soil organic carbon and soil erosion – Understanding change at the large catchment scale,Geoderma,G.R. Hancock,soil degradation restoration conservation erosion salinization acidification compaction reclamation health,metadata_screened,pending,pending,pending,pending,,,,,
D8,10.1002/ldr.4459,Wetland ecosystem health improvement from ecological conservation and restoration offset the decline from socio‐economic development,Land Degradation &amp; Development,Weiwei Liu,soil degradation restoration conservation erosion salinization acidification compaction reclamation health,metadata_screened,pending,pending,pending,pending,,,,,
D8,10.1016/j.geoderma.2015.06.020,Bioenergy maize and soil erosion — Risk assessment and erosion control concepts,Geoderma,Elisabeth Vogel,soil degradation restoration conservation erosion salinization acidification compaction reclamation health,metadata_screened,pending,pending,pending,pending,,,,,
D8,10.1016/j.catena.2023.107547,"Impacts of vegetation restoration on soil erosion in the Yellow River Basin, China",CATENA,Kelin Wang,soil degradation restoration conservation erosion salinization acidification compaction reclamation health,metadata_screened,pending,pending,pending,pending,,,,,
D8,10.1016/j.catena.2018.07.022,Characterizing the effects of opencast coal-mining and land reclamation on soil macropore distribution characteristics using 3D CT scanning,CATENA,Jinman Wang,soil degradation restoration conservation erosion salinization acidification compaction reclamation health,metadata_screened,pending,pending,pending,pending,,,,,
D8,10.1002/ldr.2197,Recovery of Soil C and N in a Tropical Pasture: Passive and Active Restoration,Land Degradation &amp; Development,L. L. Roa‐Fuentes,soil degradation restoration conservation erosion salinization acidification compaction reclamation health,metadata_screened,pending,pending,pending,pending,,,,,
D8,10.1002/ldr.5194,Future changes in soil salinization across Central Asia under CMIP6 forcing scenarios,Land Degradation &amp; Development,Xin Dong,soil degradation restoration conservation erosion salinization acidification compaction reclamation health,metadata_screened,pending,pending,pending,pending,,,,,
D8,10.1016/j.iswcr.2017.12.005,Analysis of soil management and water conservation practices adoption among crop and pasture farmers in humid-south of the United States,International Soil and Water Conservation Research,Naveen Adusumilli,soil degradation restoration conservation erosion salinization acidification compaction reclamation health,metadata_screened,pending,pending,pending,pending,,,,,
D8,10.1016/j.catena.2020.104823,Eco-Holistic Soil Conservation to support Land Degradation Neutrality and the Sustainable Development Goals,CATENA,Juan Albaladejo,soil degradation restoration conservation erosion salinization acidification compaction reclamation health,metadata_screened,pending,pending,pending,pending,,,,,
D8,10.1016/j.still.2014.01.008,A study on the effect of compaction on transport properties of soil gas and water. II: Soil pore structure indices,Soil and Tillage Research,P.H. Kuncoro,soil degradation restoration conservation erosion salinization acidification compaction reclamation health,metadata_screened,pending,pending,pending,pending,,,,,
D8,10.1016/j.iswcr.2017.06.002,"The effect of grid size on the quantification of erosion, deposition, and rill network",International Soil and Water Conservation Research,Xiaoyu Lu,soil degradation restoration conservation erosion salinization acidification compaction reclamation health,metadata_screened,pending,pending,pending,pending,,,,,
D8,10.1002/ldr.2588,A New Assessment of Soil Loss Due to Wind Erosion in European Agricultural Soils Using a Quantitative Spatially Distributed Modelling Approach,Land Degradation &amp; Development,P. Borrelli,soil degradation restoration conservation erosion salinization acidification compaction reclamation health,metadata_screened,pending,pending,pending,pending,,,,,
D8,10.1016/j.catena.2021.105184,Responses of soil erosion to warming and wetting in a cold Canadian agricultural catchment,CATENA,Okan Aygün,soil degradation restoration conservation erosion salinization acidification compaction reclamation health,metadata_screened,pending,pending,pending,pending,,,,,
D8,10.1016/j.iswcr.2016.02.001,"Monitoring and predicting the soil water content in the deeper soil profile of Loess Plateau, China",International Soil and Water Conservation Research,Aijuan Wang,soil degradation restoration conservation erosion salinization acidification compaction reclamation health,metadata_screened,pending,pending,pending,pending,,,,,
D8,10.1016/j.still.2012.06.004,"Effect of compaction, tillage and climate change on soil water balance of Arable Luvisols in Northwest Germany",Soil and Tillage Research,P. Hartmann,soil degradation restoration conservation erosion salinization acidification compaction reclamation health,metadata_screened,pending,pending,pending,pending,,,,,
D8,10.1016/j.still.2021.105232,Gully is the dominant sediment source of snowmelt erosion in the black soil region – A case study,Soil and Tillage Research,Donghao Huang,soil degradation restoration conservation erosion salinization acidification compaction reclamation health,metadata_screened,pending,pending,pending,pending,,,,,
D8,10.1016/j.catena.2015.08.015,"Effects of precipitation and restoration vegetation on soil erosion in a semi-arid environment in the Loess Plateau, China",CATENA,Ji Zhou,soil degradation restoration conservation erosion salinization acidification compaction reclamation health,metadata_screened,pending,pending,pending,pending,,,,,
D8,10.1016/j.catena.2020.104726,Assessment of soil loss by water erosion in small river basins in Russia,CATENA,Kirill Maltsev,soil degradation restoration conservation erosion salinization acidification compaction reclamation health,metadata_screened,pending,pending,pending,pending,,,,,
D8,10.1002/ldr.4161,Are compacted tramlines underestimated features in soil erosion modeling? A catchment‐scale analysis using a process‐based soil erosion model,Land Degradation &amp; Development,Philipp Saggau,soil degradation restoration conservation erosion salinization acidification compaction reclamation health,metadata_screened,pending,pending,pending,pending,,,,,
D8,10.1016/j.catena.2021.105561,"Evolution of soil salinization under the background of landscape patterns in the irrigated northern slopes of Tianshan Mountains, Xinjiang, China",CATENA,Qingwei Zhuang,soil degradation restoration conservation erosion salinization acidification compaction reclamation health,metadata_screened,pending,pending,pending,pending,,,,,
D8,10.1016/j.catena.2019.04.005,Susceptibility to soil salinization in the quilombola community of Cupira - Santa Maria da Boa Vista - Pernambuco – Brazil,CATENA,Francelita Coelho Castro,soil degradation restoration conservation erosion salinization acidification compaction reclamation health,metadata_screened,pending,pending,pending,pending,,,,,
D8,10.1016/j.still.2008.08.002,Land degradation and soil and water conservation in tropical highlands,Soil and Tillage Research,Jan Nyssen,soil degradation restoration conservation erosion salinization acidification compaction reclamation health,metadata_screened,pending,pending,pending,pending,,,,,
D8,10.1016/j.iswcr.2018.03.002,Effect of water conservation measures on soil moisture and maize yield under drought prone agro-ecological zones in Rwanda,International Soil and Water Conservation Research,Dieudonne Uwizeyimana,soil degradation restoration conservation erosion salinization acidification compaction reclamation health,metadata_screened,pending,pending,pending,pending,,,,,
D8,10.1016/j.catena.2006.03.007,Soil erosion science: Reflections on the limitations of current approaches,CATENA,John Boardman,soil degradation restoration conservation erosion salinization acidification compaction reclamation health,metadata_screened,pending,pending,pending,pending,,,,,
D8,10.1002/ldr.579,Factors influencing adoption of soil and water conservation measures in southern Mali,Land Degradation &amp; Development,F. Bodnár,soil degradation restoration conservation erosion salinization acidification compaction reclamation health,metadata_screened,pending,pending,pending,pending,,,,,
D8,10.1016/j.still.2024.106001,Factors influencing and changes in the organic carbon pattern on slope surfaces induced by soil erosion,Soil and Tillage Research,Shixuan Zhou,soil degradation restoration conservation erosion salinization acidification compaction reclamation health,metadata_screened,pending,pending,pending,pending,,,,,
D8,10.1016/j.geoderma.2020.114539,A soil tool kit to evaluate soil properties and monitor soil health changes in smallholder farming contexts,Geoderma,Blessing Nyamasoka-Magonziwa,soil degradation restoration conservation erosion salinization acidification compaction reclamation health,metadata_screened,pending,pending,pending,pending,,,,,
D8,10.1016/j.iswcr.2022.01.003,"Interactions between soil conservation and dryland farming of heterogeneously eroding areas in Loess Hills, China",International Soil and Water Conservation Research,Boyang Sui,soil degradation restoration conservation erosion salinization acidification compaction reclamation health,metadata_screened,pending,pending,pending,pending,,,,,
D8,10.1016/j.geoderma.2020.114590,Water and pesticide transfers in undisturbed soil columns sampled from a Stagnic Luvisol and a Vermic Umbrisol both cultivated under conventional and conservation agriculture,Geoderma,Sixtine Cueff,soil degradation restoration conservation erosion salinization acidification compaction reclamation health,metadata_screened,pending,pending,pending,pending,,,,,
D8,10.1016/j.iswcr.2021.02.001,Seasonal changes of soil erosion and its spatial distribution on a long gentle hillslope in the Chinese Mollisol region,International Soil and Water Conservation Research,Lei Wang,soil degradation restoration conservation erosion salinization acidification compaction reclamation health,metadata_screened,pending,pending,pending,pending,,,,,
D8,10.1016/j.still.2009.12.007,Soil compaction varies by crop management system over a claypan soil landscape,Soil and Tillage Research,Ki-Yuol Jung,soil degradation restoration conservation erosion salinization acidification compaction reclamation health,metadata_screened,pending,pending,pending,pending,,,,,
D8,10.1002/ldr.1089,"Assessment of soil erosion in karst regions of Havana, Cuba",Land Degradation &amp; Development,J.M. Febles‐González,soil degradation restoration conservation erosion salinization acidification compaction reclamation health,metadata_screened,pending,pending,pending,pending,,,,,
D8,10.1002/ldr.3288,"Estimation of soil organic carbon, nitrogen, and phosphorus losses induced by wind erosion in Northern China",Land Degradation &amp; Development,Heqiang Du,soil degradation restoration conservation erosion salinization acidification compaction reclamation health,metadata_screened,pending,pending,pending,pending,,,,,
D8,10.1016/j.geoderma.2011.09.003,"Assessment of soil organic carbon and total nitrogen under conservation management practices in the Central Claypan Region, Missouri, USA",Geoderma,Kristen S. Veum,soil degradation restoration conservation erosion salinization acidification compaction reclamation health,metadata_screened,pending,pending,pending,pending,,,,,
D8,10.1016/j.geoderma.2007.11.005,Soil organic matter and CO2 emission as affected by water erosion on field runoff plots,Geoderma,V.O. Polyakov,soil degradation restoration conservation erosion salinization acidification compaction reclamation health,metadata_screened,pending,pending,pending,pending,,,,,
D8,10.1016/j.geoderma.2019.06.017,Soil organic carbon recovery in tropical tree plantations may depend on restoration of soil microbial composition and function,Geoderma,Mark T.L. Bonner,soil degradation restoration conservation erosion salinization acidification compaction reclamation health,metadata_screened,pending,pending,pending,pending,,,,,
D8,10.1016/j.still.2006.07.006,"Soil compaction controls the abundance, biomass and distribution of earthworms in a single dairy farm in south-eastern Australia",Soil and Tillage Research,K.Y. Chan,soil degradation restoration conservation erosion salinization acidification compaction reclamation health,metadata_screened,pending,pending,pending,pending,,,,,
D8,10.1016/j.geoderma.2019.02.013,A global comparison of soil erosion associated with land use and climate type,Geoderma,Muqi Xiong,soil degradation restoration conservation erosion salinization acidification compaction reclamation health,metadata_screened,pending,pending,pending,pending,,,,,
D8,10.1016/j.iswcr.2021.04.002,Spatial optimization of soil and water conservation practices using coupled SWAT model and evolutionary algorithm,International Soil and Water Conservation Research,Farzaeh Naseri,soil degradation restoration conservation erosion salinization acidification compaction reclamation health,metadata_screened,pending,pending,pending,pending,,,,,
D8,10.1016/s0341-8162(02)00140-6,Soil degradation and overland flow as causes of gully erosion on mountain pastures and in forests,CATENA,Horst Strunk,soil degradation restoration conservation erosion salinization acidification compaction reclamation health,metadata_screened,pending,pending,pending,pending,,,,,
D8,10.1016/j.geoderma.2018.07.032,"Biochars mediated degradation, leaching and bioavailability of pyrazosulfuron-ethyl in a sandy loam soil",Geoderma,Suman Manna,soil degradation restoration conservation erosion salinization acidification compaction reclamation health,metadata_screened,pending,pending,pending,pending,,,,,
D8,10.1016/s0167-1987(00)00158-6,Effectiveness of sugarcane residue incorporation at different water contents and the Proctor compaction loads in reducing soil compactibility,Soil and Tillage Research,A.R Barzegar,soil degradation restoration conservation erosion salinization acidification compaction reclamation health,metadata_screened,pending,pending,pending,pending,,,,,
D8,10.1016/j.geoderma.2022.116122,Contribution of fine roots mechanical property of Poaceae grasses to soil erosion resistance on the Loess Plateau,Geoderma,Yi-Fan Liu,soil degradation restoration conservation erosion salinization acidification compaction reclamation health,metadata_screened,pending,pending,pending,pending,,,,,
D8,10.1016/j.still.2011.08.006,Significance of soil erosion on soil surface roughness decay after tillage operations,Soil and Tillage Research,R. García Moreno,soil degradation restoration conservation erosion salinization acidification compaction reclamation health,metadata_screened,pending,pending,pending,pending,,,,,
D8,10.1016/j.geoderma.2011.08.013,Soil thickness effect on hydrological and erosion characteristics under sloping lands: A hydropedological perspective,Geoderma,Zhiyong Fu,soil degradation restoration conservation erosion salinization acidification compaction reclamation health,metadata_screened,pending,pending,pending,pending,,,,,
D8,10.1016/j.geoderma.2019.05.040,Predicting soil wind erosion potential under different corn residue management scenarios in the central Great Plains,Geoderma,M.K. Rakkar,soil degradation restoration conservation erosion salinization acidification compaction reclamation health,metadata_screened,pending,pending,pending,pending,,,,,
D8,10.1016/j.catena.2021.105420,Reclamation effect of freezing saline water irrigation on heavy saline-alkali soil in the Hetao Irrigation District of North China,CATENA,Kai Guo,soil degradation restoration conservation erosion salinization acidification compaction reclamation health,metadata_screened,pending,pending,pending,pending,,,,,
D8,10.1016/s0341-8162(02)00201-1,Soil crusting on sandy soils and its influence on wind erosion,CATENA,J.L Rajot,soil degradation restoration conservation erosion salinization acidification compaction reclamation health,metadata_screened,pending,pending,pending,pending,,,,,
D8,10.1016/j.still.2017.08.016,Soil compaction-induced changes of physicochemical properties of cereal roots,Soil and Tillage Research,Alicja Szatanik-Kloc,soil degradation restoration conservation erosion salinization acidification compaction reclamation health,metadata_screened,pending,pending,pending,pending,,,,,
D8,10.1002/ldr.1032,"Land abandonment, landscape evolution, and soil erosion in a Spanish Mediterranean mountain region: The case of Camero Viejo",Land Degradation &amp; Development,J. Arnaez,soil degradation restoration conservation erosion salinization acidification compaction reclamation health,metadata_screened,pending,pending,pending,pending,,,,,
D8,10.1016/j.catena.2022.106056,Risk assessment of soil erosion in Central Asia under global warming,CATENA,Xin Dou,soil degradation restoration conservation erosion salinization acidification compaction reclamation health,metadata_screened,pending,pending,pending,pending,,,,,
D8,10.1016/j.geoderma.2021.115122,Deep soil moisture limits the sustainable vegetation restoration in arid and semi-arid Loess Plateau,Geoderma,Bin-Bin Li,soil degradation restoration conservation erosion salinization acidification compaction reclamation health,metadata_screened,pending,pending,pending,pending,,,,,
D8,10.1016/j.geoderma.2024.116836,Assessment of soil health and identification of key soil health indicators for five long-term crop rotations with varying fertility management,Geoderma,Jingyu Zhang,soil degradation restoration conservation erosion salinization acidification compaction reclamation health,metadata_screened,pending,pending,pending,pending,,,,,
D8,10.1016/j.still.2009.10.006,Soil erosion and agriculture,Soil and Tillage Research,Artemi Cerdà,soil degradation restoration conservation erosion salinization acidification compaction reclamation health,metadata_screened,pending,pending,pending,pending,,,,,
D8,10.1016/j.iswcr.2022.11.002,Hydrological and sediment connectivity under freeze–thaw meltwater compound erosion conditions on a loessal slope,International Soil and Water Conservation Research,Tian Wang,soil degradation restoration conservation erosion salinization acidification compaction reclamation health,metadata_screened,pending,pending,pending,pending,,,,,
D8,10.1016/j.still.2018.07.014,Compaction and sowing date change soil physical properties and crop yield in a loamy temperate soil,Soil and Tillage Research,Peter Bilson Obour,soil degradation restoration conservation erosion salinization acidification compaction reclamation health,metadata_screened,pending,pending,pending,pending,,,,,
D8,10.1016/j.geoderma.2007.03.010,Multi-scale variability in soil aggregate stability: Implications for understanding and predicting semi-arid grassland degradation,Geoderma,Simon B. Bird,soil degradation restoration conservation erosion salinization acidification compaction reclamation health,metadata_screened,pending,pending,pending,pending,,,,,
D8,10.1002/ldr.679,Simulated rainfall evaluation of revegetation/mulch erosion control in the Lake Tahoe basin—3: soil treatment effects,Land Degradation &amp; Development,M. E. Grismer,soil degradation restoration conservation erosion salinization acidification compaction reclamation health,metadata_screened,pending,pending,pending,pending,,,,,
D8,10.1016/j.still.2015.09.015,Feedbacks of soil erosion on SOC patterns and carbon dynamics in agricultural landscapes—The CarboZALF experiment,Soil and Tillage Research,M. Sommer,soil degradation restoration conservation erosion salinization acidification compaction reclamation health,metadata_screened,pending,pending,pending,pending,,,,,
D8,10.1016/j.still.2013.09.004,Effects of compaction and cover crops on soil least limiting water range and air permeability,Soil and Tillage Research,Guihua Chen,soil degradation restoration conservation erosion salinization acidification compaction reclamation health,metadata_screened,pending,pending,pending,pending,,,,,
D8,10.1002/ldr.2652,"Modelling Hot Spots of Soil Loss by Wind Erosion (<scp>SoLoWind</scp>) in Western Saxony, Germany",Land Degradation &amp; Development,Simon Schmidt,soil degradation restoration conservation erosion salinization acidification compaction reclamation health,metadata_screened,pending,pending,pending,pending,,,,,
D8,10.1016/j.geoderma.2017.06.018,Effect of prescribed fire on soil properties and soil erosion in a Mediterranean mountain area,Geoderma,Felícia Fonseca,soil degradation restoration conservation erosion salinization acidification compaction reclamation health,metadata_screened,pending,pending,pending,pending,,,,,
D8,10.1016/j.geoderma.2011.05.009,Degradation of the soil surface roughness by rainfall in two loess soils,Geoderma,Laura A. de Oro,soil degradation restoration conservation erosion salinization acidification compaction reclamation health,metadata_screened,pending,pending,pending,pending,,,,,
D8,10.1016/j.iswcr.2021.04.010,"Erosion risk assessment: A contribution for conservation priority area identification in the sub-basin of Lake Tana, north-western Ethiopia",International Soil and Water Conservation Research,Daniel Asfaw Bekele,soil degradation restoration conservation erosion salinization acidification compaction reclamation health,metadata_screened,pending,pending,pending,pending,,,,,
D8,10.1016/j.geoderma.2021.115594,Ecological intensification with soil health practices demonstrates positive impacts on multiple soil properties: A large-scale farmer-led experiment,Geoderma,Fernanda Souza Krupek,soil degradation restoration conservation erosion salinization acidification compaction reclamation health,metadata_screened,pending,pending,pending,pending,,,,,
D8,10.1016/j.geoderma.2014.02.003,Evolution of soil properties following reclamation in coastal areas: A review,Geoderma,Jianguo Li,soil degradation restoration conservation erosion salinization acidification compaction reclamation health,metadata_screened,pending,pending,pending,pending,,,,,
D8,10.1016/j.geoderma.2024.116979,Which operation in mechanized sugarcane harvesting is most responsible for soil compaction?,Geoderma,Josué Gomes Delmond,soil degradation restoration conservation erosion salinization acidification compaction reclamation health,metadata_screened,pending,pending,pending,pending,,,,,
D8,10.1016/j.geoderma.2022.115880,Aggregate stability and size distribution regulate rainsplash erosion: Evidence from a humid tropical soil under different land-use regimes,Geoderma,Xiai Zhu,soil degradation restoration conservation erosion salinization acidification compaction reclamation health,metadata_screened,pending,pending,pending,pending,,,,,
D8,10.1016/s0167-1987(02)00030-2,Models of soil compaction due to traffic and their evaluation,Soil and Tillage Research,P Defossez,soil degradation restoration conservation erosion salinization acidification compaction reclamation health,metadata_screened,pending,pending,pending,pending,,,,,
D8,10.1016/j.geoderma.2007.04.018,Forest soil acidification assessment using principal component analysis and geostatistics,Geoderma,Luboš Borůvka,soil degradation restoration conservation erosion salinization acidification compaction reclamation health,metadata_screened,pending,pending,pending,pending,,,,,
D8,10.1016/j.catena.2021.105440,Assessment of soil quality and productivity in different phases of soil erosion with the focus on land degradation neutrality in tropical humid region of India,CATENA,Debashis Mandal,soil degradation restoration conservation erosion salinization acidification compaction reclamation health,metadata_screened,pending,pending,pending,pending,,,,,
D8,10.1016/j.geoderma.2018.06.021,Does soil erosion rejuvenate the soil phosphorus inventory?,Geoderma,Andre Eger,soil degradation restoration conservation erosion salinization acidification compaction reclamation health,metadata_screened,pending,pending,pending,pending,,,,,
D8,10.1016/j.catena.2005.08.011,Water erosion risk assessment and impact on productivity of a Venezuelan soil,CATENA,Deyanira Lobo,soil degradation restoration conservation erosion salinization acidification compaction reclamation health,metadata_screened,pending,pending,pending,pending,,,,,
D8,10.1016/j.catena.2024.108194,Post-fire soil erosion: Two years of monitoring − First time detected implications between extremely intense consecutive rainfall events and erosion rates,CATENA,Aristeidis Kastridis,soil degradation restoration conservation erosion salinization acidification compaction reclamation health,metadata_screened,pending,pending,pending,pending,,,,,
D8,10.1016/j.geoderma.2024.116872,Soil surface roughness of sloping croplands affected by land degradation degree and residual of incorporated straw,Geoderma,Chengshu Wang,soil degradation restoration conservation erosion salinization acidification compaction reclamation health,metadata_screened,pending,pending,pending,pending,,,,,
D8,10.1016/s0167-1987(03)00022-9,"The effect of soil compaction, profile disturbance and fertilizer application on the growth of eucalypt seedlings in two glasshouse studies",Soil and Tillage Research,J.R. Williamson,soil degradation restoration conservation erosion salinization acidification compaction reclamation health,metadata_screened,pending,pending,pending,pending,,,,,
D8,10.1016/j.geoderma.2016.11.010,Predictive ability of soil properties to spectral degradation from laboratory Vis-NIR spectroscopy data,Geoderma,K.R.M. Adeline,soil degradation restoration conservation erosion salinization acidification compaction reclamation health,metadata_screened,pending,pending,pending,pending,,,,,
D8,10.1016/s0341-8162(01)00155-2,Use of mineral magnetic measurements to investigate soil erosion and sediment delivery in a small agricultural catchment in limestone terrain,CATENA,Dan Royall,soil degradation restoration conservation erosion salinization acidification compaction reclamation health,metadata_screened,pending,pending,pending,pending,,,,,
D8,10.1016/s0341-8162(03)00052-3,Introduction: soil erosion and participatory land use planning on the Loess Plateau in China,CATENA,Coen J. Ritsema,soil degradation restoration conservation erosion salinization acidification compaction reclamation health,metadata_screened,pending,pending,pending,pending,,,,,
D8,10.1016/j.still.2012.11.002,"Soil erosion, soil fertility and crop yield on slow-forming terraces in the highlands of Buberuka, Rwanda",Soil and Tillage Research,D.M. Kagabo,soil degradation restoration conservation erosion salinization acidification compaction reclamation health,metadata_screened,pending,pending,pending,pending,,,,,
D8,10.1016/j.still.2018.12.014,The effects of tillage on sheet erosion on sloping fields in the wind-water erosion crisscross region of the Chinese Loess Plateau,Soil and Tillage Research,Jiaqiong Zhang,soil degradation restoration conservation erosion salinization acidification compaction reclamation health,metadata_screened,pending,pending,pending,pending,,,,,
D8,10.1016/j.still.2022.105494,Depth-dependent patterns in the C:N:P stoichiometry of different soil components with reclamation time in coastal poplar plantations,Soil and Tillage Research,Xiangrong Cheng,soil degradation restoration conservation erosion salinization acidification compaction reclamation health,metadata_screened,pending,pending,pending,pending,,,,,
D8,10.1016/j.catena.2018.05.015,Risk assessment of soil compaction in Europe – Rubber tracks or wheels on machinery,CATENA,M. Lamandé,soil degradation restoration conservation erosion salinization acidification compaction reclamation health,metadata_screened,pending,pending,pending,pending,,,,,
D8,10.1016/j.still.2009.10.008,Soil compaction–N interactions in barley: Root growth and tissue composition,Soil and Tillage Research,Ian J. Bingham,soil degradation restoration conservation erosion salinization acidification compaction reclamation health,metadata_screened,pending,pending,pending,pending,,,,,
D8,10.1016/j.catena.2019.02.030,Assessment of basin-scale soil erosion within the Congo River Basin: A review,CATENA,C.A. Mushi,soil degradation restoration conservation erosion salinization acidification compaction reclamation health,metadata_screened,pending,pending,pending,pending,,,,,
D8,10.1016/j.catena.2005.06.011,"History, origin and extent of soil erosion on Easter Island (Rapa Nui)",CATENA,Andreas Mieth,soil degradation restoration conservation erosion salinization acidification compaction reclamation health,metadata_screened,pending,pending,pending,pending,,,,,
D8,10.1016/j.geoderma.2017.03.001,The contribution of plateau pika disturbance and erosion on patchy alpine grassland soil on the Qinghai-Tibetan Plateau: Implications for grassland restoration,Geoderma,Jianjun Chen,soil degradation restoration conservation erosion salinization acidification compaction reclamation health,metadata_screened,pending,pending,pending,pending,,,,,
D8,10.1016/j.catena.2010.06.005,Soil erosion risk mapping with new datasets: An improved identification and prioritisation of high erosion risk areas,CATENA,Rody Nigel,soil degradation restoration conservation erosion salinization acidification compaction reclamation health,metadata_screened,pending,pending,pending,pending,,,,,
D8,10.1016/j.geoderma.2019.04.035,Camponotus japonicus burrowing activities exacerbate soil erosion on bare slopes,Geoderma,Tongchuan Li,soil degradation restoration conservation erosion salinization acidification compaction reclamation health,metadata_screened,pending,pending,pending,pending,,,,,
D8,10.1016/j.iswcr.2015.10.001,Effects of rainfall patterns on runoff and soil erosion in field plots,International Soil and Water Conservation Research,Mohamad Ayob Mohamadi,soil degradation restoration conservation erosion salinization acidification compaction reclamation health,metadata_screened,pending,pending,pending,pending,,,,,
D8,10.1016/j.catena.2010.01.001,The effects of land uses on soil erosion in Spain: A review,CATENA,José M. García-Ruiz,soil degradation restoration conservation erosion salinization acidification compaction reclamation health,metadata_screened,pending,pending,pending,pending,,,,,
D8,10.1016/j.catena.2022.106147,Impacts of mixed forests on controlling soil erosion in China,CATENA,Chen Gong,soil degradation restoration conservation erosion salinization acidification compaction reclamation health,metadata_screened,pending,pending,pending,pending,,,,,
D8,10.1016/j.catena.2006.04.009,Derivation of site-related measures to minimise soil erosion on the watershed scale in the Saxonian loess belt using the model EROSION 3D,CATENA,Annekatrin Schob,soil degradation restoration conservation erosion salinization acidification compaction reclamation health,metadata_screened,pending,pending,pending,pending,,,,,
D8,10.1002/ldr.2996,Effect of tillage on soil erosion before and after rill development,Land Degradation &amp; Development,Longshan Zhao,soil degradation restoration conservation erosion salinization acidification compaction reclamation health,metadata_screened,pending,pending,pending,pending,,,,,
D8,10.1016/s0016-7061(01)00097-0,Soil structure rehabilitation of arable soil degraded by compaction,Geoderma,Marcus Langmaack,soil degradation restoration conservation erosion salinization acidification compaction reclamation health,metadata_screened,pending,pending,pending,pending,,,,,
D8,10.1016/j.catena.2010.06.012,Identification of priority areas for controlling soil erosion,CATENA,Xiwang Zhang,soil degradation restoration conservation erosion salinization acidification compaction reclamation health,metadata_screened,pending,pending,pending,pending,,,,,
D8,10.1016/s0341-8162(99)00072-7,The relationship of soil loss by interrill erosion to slope gradient,CATENA,Dennis M Fox,soil degradation restoration conservation erosion salinization acidification compaction reclamation health,metadata_screened,pending,pending,pending,pending,,,,,
D8,10.1016/j.geoderma.2021.115586,Soil acidification and factors controlling topsoil pH shift of cropland in central China from 2008 to 2018,Geoderma,Zhenfu Wu,soil degradation restoration conservation erosion salinization acidification compaction reclamation health,metadata_screened,pending,pending,pending,pending,,,,,
D8,10.1002/ldr.2898,Object‐oriented soil erosion modelling: A possible paradigm shift from potential to actual risk assessments in agricultural environments,Land Degradation &amp; Development,Pasquale Borrelli,soil degradation restoration conservation erosion salinization acidification compaction reclamation health,metadata_screened,pending,pending,pending,pending,,,,,
D8,10.1002/1099-145x(200005/06)11:3<289::aid-ldr385>3.0.co;2-y,Potential of mine land reclamation for soil organic carbon sequestration in Ohio,Land Degradation &amp; Development,V. A. Akala,soil degradation restoration conservation erosion salinization acidification compaction reclamation health,metadata_screened,pending,pending,pending,pending,,,,,
D8,10.1016/j.catena.2005.05.012,Spatial modeling of soil erosion potential in a tropical watershed of the Colombian Andes,CATENA,Natalia Hoyos,soil degradation restoration conservation erosion salinization acidification compaction reclamation health,metadata_screened,pending,pending,pending,pending,,,,,
D8,10.1016/j.iswcr.2015.08.001,Social perception of soil conservation benefits in Kondoa eroded area of Tanzania,International Soil and Water Conservation Research,Rajendra P. Shrestha,soil degradation restoration conservation erosion salinization acidification compaction reclamation health,metadata_screened,pending,pending,pending,pending,,,,,
D8,10.1002/ldr.943,Methodologies for soil erosion and land degradation assessment in mediterranean‐type ecosystems,Land Degradation &amp; Development,J. B. Ries,soil degradation restoration conservation erosion salinization acidification compaction reclamation health,metadata_screened,pending,pending,pending,pending,,,,,
D8,10.1002/ldr.3758,Soil bacterial and fungal communities and associated nutrient cycling in relation to rice cultivation history after reclamation of natural wetland,Land Degradation &amp; Development,Wanjin Hu,soil degradation restoration conservation erosion salinization acidification compaction reclamation health,metadata_screened,pending,pending,pending,pending,,,,,
D8,10.1016/j.still.2024.106159,Response of soil quality degradation to cultivation and soil erosion: A case study in a Mollisol region of Northeast China,Soil and Tillage Research,Rui Ma,soil degradation restoration conservation erosion salinization acidification compaction reclamation health,metadata_screened,pending,pending,pending,pending,,,,,
D8,10.1016/j.geoderma.2016.02.008,"Indirect and direct effects of soil properties on soil splash erosion rate in calcareous soils of the central Zagross, Iran: A laboratory study",Geoderma,T. Saedi,soil degradation restoration conservation erosion salinization acidification compaction reclamation health,metadata_screened,pending,pending,pending,pending,,,,,
D8,10.1016/j.geoderma.2018.05.031,Soil internal forces contribute more than raindrop impact force to rainfall splash erosion,Geoderma,Feinan Hu,soil degradation restoration conservation erosion salinization acidification compaction reclamation health,metadata_screened,pending,pending,pending,pending,,,,,
D8,10.1016/j.catena.2019.03.013,"Long-term acidification of pH neutral grasslands affects soil biodiversity, fertility and function in a heathland restoration",CATENA,Mark Tibbett,soil degradation restoration conservation erosion salinization acidification compaction reclamation health,metadata_screened,pending,pending,pending,pending,,,,,
D8,10.1002/ldr.607,"Influence of erosion on soil microbial biomass, abundance and community diversity",Land Degradation &amp; Development,J. A. Mabuhay,soil degradation restoration conservation erosion salinization acidification compaction reclamation health,metadata_screened,pending,pending,pending,pending,,,,,
D8,10.1016/j.catena.2008.04.007,"Magnitude of soil erosion on the northern slope of the Uluguru Mountains, Tanzania: Interrill and rill erosion",CATENA,D.N. Kimaro,soil degradation restoration conservation erosion salinization acidification compaction reclamation health,metadata_screened,pending,pending,pending,pending,,,,,
D8,10.1016/j.still.2008.09.008,Erosion–productivity–soil amendment relationships for wheat over 16 years,Soil and Tillage Research,Francis J. Larney,soil degradation restoration conservation erosion salinization acidification compaction reclamation health,metadata_screened,pending,pending,pending,pending,,,,,
D8,10.1016/j.still.2010.09.008,Soil properties governing soil erosion affected by cropping systems in the U.S. Pacific Northwest,Soil and Tillage Research,Guanglong Feng,soil degradation restoration conservation erosion salinization acidification compaction reclamation health,metadata_screened,pending,pending,pending,pending,,,,,
D8,10.1016/j.iswcr.2023.01.002,Spatial distribution of soil erosion and its impacts on soil productivity in Songnen typical black soil region,International Soil and Water Conservation Research,Yun Xie,soil degradation restoration conservation erosion salinization acidification compaction reclamation health,metadata_screened,pending,pending,pending,pending,,,,,
D8,10.1016/j.still.2022.105418,A high-resolution physical modelling approach to assess runoff and soil erosion in vineyards under different soil managements,Soil and Tillage Research,Eugenio Straffelini,soil degradation restoration conservation erosion salinization acidification compaction reclamation health,metadata_screened,pending,pending,pending,pending,,,,,
D8,10.1016/j.geoderma.2014.12.008,An evaluation of the role of hillslope components and land use in soil erosion using 137Cs inventory and soil organic carbon stock,Geoderma,Kazem Nosrati,soil degradation restoration conservation erosion salinization acidification compaction reclamation health,metadata_screened,pending,pending,pending,pending,,,,,
D8,10.1016/j.catena.2005.05.007,The application of remote-sensing data to monitoring and modelling of soil erosion,CATENA,C. King,soil degradation restoration conservation erosion salinization acidification compaction reclamation health,metadata_screened,pending,pending,pending,pending,,,,,
D8,10.1016/j.catena.2020.104835,Successful application of the Taguchi method to simulated soil erosion experiments at the slope scale under various conditions,CATENA,Fengbao Zhang,soil degradation restoration conservation erosion salinization acidification compaction reclamation health,metadata_screened,pending,pending,pending,pending,,,,,
D8,10.1016/j.geoderma.2023.116369,Assessment of soil quality in a heavily fragmented micro-landscape induced by gully erosion,Geoderma,Xin Chen,soil degradation restoration conservation erosion salinization acidification compaction reclamation health,metadata_screened,pending,pending,pending,pending,,,,,
D8,10.1002/ldr.4603,Effects of vegetation restoration types on soil erosion reduction of a shallow karst fissure soil system in the degraded karst areas of Southwestern China,Land Degradation &amp; Development,Youjin Yan,soil degradation restoration conservation erosion salinization acidification compaction reclamation health,metadata_screened,pending,pending,pending,pending,,,,,
D8,10.1016/j.iswcr.2015.06.002,"Characteristics of water erosion and conservation practice in arid regions of Central Asia: Xinjiang, China as an example",International Soil and Water Conservation Research,Wentai Zhang,soil degradation restoration conservation erosion salinization acidification compaction reclamation health,metadata_screened,pending,pending,pending,pending,,,,,
D8,10.1016/j.iswcr.2016.09.003,Understanding the attitudes and practices of paddy farmers for enhancing soil and water conservation in Northern Iran,International Soil and Water Conservation Research,Dariush Ashoori,soil degradation restoration conservation erosion salinization acidification compaction reclamation health,metadata_screened,pending,pending,pending,pending,,,,,
D8,10.1016/j.iswcr.2022.10.005,"Response of erosion reduction effect of typical soil and water conservation measures in cropland to rainfall and slope gradient changes and their applicable range in the Chinese Mollisols Region, Northeast China",International Soil and Water Conservation Research,Qin Zhang,soil degradation restoration conservation erosion salinization acidification compaction reclamation health,metadata_screened,pending,pending,pending,pending,,,,,
D8,10.1016/j.iswcr.2023.11.003,"The impacts of armed conflict on vegetation cover degradation in Tigray, northern Ethiopia",International Soil and Water Conservation Research,Solomon Hishe,soil degradation restoration conservation erosion salinization acidification compaction reclamation health,metadata_screened,pending,pending,pending,pending,,,,,
D8,10.1016/j.still.2012.11.001,Detection of soil compaction using seismic surface waves,Soil and Tillage Research,Shane Donohue,soil degradation restoration conservation erosion salinization acidification compaction reclamation health,metadata_screened,pending,pending,pending,pending,,,,,
D8,10.1016/j.still.2004.06.008,The effects of wheel-induced soil compaction on anchorage strength and resistance to root lodging of winter barley (Hordeum vulgare L.),Soil and Tillage Research,D.I. Scott,soil degradation restoration conservation erosion salinization acidification compaction reclamation health,metadata_screened,pending,pending,pending,pending,,,,,
D8,10.1016/j.catena.2024.108427,Regulatory mechanism of soil and water conservation measures on understorey erosion in a subtropical hilly region,CATENA,Jieling Wu,soil degradation restoration conservation erosion salinization acidification compaction reclamation health,metadata_screened,pending,pending,pending,pending,,,,,
D8,10.1016/j.catena.2003.09.002,Surface runoff and soil erosion on unpaved forest roads from rainfall simulation tests in northeastern Spain,CATENA,J. Arnáez,soil degradation restoration conservation erosion salinization acidification compaction reclamation health,metadata_screened,pending,pending,pending,pending,,,,,
D8,10.1016/s0341-8162(02)00127-3,A process-based model for channel degradation: application to ephemeral gully erosion,CATENA,J Casalı́,soil degradation restoration conservation erosion salinization acidification compaction reclamation health,metadata_screened,pending,pending,pending,pending,,,,,
D8,10.1016/j.still.2008.08.004,Soil restoration using composted plant residues: Effects on soil properties,Soil and Tillage Research,M TEJADA,soil degradation restoration conservation erosion salinization acidification compaction reclamation health,metadata_screened,pending,pending,pending,pending,,,,,
D8,10.1016/j.geoderma.2020.114181,Soil degradation and recovery – Changes in organic matter fractions and structural stability,Geoderma,Johannes L. Jensen,soil degradation restoration conservation erosion salinization acidification compaction reclamation health,metadata_screened,pending,pending,pending,pending,,,,,
D8,10.1016/j.catena.2020.104843,Effects of erosion-induced land degradation on effective sediment size characteristics in sheet erosion,CATENA,Xinliang Wu,soil degradation restoration conservation erosion salinization acidification compaction reclamation health,metadata_screened,pending,pending,pending,pending,,,,,
D8,10.1016/j.iswcr.2022.03.007,Runoff- and erosion-reducing effects of vegetation on the loess hillslopes of China under concentrated flow,International Soil and Water Conservation Research,Wenzhao Guo,soil degradation restoration conservation erosion salinization acidification compaction reclamation health,metadata_screened,pending,pending,pending,pending,,,,,
D8,10.1016/j.iswcr.2018.12.004,Spatial assessment of the areas sensitive to degradation in the rural area of the municipality Čukarica,International Soil and Water Conservation Research,Natalija Momirović,soil degradation restoration conservation erosion salinization acidification compaction reclamation health,metadata_screened,pending,pending,pending,pending,,,,,
D8,10.1016/j.catena.2024.108275,Gully erosion susceptibility assessment using three machine learning models in the black soil region of Northeast China,CATENA,Congtan Liu,soil degradation restoration conservation erosion salinization acidification compaction reclamation health,metadata_screened,pending,pending,pending,pending,,,,,
D8,10.1016/j.geoderma.2020.114622,"Evolution of rock cover, surface roughness, and its effect on soil erosion under simulated rainfall",Geoderma,Li Li,soil degradation restoration conservation erosion salinization acidification compaction reclamation health,metadata_screened,pending,pending,pending,pending,,,,,
D8,10.1016/j.iswcr.2021.03.001,Recent advances in assessment of soil erosion vulnerability in a watershed,International Soil and Water Conservation Research,Shachi Pandey,soil degradation restoration conservation erosion salinization acidification compaction reclamation health,metadata_screened,pending,pending,pending,pending,,,,,
D8,10.1016/j.still.2024.106436,Reclamation leads to loss of soil organic carbon and molecular complexity: Evidence from natural to reclaimed wetlands,Soil and Tillage Research,Xiaolei Yin,soil degradation restoration conservation erosion salinization acidification compaction reclamation health,metadata_screened,pending,pending,pending,pending,,,,,
D8,10.1016/j.geoderma.2019.113995,Divergent responses of soil bacterial communities in erosion-deposition plots on the Loess Plateau,Geoderma,Lanlan Du,soil degradation restoration conservation erosion salinization acidification compaction reclamation health,metadata_screened,pending,pending,pending,pending,,,,,
D8,10.1002/ldr.2223,The Effects of Seasonality in Estimating the C‐Factor of Soil Erosion Studies,Land Degradation &amp; Development,Thomas K. Alexandridis,soil degradation restoration conservation erosion salinization acidification compaction reclamation health,metadata_screened,pending,pending,pending,pending,,,,,
D8,10.1016/j.still.2024.106227,Neutral purple soil acidification and mineralogical property changes due to long-term urea application in southwest China,Soil and Tillage Research,Jun Xie,soil degradation restoration conservation erosion salinization acidification compaction reclamation health,metadata_screened,pending,pending,pending,pending,,,,,
D8,10.1016/j.catena.2020.104604,GIS-based soil erosion modelling under various steep-slope vineyard practices,CATENA,Anton Pijl,soil degradation restoration conservation erosion salinization acidification compaction reclamation health,metadata_screened,pending,pending,pending,pending,,,,,
D8,10.1016/j.geoderma.2004.01.018,Degradation of low molecular weight organic acids complexed with heavy metals in soil,Geoderma,Giancarlo Renella,soil degradation restoration conservation erosion salinization acidification compaction reclamation health,metadata_screened,pending,pending,pending,pending,,,,,
D8,10.1016/j.geoderma.2021.115085,Effect of rainfall intensity and duration on soil erosion on slopes with different microrelief patterns,Geoderma,Longshan Zhao,soil degradation restoration conservation erosion salinization acidification compaction reclamation health,metadata_screened,pending,pending,pending,pending,,,,,
D8,10.1016/j.iswcr.2021.06.006,"Ecological intensification of cropping systems enhances soil functions, mitigates soil erosion, and promotes crop resilience to dry spells in the Brazilian Cerrado",International Soil and Water Conservation Research,Lucas de Castro Moreira da Silva,soil degradation restoration conservation erosion salinization acidification compaction reclamation health,metadata_screened,pending,pending,pending,pending,,,,,
D8,10.1002/ldr.893,Integration of modified universal soil loss equation (MUSLE) into a gis framework to assess soil erosion risk,Land Degradation &amp; Development,Y. Zhang,soil degradation restoration conservation erosion salinization acidification compaction reclamation health,metadata_screened,pending,pending,pending,pending,,,,,
D8,10.1016/j.catena.2016.08.019,Effects of plant diversity on soil erosion for different vegetation patterns,CATENA,Jian Hou,soil degradation restoration conservation erosion salinization acidification compaction reclamation health,metadata_screened,pending,pending,pending,pending,,,,,
D8,10.1002/ldr.446,"Causal processes of soil salinization in Tunisia, Spain and Hungary",Land Degradation &amp; Development,R. Schofield,soil degradation restoration conservation erosion salinization acidification compaction reclamation health,metadata_screened,pending,pending,pending,pending,,,,,
D8,10.1002/ldr.3207,"Soil erosion from urbanization processes in the Sonoran Desert, Arizona, USA",Land Degradation &amp; Development,Ara Jeong,soil degradation restoration conservation erosion salinization acidification compaction reclamation health,metadata_screened,pending,pending,pending,pending,,,,,
D9,10.1016/j.soilbio.2016.04.020,Investigating the controls on soil organic matter decomposition in tussock tundra soil and permafrost after fire,Soil Biology and Biochemistry,S. De Baets,cropland forest grassland wetland urban mining permafrost alpine arid paddy soil land use,metadata_screened,pending,pending,pending,pending,,,,,
D9,10.1111/gcb.14316,Temperature response of permafrost soil carbon is attenuated by mineral protection,Global Change Biology,Norman Gentsch,cropland forest grassland wetland urban mining permafrost alpine arid paddy soil land use,metadata_screened,pending,pending,pending,pending,,,,,
D9,10.1016/j.soilbio.2022.108605,Not all permafrost microbiomes are created equal: Influence of permafrost thaw on the soil microbiome in a laboratory incubation study,Soil Biology and Biochemistry,R.A. Barbato,cropland forest grassland wetland urban mining permafrost alpine arid paddy soil land use,metadata_screened,pending,pending,pending,pending,,,,,
D9,10.1111/j.1365-2486.2012.02699.x,"Soil organic carbon stocks in southeast Germany (Bavaria) as affected by land use, soil type and sampling depth",Global Change Biology,Martin Wiesmeier,cropland forest grassland wetland urban mining permafrost alpine arid paddy soil land use,metadata_screened,pending,pending,pending,pending,,,,,
D9,10.1016/j.geoderma.2018.12.050,Response of soil nutrients and stoichiometry to elevated nitrogen deposition in alpine grassland on the Qinghai-Tibetan Plateau,Geoderma,Yuhui Han,cropland forest grassland wetland urban mining permafrost alpine arid paddy soil land use,metadata_screened,pending,pending,pending,pending,,,,,
D9,10.1111/1365-2745.13209,Carbon use efficiency of mycorrhizal fungal mycelium increases during the growing season but decreases with forest age across a <i>Pinus sylvestris</i> chronosequence,Journal of Ecology,Andreas Hagenbo,cropland forest grassland wetland urban mining permafrost alpine arid paddy soil land use,metadata_screened,pending,pending,pending,pending,,,,,
D9,10.1016/j.geoderma.2021.115488,Recurrence plots for quantifying the vegetation indices dynamics in a semi-arid grassland,Geoderma,Andrés F. Almeida-Ñauñay,cropland forest grassland wetland urban mining permafrost alpine arid paddy soil land use,metadata_screened,pending,pending,pending,pending,,,,,
D9,10.1016/j.soilbio.2008.07.022,Tag-encoded pyrosequencing analysis of bacterial diversity in a single soil type as affected by management and land use,Soil Biology and Biochemistry,V. Acosta-Martínez,cropland forest grassland wetland urban mining permafrost alpine arid paddy soil land use,metadata_screened,pending,pending,pending,pending,,,,,
D9,10.1111/gcb.16370,Responses of soil greenhouse gas emissions to land use conversion and reversion—A global meta‐analysis,Global Change Biology,Zhaohui Feng,cropland forest grassland wetland urban mining permafrost alpine arid paddy soil land use,metadata_screened,pending,pending,pending,pending,,,,,
D9,10.1016/j.geoderma.2020.114511,Enhancement of N2O emissions by grazing is related to soil physicochemical characteristics rather than nitrifier and denitrifier abundances in alpine grassland,Geoderma,Mingyuan Yin,cropland forest grassland wetland urban mining permafrost alpine arid paddy soil land use,metadata_screened,pending,pending,pending,pending,,,,,
D9,10.1111/j.1365-2745.2011.01881.x,Plasticity in leaf and stem nutrient resorption proficiency potentially reinforces plant–soil feedbacks and microscale heterogeneity in a semi‐arid grassland,Journal of Ecology,Xiao‐Tao Lü,cropland forest grassland wetland urban mining permafrost alpine arid paddy soil land use,metadata_screened,pending,pending,pending,pending,,,,,
D9,10.1111/j.1365-2745.2009.01614.x,Influence of plant species and soil conditions on plant–soil feedback in mixed grassland communities,Journal of Ecology,Kathryn A. Harrison,cropland forest grassland wetland urban mining permafrost alpine arid paddy soil land use,metadata_screened,pending,pending,pending,pending,,,,,
D9,10.1016/j.agee.2011.06.002,Management and land use change effects on soil carbon in northern China's grasslands: a synthesis,"Agriculture, Ecosystems &amp; Environment",Shiping Wang,cropland forest grassland wetland urban mining permafrost alpine arid paddy soil land use,metadata_screened,pending,pending,pending,pending,,,,,
D9,10.1111/j.1365-2486.2007.01474.x,Nitrous oxide emissions from a cropped soil in a semi‐arid climate,Global Change Biology,LOUISE BARTON,cropland forest grassland wetland urban mining permafrost alpine arid paddy soil land use,metadata_screened,pending,pending,pending,pending,,,,,
D9,10.1111/gcb.70045,Multifaceted Links Between Microbial Carbon Use Efficiency and Soil Organic Carbon Sequestration,Global Change Biology,Linchuan Fang,cropland forest grassland wetland urban mining permafrost alpine arid paddy soil land use,metadata_screened,pending,pending,pending,pending,,,,,
D9,10.1016/j.geoderma.2019.07.028,Variation of microbial residue contribution to soil organic carbon sequestration following land use change in a subtropical karst region,Geoderma,Yong Huang,cropland forest grassland wetland urban mining permafrost alpine arid paddy soil land use,metadata_screened,pending,pending,pending,pending,,,,,
D9,10.1016/j.geoderma.2019.114134,The Land Resource Circle: Supporting land-use decision making with an ecosystem-service-based framework of soil functions,Geoderma,Linda Lilburne,cropland forest grassland wetland urban mining permafrost alpine arid paddy soil land use,metadata_screened,pending,pending,pending,pending,,,,,
D9,10.1111/j.1365-2486.2005.00944.x,"Interactions between land use, habitat use, and population increase in greater snow geese: what are the consequences for natural wetlands?",Global Change Biology,Gilles Gauthier,cropland forest grassland wetland urban mining permafrost alpine arid paddy soil land use,metadata_screened,pending,pending,pending,pending,,,,,
D9,10.1016/j.soilbio.2019.01.009,Additive effects of experimental climate change and land use on faunal contribution to litter decomposition,Soil Biology and Biochemistry,Rui Yin,cropland forest grassland wetland urban mining permafrost alpine arid paddy soil land use,metadata_screened,pending,pending,pending,pending,,,,,
D9,10.1111/1365-2745.12639,Effects of permafrost thaw on nitrogen availability and plant–soil interactions in a boreal Alaskan lowland,Journal of Ecology,Rebecca A. Finger,cropland forest grassland wetland urban mining permafrost alpine arid paddy soil land use,metadata_screened,pending,pending,pending,pending,,,,,
D9,10.1016/j.soilbio.2008.07.005,Conversion of grassland to coniferous woodland has limited effects on soil nitrogen cycle processes,Soil Biology and Biochemistry,Duncan C. McKinley,cropland forest grassland wetland urban mining permafrost alpine arid paddy soil land use,metadata_screened,pending,pending,pending,pending,,,,,
D9,10.1016/j.agee.2013.10.026,Influence of land use on soil quality and stratification ratios under agro-silvo-pastoral Mediterranean management systems,"Agriculture, Ecosystems &amp; Environment",Rosa Francaviglia,cropland forest grassland wetland urban mining permafrost alpine arid paddy soil land use,metadata_screened,pending,pending,pending,pending,,,,,
D9,10.1016/j.geoderma.2014.08.017,Soil erosion and tolerable soil loss: Insights into erosion rates for a well-managed grassland catchment,Geoderma,G.R. Hancock,cropland forest grassland wetland urban mining permafrost alpine arid paddy soil land use,metadata_screened,pending,pending,pending,pending,,,,,
D9,10.1016/j.soilbio.2019.107696,Biogeographic patterns of microbial association networks in paddy soil within Eastern China,Soil Biology and Biochemistry,Xiaoling Wan,cropland forest grassland wetland urban mining permafrost alpine arid paddy soil land use,metadata_screened,pending,pending,pending,pending,,,,,
D9,10.1016/j.geoderma.2018.09.045,Changes in soil carbon stocks after land-use change from native vegetation to pastures in the Atlantic forest region of Brazil,Geoderma,Camila A. dos Santos,cropland forest grassland wetland urban mining permafrost alpine arid paddy soil land use,metadata_screened,pending,pending,pending,pending,,,,,
D9,10.1111/j.1365-2486.2003.00713.x,Impact of soil warming and shading on colonization and community structure of arbuscular mycorrhizal fungi in roots of a native grassland community,Global Change Biology,Andreas Heinemeyer,cropland forest grassland wetland urban mining permafrost alpine arid paddy soil land use,metadata_screened,pending,pending,pending,pending,,,,,
D9,10.1016/j.agee.2022.108085,Grazing intensity gradient inherited from traditional herding still explains Mediterranean grassland characteristics despite current land-use changes,"Agriculture, Ecosystems &amp; Environment",Christel Vidaller,cropland forest grassland wetland urban mining permafrost alpine arid paddy soil land use,metadata_screened,pending,pending,pending,pending,,,,,
D9,10.1016/j.soilbio.2012.10.020,Dynamics of aggregate-associated organic carbon following conversion of forest to cropland,Soil Biology and Biochemistry,Xiaorong Wei,cropland forest grassland wetland urban mining permafrost alpine arid paddy soil land use,metadata_screened,pending,pending,pending,pending,,,,,
D9,10.1016/j.geoderma.2014.05.016,Impacts of surface soil organic content on the soil thermal dynamics of alpine meadows in permafrost regions: data from field observations,Geoderma,Genxu Wang,cropland forest grassland wetland urban mining permafrost alpine arid paddy soil land use,metadata_screened,pending,pending,pending,pending,,,,,
D9,10.1111/j.1365-2486.2005.01142.x,Vertical partitioning of CO<sub>2</sub> production within a temperate forest soil,Global Change Biology,ERIC A. DAVIDSON,cropland forest grassland wetland urban mining permafrost alpine arid paddy soil land use,metadata_screened,pending,pending,pending,pending,,,,,
D9,10.1016/j.geoderma.2017.02.012,Phosphorus fractions and sorption characteristics in a subtropical paddy soil as influenced by fertilizer sources,Geoderma,Xiao Yan,cropland forest grassland wetland urban mining permafrost alpine arid paddy soil land use,metadata_screened,pending,pending,pending,pending,,,,,
D9,10.1016/j.soilbio.2013.10.044,N2O emission from cropland field soil through fungal denitrification after surface applications of organic fertilizer,Soil Biology and Biochemistry,Wei Wei,cropland forest grassland wetland urban mining permafrost alpine arid paddy soil land use,metadata_screened,pending,pending,pending,pending,,,,,
D9,10.1016/j.geoderma.2022.116102,Data mining of urban soil spectral library for estimating organic carbon,Geoderma,Yongsheng Hong,cropland forest grassland wetland urban mining permafrost alpine arid paddy soil land use,metadata_screened,pending,pending,pending,pending,,,,,
D9,10.1111/j.0022-0477.2004.00894.x,Soil‐related habitat specialization in dipterocarp rain forest tree species in Borneo,Journal of Ecology,PETER A. PALMIOTTO,cropland forest grassland wetland urban mining permafrost alpine arid paddy soil land use,metadata_screened,pending,pending,pending,pending,,,,,
D9,10.1016/j.soilbio.2018.05.029,Response of fermenting bacterial and methanogenic archaeal communities in paddy soil to progressing rice straw degradation,Soil Biology and Biochemistry,Yang Ji,cropland forest grassland wetland urban mining permafrost alpine arid paddy soil land use,metadata_screened,pending,pending,pending,pending,,,,,
D9,10.1111/1365-2745.12993,"Root responses to elevated <scp>CO</scp><sub>2</sub>, warming and irrigation in a semi‐arid grassland: Integrating biomass, length and life span in a 5‐year field experiment",Journal of Ecology,Kevin E. Mueller,cropland forest grassland wetland urban mining permafrost alpine arid paddy soil land use,metadata_screened,pending,pending,pending,pending,,,,,
D9,10.1016/j.geoderma.2021.115506,Spatial and temporal dynamics of soil organic carbon stock and carbon sequestration affected by major land-use conversions in Northwestern highlands of Ethiopia,Geoderma,Eyob Tilahun,cropland forest grassland wetland urban mining permafrost alpine arid paddy soil land use,metadata_screened,pending,pending,pending,pending,,,,,
D9,10.1111/gcb.70083,The Negative Legacy Effect of Extreme Drought on Soil Respiration Is Unaffected by Post‐Drought Precipitation Regime in a Temperate Grassland,Global Change Biology,Eszter Lellei‐Kovács,cropland forest grassland wetland urban mining permafrost alpine arid paddy soil land use,metadata_screened,pending,pending,pending,pending,,,,,
D9,10.1016/j.soilbio.2014.01.024,Regulation of carbon and nitrogen exchange rates in biological soil crusts by intrinsic and land use factors in the Sahel area,Soil Biology and Biochemistry,Isabelle Bertrand,cropland forest grassland wetland urban mining permafrost alpine arid paddy soil land use,metadata_screened,pending,pending,pending,pending,,,,,
D9,10.1111/j.1365-2745.2010.01741.x,Climate is a stronger driver of tree and forest growth rates than soil and disturbance,Journal of Ecology,Marisol Toledo,cropland forest grassland wetland urban mining permafrost alpine arid paddy soil land use,metadata_screened,pending,pending,pending,pending,,,,,
D9,10.1016/j.soilbio.2022.108907,Soil aggregate development and associated microbial metabolic limitations alter grassland carbon storage following livestock removal,Soil Biology and Biochemistry,Wenliang Ju,cropland forest grassland wetland urban mining permafrost alpine arid paddy soil land use,metadata_screened,pending,pending,pending,pending,,,,,
D9,10.1016/j.agee.2013.04.009,Seven years of carbon dioxide exchange over a degraded grassland and a cropland with maize ecosystems in a semiarid area of China,"Agriculture, Ecosystems &amp; Environment",Du Qun,cropland forest grassland wetland urban mining permafrost alpine arid paddy soil land use,metadata_screened,pending,pending,pending,pending,,,,,
D9,10.1016/j.agee.2022.108241,Nitrogen addition weakens the biodiversity multifunctionality relationships across soil profiles in a grassland assemblage,"Agriculture, Ecosystems &amp; Environment",Chao Wang,cropland forest grassland wetland urban mining permafrost alpine arid paddy soil land use,metadata_screened,pending,pending,pending,pending,,,,,
D9,10.1016/j.geoderma.2010.01.008,Effects of land-use history on soil spatial heterogeneity of macro- and trace elements in the Southern Piedmont USA,Geoderma,Jianwei Li,cropland forest grassland wetland urban mining permafrost alpine arid paddy soil land use,metadata_screened,pending,pending,pending,pending,,,,,
D9,10.1111/gcb.70111,A Global Meta‐Analysis of Land Use Change on Soil Mineral‐Associated and Particulate Organic Carbon,Global Change Biology,Yuqing Zhao,cropland forest grassland wetland urban mining permafrost alpine arid paddy soil land use,metadata_screened,pending,pending,pending,pending,,,,,
D9,10.1111/gcb.15935,Temperature sensitivity of anaerobic methane oxidation versus methanogenesis in paddy soil: Implications for the CH<sub>4</sub> balance under global warming,Global Change Biology,Lichao Fan,cropland forest grassland wetland urban mining permafrost alpine arid paddy soil land use,metadata_screened,pending,pending,pending,pending,,,,,
D9,10.1016/j.geoderma.2014.12.008,An evaluation of the role of hillslope components and land use in soil erosion using 137Cs inventory and soil organic carbon stock,Geoderma,Kazem Nosrati,cropland forest grassland wetland urban mining permafrost alpine arid paddy soil land use,metadata_screened,pending,pending,pending,pending,,,,,
D9,10.1111/1365-2745.13398,Foliar water uptake by coastal wetland plants: A novel water acquisition mechanism in arid and humid subtropical mangroves,Journal of Ecology,Matthew A. Hayes,cropland forest grassland wetland urban mining permafrost alpine arid paddy soil land use,metadata_screened,pending,pending,pending,pending,,,,,
D9,10.1016/j.agee.2021.107574,Nitrate accumulation in the soil profile is the main fate of surplus nitrogen after land-use change from cereal cultivation to apple orchards on the Loess Plateau,"Agriculture, Ecosystems &amp; Environment",Xueqiang Zhu,cropland forest grassland wetland urban mining permafrost alpine arid paddy soil land use,metadata_screened,pending,pending,pending,pending,,,,,
D9,10.1016/j.geoderma.2019.113991,Land use change and stand age regulate soil respiration by influencing soil substrate supply and microbial community,Geoderma,Xing Wu,cropland forest grassland wetland urban mining permafrost alpine arid paddy soil land use,metadata_screened,pending,pending,pending,pending,,,,,
D9,10.1111/j.1365-2486.2008.01546.x,A non‐native invasive grass increases soil carbon flux in a Hawaiian tropical dry forest,Global Change Biology,CREIGHTON M. LITTON,cropland forest grassland wetland urban mining permafrost alpine arid paddy soil land use,metadata_screened,pending,pending,pending,pending,,,,,
D9,10.1016/j.geoderma.2021.115399,Assessing toxic metal chromium in the soil in coal mining areas via proximal sensing: Prerequisites for land rehabilitation and sustainable development,Geoderma,Jingzhe Wang,cropland forest grassland wetland urban mining permafrost alpine arid paddy soil land use,metadata_screened,pending,pending,pending,pending,,,,,
D9,10.1016/j.geoderma.2016.05.004,Effect of long term land use systems on fractions of glomalin and soil organic carbon in the Indo-Gangetic plain,Geoderma,Ashutosh Kumar Singh,cropland forest grassland wetland urban mining permafrost alpine arid paddy soil land use,metadata_screened,pending,pending,pending,pending,,,,,
D9,10.1016/j.geoderma.2023.116430,Soil organic matter enhances aboveground biomass in alpine grassland under drought,Geoderma,YunFei Zhao,cropland forest grassland wetland urban mining permafrost alpine arid paddy soil land use,metadata_screened,pending,pending,pending,pending,,,,,
D9,10.1016/j.agee.2005.07.002,Carbon and N mineralization as affected by soil cultivation and crop residue in a calcareous wetland ecosystem in Central Iran,"Agriculture, Ecosystems &amp; Environment",Fayez Raiesi,cropland forest grassland wetland urban mining permafrost alpine arid paddy soil land use,metadata_screened,pending,pending,pending,pending,,,,,
D9,10.1111/gcb.12396,Soil warming alters microbial substrate use in alpine soils,Global Change Biology,Kathrin Streit,cropland forest grassland wetland urban mining permafrost alpine arid paddy soil land use,metadata_screened,pending,pending,pending,pending,,,,,
D9,10.1016/j.soilbio.2007.10.003,"Water- and plant-mediated responses of soil respiration to topography, fire, and nitrogen fertilization in a semiarid grassland in northern China",Soil Biology and Biochemistry,Wenhua Xu,cropland forest grassland wetland urban mining permafrost alpine arid paddy soil land use,metadata_screened,pending,pending,pending,pending,,,,,
D9,10.1111/gcb.12418,Soil microbial and nutrient responses to 7 years of seasonally altered precipitation in a Chihuahuan Desert grassland,Global Change Biology,Colin W. Bell,cropland forest grassland wetland urban mining permafrost alpine arid paddy soil land use,metadata_screened,pending,pending,pending,pending,,,,,
D9,10.1016/j.soilbio.2008.05.010,Differences in soil CO2 flux between different land use types in mid-subtropical China,Soil Biology and Biochemistry,Javed Iqbal,cropland forest grassland wetland urban mining permafrost alpine arid paddy soil land use,metadata_screened,pending,pending,pending,pending,,,,,
D9,10.1016/s0167-8809(01)00286-9,The effects of secondary forest clearance and subsequent land-use on erosion losses and soil properties in the Blue Mountains of Jamaica,"Agriculture, Ecosystems &amp; Environment",M.A. McDonald,cropland forest grassland wetland urban mining permafrost alpine arid paddy soil land use,metadata_screened,pending,pending,pending,pending,,,,,
D9,10.1016/j.geoderma.2013.01.002,Correlation between Soil Taxonomy and World Reference Base for Soil Resources in classifying calcareous soils: (A case study of arid and semi-arid regions of Iran),Geoderma,Isa Esfandiarpour,cropland forest grassland wetland urban mining permafrost alpine arid paddy soil land use,metadata_screened,pending,pending,pending,pending,,,,,
D9,10.1111/gcb.16107,Changes in plant inputs alter soil carbon and microbial communities in forest ecosystems,Global Change Biology,Jiguang Feng,cropland forest grassland wetland urban mining permafrost alpine arid paddy soil land use,metadata_screened,pending,pending,pending,pending,,,,,
D9,10.1111/j.0022-0477.2004.00917.x,The influence of spatial patterns of damping‐off disease and arbuscular mycorrhizal colonization on tree seedling establishment in Ghanaian tropical forest soil,Journal of Ecology,L.A. HOOD,cropland forest grassland wetland urban mining permafrost alpine arid paddy soil land use,metadata_screened,pending,pending,pending,pending,,,,,
D9,10.1016/j.geoderma.2014.06.002,"Soil type mediates effects of land use on soil carbon and nitrogen in the Konya Basin, Turkey",Geoderma,Marc Mayes,cropland forest grassland wetland urban mining permafrost alpine arid paddy soil land use,metadata_screened,pending,pending,pending,pending,,,,,
D9,10.1016/j.soilbio.2006.02.021,Response of soil microbial biomass and enzyme activities to the transient elevation of carbon dioxide in a semi-arid grassland,Soil Biology and Biochemistry,Ellen Kandeler,cropland forest grassland wetland urban mining permafrost alpine arid paddy soil land use,metadata_screened,pending,pending,pending,pending,,,,,
D9,10.1016/j.soilbio.2021.108278,Climate change drivers alter root controls over litter decomposition in a semi-arid grassland,Soil Biology and Biochemistry,Zhen Li,cropland forest grassland wetland urban mining permafrost alpine arid paddy soil land use,metadata_screened,pending,pending,pending,pending,,,,,
D9,10.1016/s0038-0717(00)00194-2,Accounting for variability in soil microbial communities of temperate upland grassland ecosystems,Soil Biology and Biochemistry,S.J. Grayston,cropland forest grassland wetland urban mining permafrost alpine arid paddy soil land use,metadata_screened,pending,pending,pending,pending,,,,,
D9,10.1111/gcb.13248,The influence of vegetation and soil characteristics on active‐layer thickness of permafrost soils in boreal forest,Global Change Biology,James P. Fisher,cropland forest grassland wetland urban mining permafrost alpine arid paddy soil land use,metadata_screened,pending,pending,pending,pending,,,,,
D9,10.1111/1365-2745.13449,Local soil legacy effects in a multispecies grassland community are underlain by root foraging and soil nutrient availability,Journal of Ecology,Dina in ‘t Zandt,cropland forest grassland wetland urban mining permafrost alpine arid paddy soil land use,metadata_screened,pending,pending,pending,pending,,,,,
D9,10.1016/s0167-8809(00)00235-8,Are agricultural land-use models able to predict changes in land-use intensity?,"Agriculture, Ecosystems &amp; Environment",E.F Lambin,cropland forest grassland wetland urban mining permafrost alpine arid paddy soil land use,metadata_screened,pending,pending,pending,pending,,,,,
D9,10.1016/j.soilbio.2023.109274,N2O emissions from cropland and grassland management systems are determined by soil organic matter quality and soil physical parameters rather than carbon stock and denitrifier abundances,Soil Biology and Biochemistry,A. Jerray,cropland forest grassland wetland urban mining permafrost alpine arid paddy soil land use,metadata_screened,pending,pending,pending,pending,,,,,
D9,10.1111/j.1365-2486.2010.02159.x,No overall stimulation of soil respiration under mature deciduous forest trees after 7 years of CO<sub>2</sub> enrichment,Global Change Biology,MARTIN K.‐F. BADER,cropland forest grassland wetland urban mining permafrost alpine arid paddy soil land use,metadata_screened,pending,pending,pending,pending,,,,,
D9,10.1016/j.soilbio.2006.04.003,Storage and dynamics of carbon and nitrogen in soil physical fractions following woody plant invasion of grassland,Soil Biology and Biochemistry,J.D. Liao,cropland forest grassland wetland urban mining permafrost alpine arid paddy soil land use,metadata_screened,pending,pending,pending,pending,,,,,
D9,10.1111/j.1365-2486.2006.01150.x,"The underpinnings of land‐use history: three centuries of global gridded land‐use transitions, wood‐harvest activity, and resulting secondary lands",Global Change Biology,G. C. HURTT,cropland forest grassland wetland urban mining permafrost alpine arid paddy soil land use,metadata_screened,pending,pending,pending,pending,,,,,
D9,10.1016/j.soilbio.2018.10.006,Growth explains microbial carbon use efficiency across soils differing in land use and geology,Soil Biology and Biochemistry,Qing Zheng,cropland forest grassland wetland urban mining permafrost alpine arid paddy soil land use,metadata_screened,pending,pending,pending,pending,,,,,
D9,10.1016/j.agee.2014.05.015,Topography and land use change effects on the soil organic carbon stock of forest soils in Mediterranean natural areas,"Agriculture, Ecosystems &amp; Environment",M.L. Fernández-Romero,cropland forest grassland wetland urban mining permafrost alpine arid paddy soil land use,metadata_screened,pending,pending,pending,pending,,,,,
D9,10.1016/j.geoderma.2014.11.027,Effect of land degradation on carbon and nitrogen pools in two soil types of a semi-arid landscape in West Africa,Geoderma,Salifou Traoré,cropland forest grassland wetland urban mining permafrost alpine arid paddy soil land use,metadata_screened,pending,pending,pending,pending,,,,,
D9,10.1111/j.1365-2486.2010.02347.x,Soil heterogeneity buffers community response to climate change in species-rich grassland,Global Change Biology,JASON D. FRIDLEY,cropland forest grassland wetland urban mining permafrost alpine arid paddy soil land use,metadata_screened,pending,pending,pending,pending,,,,,
D9,10.1111/j.1365-2486.2006.01186.x,Sequestration and turnover of bacterial‐ and fungal‐derived carbon in a temperate grassland soil under long‐term elevated atmospheric <i>p</i>CO<sub>2</sub>,Global Change Biology,BRUNO GLASER,cropland forest grassland wetland urban mining permafrost alpine arid paddy soil land use,metadata_screened,pending,pending,pending,pending,,,,,
D9,10.1016/j.geoderma.2014.09.017,The effects of land use and landscape on soil nitrate availability in Southern Italy (Molise region),Geoderma,Claudio Colombo,cropland forest grassland wetland urban mining permafrost alpine arid paddy soil land use,metadata_screened,pending,pending,pending,pending,,,,,
D9,10.1111/j.1365-2486.2009.02033.x,Changes in the abundance of C3/C4 species of Inner Mongolia grassland: evidence from isotopic composition of soil and vegetation,Global Change Biology,MAXIMILIAN H. O. M. WITTMER,cropland forest grassland wetland urban mining permafrost alpine arid paddy soil land use,metadata_screened,pending,pending,pending,pending,,,,,
D9,10.1016/j.geoderma.2012.08.027,Soil surface CO2 efflux measurements in Norway spruce forests: Comparison between four different sites across Europe — from boreal to alpine forest,Geoderma,Manuel Acosta,cropland forest grassland wetland urban mining permafrost alpine arid paddy soil land use,metadata_screened,pending,pending,pending,pending,,,,,
D9,10.1111/gcb.12996,Microbial physiology and soil CO<sub>2</sub> efflux after 9 years of soil warming in a temperate forest – no indications for thermal adaptations,Global Change Biology,Andreas Schindlbacher,cropland forest grassland wetland urban mining permafrost alpine arid paddy soil land use,metadata_screened,pending,pending,pending,pending,,,,,
D9,10.1016/j.soilbio.2006.06.012,"Diurnal, seasonal, and inter-annual variations of N2O fluxes from native semi-arid grassland soils of inner Mongolia",Soil Biology and Biochemistry,Rui Du,cropland forest grassland wetland urban mining permafrost alpine arid paddy soil land use,metadata_screened,pending,pending,pending,pending,,,,,
D9,10.1016/j.soilbio.2021.108140,Shifts in root and soil chemistry drive the assembly of belowground fungal communities in tropical land-use systems,Soil Biology and Biochemistry,Johannes Ballauff,cropland forest grassland wetland urban mining permafrost alpine arid paddy soil land use,metadata_screened,pending,pending,pending,pending,,,,,
D9,10.1016/j.geoderma.2021.115548,Oxygen matters: Short- and medium-term effects of aeration on hydrolytic enzymes in a paddy soil,Geoderma,Chaoqun Wang,cropland forest grassland wetland urban mining permafrost alpine arid paddy soil land use,metadata_screened,pending,pending,pending,pending,,,,,
D9,10.1111/j.1365-2486.2006.01255.x,Effects of wildfire and permafrost on soil organic matter and soil climate in interior Alaska,Global Change Biology,JENNIFER W. HARDEN,cropland forest grassland wetland urban mining permafrost alpine arid paddy soil land use,metadata_screened,pending,pending,pending,pending,,,,,
D9,10.1016/j.soilbio.2019.107692,Soil microbial community responses to labile organic carbon fractions in relation to soil type and land use along a climate gradient,Soil Biology and Biochemistry,Paulina B. Ramírez,cropland forest grassland wetland urban mining permafrost alpine arid paddy soil land use,metadata_screened,pending,pending,pending,pending,,,,,
D9,10.1111/gcb.12096,"Effects of plant diversity, <scp>N</scp> fertilization, and elevated carbon dioxide on grassland soil <scp>N</scp> cycling in a long‐term experiment",Global Change Biology,Kevin E. Mueller,cropland forest grassland wetland urban mining permafrost alpine arid paddy soil land use,metadata_screened,pending,pending,pending,pending,,,,,
D9,10.1016/j.geoderma.2017.08.011,Influence of tree species and forest land use on soil hydraulic conductivity and implications for surface runoff generation,Geoderma,K.R. Chandler,cropland forest grassland wetland urban mining permafrost alpine arid paddy soil land use,metadata_screened,pending,pending,pending,pending,,,,,
D9,10.1111/gcb.15134,Plant carbon allocation drives turnover of old soil organic matter in permafrost tundra soils,Global Change Biology,Lorna E. Street,cropland forest grassland wetland urban mining permafrost alpine arid paddy soil land use,metadata_screened,pending,pending,pending,pending,,,,,
D9,10.1111/gcb.16081,"Compound hydroclimatic extremes in a semi‐arid grassland: Drought, deluge, and the carbon cycle",Global Change Biology,David L. Hoover,cropland forest grassland wetland urban mining permafrost alpine arid paddy soil land use,metadata_screened,pending,pending,pending,pending,,,,,
D9,10.1016/j.geoderma.2009.08.024,Soil dynamics in Pinus halepensis reforestation: Effect of microenvironments and previous land use,Geoderma,Antonio Ruiz-Navarro,cropland forest grassland wetland urban mining permafrost alpine arid paddy soil land use,metadata_screened,pending,pending,pending,pending,,,,,
D9,10.1016/j.agee.2006.10.022,"Relationships between diversity of grassland vegetation, field characteristics and land use management practices assessed at the farm level","Agriculture, Ecosystems &amp; Environment",Nadine Andrieu,cropland forest grassland wetland urban mining permafrost alpine arid paddy soil land use,metadata_screened,pending,pending,pending,pending,,,,,
D9,10.1016/j.soilbio.2006.05.004,Soil organic matter dynamics and land use change at a grassland/forest ecotone,Soil Biology and Biochemistry,S BILLINGS,cropland forest grassland wetland urban mining permafrost alpine arid paddy soil land use,metadata_screened,pending,pending,pending,pending,,,,,
D9,10.1111/gcb.16923,"China's wetland soil organic carbon pool: New estimation on pool size, change, and trajectory",Global Change Biology,Yongxing Ren,cropland forest grassland wetland urban mining permafrost alpine arid paddy soil land use,metadata_screened,pending,pending,pending,pending,,,,,
D9,10.1111/gcb.12144,Effects of grazing on grassland soil carbon: a global review,Global Change Biology,Megan E. McSherry,cropland forest grassland wetland urban mining permafrost alpine arid paddy soil land use,metadata_screened,pending,pending,pending,pending,,,,,
D9,10.1016/j.agee.2016.01.042,Soil pH increase under paddy in South Korea between 2000 and 2012,"Agriculture, Ecosystems &amp; Environment",Budiman Minasny,cropland forest grassland wetland urban mining permafrost alpine arid paddy soil land use,metadata_screened,pending,pending,pending,pending,,,,,
D9,10.1111/j.1365-2745.2011.01925.x,Increased plant productivity in Alaskan tundra as a result of experimental warming of soil and permafrost,Journal of Ecology,Susan M. Natali,cropland forest grassland wetland urban mining permafrost alpine arid paddy soil land use,metadata_screened,pending,pending,pending,pending,,,,,
D9,10.1016/j.soilbio.2020.107998,"Linking soil engineers, structural stability, and organic matter allocation to unravel soil carbon responses to land-use change",Soil Biology and Biochemistry,André L.C. Franco,cropland forest grassland wetland urban mining permafrost alpine arid paddy soil land use,metadata_screened,pending,pending,pending,pending,,,,,
D9,10.1016/j.geoderma.2022.116322,Soil erosion models verification in a small catchment for different time windows with changing cropland boundary,Geoderma,Andrey Zhidkin,cropland forest grassland wetland urban mining permafrost alpine arid paddy soil land use,metadata_screened,pending,pending,pending,pending,,,,,
D9,10.1016/j.geoderma.2013.08.016,Soil formation rates on silicate parent material in alpine environments: Different approaches–different results?,Geoderma,Markus Egli,cropland forest grassland wetland urban mining permafrost alpine arid paddy soil land use,metadata_screened,pending,pending,pending,pending,,,,,
D9,10.1016/j.soilbio.2007.11.020,Decoupling plant-growth from land-use legacies in soil microbial communities,Soil Biology and Biochemistry,Andrew Kulmatiski,cropland forest grassland wetland urban mining permafrost alpine arid paddy soil land use,metadata_screened,pending,pending,pending,pending,,,,,
D9,10.1016/j.geoderma.2005.11.012,Stable isotopes for characterisation of trends in soil carbon following deforestation and land use change in the highlands of Madagascar,Geoderma,Tor-Gunnar Vågen,cropland forest grassland wetland urban mining permafrost alpine arid paddy soil land use,metadata_screened,pending,pending,pending,pending,,,,,
D9,10.1016/j.soilbio.2010.09.008,Contributions of biotic and abiotic factors to soil aggregation across a land use gradient,Soil Biology and Biochemistry,E. Kathryn Barto,cropland forest grassland wetland urban mining permafrost alpine arid paddy soil land use,metadata_screened,pending,pending,pending,pending,,,,,
D9,10.1016/j.agee.2018.09.028,Nitrous oxide emissions from soils under traditional cropland and apple orchard in the semi-arid Loess Plateau of China,"Agriculture, Ecosystems &amp; Environment",Junzhu Pang,cropland forest grassland wetland urban mining permafrost alpine arid paddy soil land use,metadata_screened,pending,pending,pending,pending,,,,,
D9,10.1016/j.soilbio.2009.06.019,Biodiversity and trophic structure of soil nematode communities are altered following woody plant invasion of grassland,Soil Biology and Biochemistry,Lori A. Biederman,cropland forest grassland wetland urban mining permafrost alpine arid paddy soil land use,metadata_screened,pending,pending,pending,pending,,,,,
D9,10.1016/j.agee.2016.06.030,Land use change effects on stratification and storage of soil carbon and nitrogen: Application to a Mediterranean nature reserve,"Agriculture, Ecosystems &amp; Environment",Beatriz Lozano-García,cropland forest grassland wetland urban mining permafrost alpine arid paddy soil land use,metadata_screened,pending,pending,pending,pending,,,,,
D9,10.1016/j.agee.2018.01.016,"Intensifying rotations increases soil carbon, fungi, and aggregation in semi-arid agroecosystems","Agriculture, Ecosystems &amp; Environment",Steven T. Rosenzweig,cropland forest grassland wetland urban mining permafrost alpine arid paddy soil land use,metadata_screened,pending,pending,pending,pending,,,,,
D9,10.1111/1365-2745.13139,Effect of permafrost thaw on plant and soil fungal community in a boreal forest: Does fungal community change mediate plant productivity response?,Journal of Ecology,Ursel M. E. Schütte,cropland forest grassland wetland urban mining permafrost alpine arid paddy soil land use,metadata_screened,pending,pending,pending,pending,,,,,
D9,10.1016/j.soilbio.2017.10.029,Nitrogen fertilization stimulated soil heterotrophic but not autotrophic respiration in cropland soils: A greater role of organic over inorganic fertilizer,Soil Biology and Biochemistry,Zengming Chen,cropland forest grassland wetland urban mining permafrost alpine arid paddy soil land use,metadata_screened,pending,pending,pending,pending,,,,,
D9,10.1016/j.agee.2020.107256,Grazing exclusion alters ecological stoichiometry of plant and soil in degraded alpine grassland,"Agriculture, Ecosystems &amp; Environment",Chenjun Du,cropland forest grassland wetland urban mining permafrost alpine arid paddy soil land use,metadata_screened,pending,pending,pending,pending,,,,,
D9,10.1016/j.soilbio.2008.04.012,Elevated CO2 stimulates N2O emissions in permanent grassland,Soil Biology and Biochemistry,Claudia Kammann,cropland forest grassland wetland urban mining permafrost alpine arid paddy soil land use,metadata_screened,pending,pending,pending,pending,,,,,
D9,10.1111/j.1365-2486.2010.02161.x,"Soil–atmosphere exchange of CH<sub>4</sub>, CO, N<sub>2</sub>O and NO<i><sub>x</sub></i> and the effects of land‐use change in the semiarid Mallee system in Southeastern Australia",Global Change Biology,IAN GALBALLY,cropland forest grassland wetland urban mining permafrost alpine arid paddy soil land use,metadata_screened,pending,pending,pending,pending,,,,,
D9,10.1111/j.1365-2486.2008.01549.x,Microbial activity and soil respiration under nitrogen addition in Alaskan boreal forest,Global Change Biology,STEVEN D. ALLISON,cropland forest grassland wetland urban mining permafrost alpine arid paddy soil land use,metadata_screened,pending,pending,pending,pending,,,,,
D9,10.1016/j.geoderma.2022.116229,Microbial mechanisms for methane source-to-sink transition after wetland conversion to cropland,Geoderma,Nannan Wang,cropland forest grassland wetland urban mining permafrost alpine arid paddy soil land use,metadata_screened,pending,pending,pending,pending,,,,,
D9,10.1016/j.geoderma.2022.116148,Elevational pattern of soil organic carbon release in a Tibetan alpine grassland: Consequence of quality but not quantity of initial soil organic carbon,Geoderma,Meng Guo,cropland forest grassland wetland urban mining permafrost alpine arid paddy soil land use,metadata_screened,pending,pending,pending,pending,,,,,
D9,10.1016/j.soilbio.2007.12.024,"Changes in microbial communities in an apple orchard and its adjacent bush soil in response to season, land-use, and violet root rot infestation",Soil Biology and Biochemistry,Masahiro Shishido,cropland forest grassland wetland urban mining permafrost alpine arid paddy soil land use,metadata_screened,pending,pending,pending,pending,,,,,
D9,10.1016/j.agee.2014.05.003,Differences in soil organic carbon dynamics in paddy fields and drylands in northeast China using the CENTURY model,"Agriculture, Ecosystems &amp; Environment",Wei Ouyang,cropland forest grassland wetland urban mining permafrost alpine arid paddy soil land use,metadata_screened,pending,pending,pending,pending,,,,,
D9,10.1046/j.1365-2745.2001.00544.x,Plant responses to competition and soil origin across a prairie–forest boundary,Journal of Ecology,Duane A. Peltzer,cropland forest grassland wetland urban mining permafrost alpine arid paddy soil land use,metadata_screened,pending,pending,pending,pending,,,,,
D9,10.1111/j.1365-2745.2010.01664.x,The use of chronosequences in studies of ecological succession and soil development,Journal of Ecology,Lawrence R. Walker,cropland forest grassland wetland urban mining permafrost alpine arid paddy soil land use,metadata_screened,pending,pending,pending,pending,,,,,
D9,10.1016/j.soilbio.2017.07.002,Mixed grazing and clipping is beneficial to ecosystem recovery but may increase potential N2O emissions in a semi-arid grassland,Soil Biology and Biochemistry,Lei Zhong,cropland forest grassland wetland urban mining permafrost alpine arid paddy soil land use,metadata_screened,pending,pending,pending,pending,,,,,
D9,10.1111/1365-2745.13111,Soil types select for plants with matching nutrient‐acquisition and ‐use traits in hyperdiverse and severely nutrient‐impoverished <i>campos rupestres</i> and <i>cerrado</i> in Central Brazil,Journal of Ecology,Anna Abrahão,cropland forest grassland wetland urban mining permafrost alpine arid paddy soil land use,metadata_screened,pending,pending,pending,pending,,,,,
D9,10.1016/j.soilbio.2018.03.014,Change of the pathway of methane production with progressing anoxic incubation of paddy soil,Soil Biology and Biochemistry,Yang Ji,cropland forest grassland wetland urban mining permafrost alpine arid paddy soil land use,metadata_screened,pending,pending,pending,pending,,,,,
D9,10.1111/gcb.13520,The positive net radiative greenhouse gas forcing of increasing methane emissions from a thawing boreal forest‐wetland landscape,Global Change Biology,Manuel Helbig,cropland forest grassland wetland urban mining permafrost alpine arid paddy soil land use,metadata_screened,pending,pending,pending,pending,,,,,
D9,10.1016/j.geoderma.2016.10.023,Stimulatory effect of exogenous nitrate on soil denitrifiers and denitrifying activities in submerged paddy soil,Geoderma,Ling Wang,cropland forest grassland wetland urban mining permafrost alpine arid paddy soil land use,metadata_screened,pending,pending,pending,pending,,,,,
D9,10.1016/s0016-7061(01)00104-5,Long-term dynamics and interrelationships of soil Collembola and microorganisms in an arable landscape following land use change,Geoderma,J Filser,cropland forest grassland wetland urban mining permafrost alpine arid paddy soil land use,metadata_screened,pending,pending,pending,pending,,,,,
D9,10.1016/j.geoderma.2009.09.016,Effects of soil texture and land use interactions on organic carbon in soils in North China cities' urban fringe,Geoderma,Xiangbin Kong,cropland forest grassland wetland urban mining permafrost alpine arid paddy soil land use,metadata_screened,pending,pending,pending,pending,,,,,
D9,10.1111/1365-2745.12236,Land management trumps the effects of climate change and elevated <scp>CO</scp><sub>2</sub> on grassland functioning,Journal of Ecology,Aurélie Thébault,cropland forest grassland wetland urban mining permafrost alpine arid paddy soil land use,metadata_screened,pending,pending,pending,pending,,,,,
D9,10.1016/j.agee.2017.12.019,Soil C:N ratios are unresponsive to land use change in Brazil: A comparative analysis,"Agriculture, Ecosystems &amp; Environment",Yuri Lopes Zinn,cropland forest grassland wetland urban mining permafrost alpine arid paddy soil land use,metadata_screened,pending,pending,pending,pending,,,,,
D9,10.1111/j.1365-2486.2008.01653.x,"Impact of changing wood demand, climate and land use on European forest resources and carbon stocks during the 21st century",Global Change Biology,JEANNETTE EGGERS,cropland forest grassland wetland urban mining permafrost alpine arid paddy soil land use,metadata_screened,pending,pending,pending,pending,,,,,
D9,10.1111/j.1365-2486.2006.01182.x,"Points, patches, and regions: scaling soil biogeochemical patterns in an urbanized arid ecosystem",Global Change Biology,G. DARREL JENERETTE,cropland forest grassland wetland urban mining permafrost alpine arid paddy soil land use,metadata_screened,pending,pending,pending,pending,,,,,
D9,10.1016/j.soilbio.2016.11.029,Combined use of network inference tools identifies ecologically meaningful bacterial associations in a paddy soil,Soil Biology and Biochemistry,Honggui Wang,cropland forest grassland wetland urban mining permafrost alpine arid paddy soil land use,metadata_screened,pending,pending,pending,pending,,,,,
D9,10.1016/j.soilbio.2005.09.009,Temperature and soil moisture interactively affected soil net N mineralization in temperate grassland in Northern China,Soil Biology and Biochemistry,C WANG,cropland forest grassland wetland urban mining permafrost alpine arid paddy soil land use,metadata_screened,pending,pending,pending,pending,,,,,
D9,10.1111/j.1365-2745.2009.01536.x,Vegetation composition promotes carbon and nitrogen storage in model grassland communities of contrasting soil fertility,Journal of Ecology,Gerlinde B. De Deyn,cropland forest grassland wetland urban mining permafrost alpine arid paddy soil land use,metadata_screened,pending,pending,pending,pending,,,,,
D9,10.1016/j.soilbio.2018.07.009,Environmental controls on extracellular polysaccharide accumulation in a California grassland soil,Soil Biology and Biochemistry,Kenneth A. Marchus,cropland forest grassland wetland urban mining permafrost alpine arid paddy soil land use,metadata_screened,pending,pending,pending,pending,,,,,
D9,10.1111/1365-2745.13239,Frost maintains forests and grasslands as alternate states in a montane tropical forest–grassland mosaic; but alien tree invasion and warming can disrupt this balance,Journal of Ecology,Atul A. Joshi,cropland forest grassland wetland urban mining permafrost alpine arid paddy soil land use,metadata_screened,pending,pending,pending,pending,,,,,
D9,10.1016/j.agee.2020.106924,Accumulation of organic carbon in various soil aggregate sizes under different land use systems in a semi-arid environment,"Agriculture, Ecosystems &amp; Environment",Chukwuebuka C. Okolo,cropland forest grassland wetland urban mining permafrost alpine arid paddy soil land use,metadata_screened,pending,pending,pending,pending,,,,,
D9,10.1016/j.geoderma.2011.11.013,Comparing measurements methods of carbon dioxide fluxes in a soil sequence under land use and cover change in North Eastern Spain,Geoderma,Mohamed Emran,cropland forest grassland wetland urban mining permafrost alpine arid paddy soil land use,metadata_screened,pending,pending,pending,pending,,,,,
D9,10.1016/j.agee.2010.08.011,"Estimation of nitrous oxide emission from Hungarian semi-arid sandy and loess grasslands; effect of soil parameters, grazing, irrigation and use of fertilizer","Agriculture, Ecosystems &amp; Environment",L. Horváth,cropland forest grassland wetland urban mining permafrost alpine arid paddy soil land use,metadata_screened,pending,pending,pending,pending,,,,,
D9,10.1016/j.soilbio.2013.03.006,Agricultural land use affects nitrate production and conservation in humid subtropical soils in China,Soil Biology and Biochemistry,Jinbo Zhang,cropland forest grassland wetland urban mining permafrost alpine arid paddy soil land use,metadata_screened,pending,pending,pending,pending,,,,,
D9,10.1111/gcb.14027,Disentangling the long‐term effects of disturbance on soil biogeochemistry in a wet tropical forest ecosystem,Global Change Biology,Omar Gutiérrez del Arroyo,cropland forest grassland wetland urban mining permafrost alpine arid paddy soil land use,metadata_screened,pending,pending,pending,pending,,,,,
D9,10.1016/s0038-0717(00)00128-0,An empirical model of amino acid transformations in an alpine soil,Soil Biology and Biochemistry,D.A Lipson,cropland forest grassland wetland urban mining permafrost alpine arid paddy soil land use,metadata_screened,pending,pending,pending,pending,,,,,
D9,10.1111/j.1365-2486.2006.01107.x,Changing sources of soil respiration with time since fire in a boreal forest,Global Change Biology,CLAUDIA I. CZIMCZIK,cropland forest grassland wetland urban mining permafrost alpine arid paddy soil land use,metadata_screened,pending,pending,pending,pending,,,,,
D9,10.1016/j.agee.2011.11.006,Soil erosion induced by land use changes as determined by plough marks and field evidence in the Aksum area (Ethiopia),"Agriculture, Ecosystems &amp; Environment",Rossano Ciampalini,cropland forest grassland wetland urban mining permafrost alpine arid paddy soil land use,metadata_screened,pending,pending,pending,pending,,,,,
D9,10.1016/j.agee.2016.06.011,Repeated annual glyphosate applications may impair beneficial soil microorganisms in temperate grassland,"Agriculture, Ecosystems &amp; Environment",M. Druille,cropland forest grassland wetland urban mining permafrost alpine arid paddy soil land use,metadata_screened,pending,pending,pending,pending,,,,,
D9,10.1016/j.geoderma.2014.04.003,A spectral soil quality index (SSQI) for characterizing soil function in areas of changed land use,Geoderma,Tarin Paz-Kagan,cropland forest grassland wetland urban mining permafrost alpine arid paddy soil land use,metadata_screened,pending,pending,pending,pending,,,,,
D9,10.1016/j.soilbio.2009.11.017,"Temporal variation in pools of amino acids, inorganic and microbial N in a temperate grassland soil",Soil Biology and Biochemistry,Charles R. Warren,cropland forest grassland wetland urban mining permafrost alpine arid paddy soil land use,metadata_screened,pending,pending,pending,pending,,,,,
D9,10.1016/j.agee.2021.107445,Impacts of continuous biochar application on major carbon fractions in soil profile of North China Plain’s cropland: In comparison with straw incorporation,"Agriculture, Ecosystems &amp; Environment",Tongping Lu,cropland forest grassland wetland urban mining permafrost alpine arid paddy soil land use,metadata_screened,pending,pending,pending,pending,,,,,
D9,10.1111/gcb.15414,On the inter‐ and intra‐annual variability of ecosystem evapotranspiration and water use efficiency of an oak savanna and annual grassland subjected to booms and busts in rainfall,Global Change Biology,Dennis Baldocchi,cropland forest grassland wetland urban mining permafrost alpine arid paddy soil land use,metadata_screened,pending,pending,pending,pending,,,,,
D10,10.1016/j.geomorph.2013.10.021,"Coarse sediment dynamics in a proglacial fluvial system (Fagge River, Tyrol)",Geomorphology,Henning Baewert,critical zone soil weathering geochemistry geomorphology sediment hydrology groundwater atmospheric deposition,metadata_screened,pending,pending,pending,pending,,,,,
D10,10.1016/j.jhydrol.2016.06.001,"Residence time, mineralization processes and groundwater origin within a carbonate coastal aquifer with a thick unsaturated zone",Journal of Hydrology,S. Santoni,critical zone soil weathering geochemistry geomorphology sediment hydrology groundwater atmospheric deposition,metadata_screened,pending,pending,pending,pending,,,,,
D10,10.1002/esp.4729,Geomorphic controls on floodplain sediment and soil organic carbon storage in a Scottish mountain river,Earth Surface Processes and Landforms,Ward Swinnen,critical zone soil weathering geochemistry geomorphology sediment hydrology groundwater atmospheric deposition,metadata_screened,pending,pending,pending,pending,,,,,
D10,10.1016/j.epsl.2007.11.058,"Geochemistry of the highly depleted peridotites drilled at ODP Sites 1272 and 1274 (Fifteen-Twenty Fracture Zone, Mid-Atlantic Ridge): Implications for mantle dynamics beneath a slow spreading ridge",Earth and Planetary Science Letters,M. Godard,critical zone soil weathering geochemistry geomorphology sediment hydrology groundwater atmospheric deposition,metadata_screened,pending,pending,pending,pending,,,,,
D10,10.5194/hess-25-811-2021,Determination of vadose zone and saturated zone nitrate lag times using long-term groundwater monitoring data and statistical machine learning,Hydrology and Earth System Sciences,Martin J. Wells,critical zone soil weathering geochemistry geomorphology sediment hydrology groundwater atmospheric deposition,metadata_screened,pending,pending,pending,pending,,,,,
D10,10.5194/hess-17-4769-2013,Analysis of groundwater drought building on the standardised precipitation index approach,Hydrology and Earth System Sciences,J. P. Bloomfield,critical zone soil weathering geochemistry geomorphology sediment hydrology groundwater atmospheric deposition,metadata_screened,pending,pending,pending,pending,,,,,
D10,10.1016/j.geomorph.2012.04.019,"Using 137Cs technique to quantify soil erosion and deposition rates in an agricultural catchment in the black soil region, Northeast China",Geomorphology,Haiyan Fang,critical zone soil weathering geochemistry geomorphology sediment hydrology groundwater atmospheric deposition,metadata_screened,pending,pending,pending,pending,,,,,
D10,10.1016/j.chemgeo.2005.09.007,"Controls on the geochemistry of rare earth elements along a groundwater flow path in the Carrizo Sand aquifer, Texas, USA",Chemical Geology,Jianwu Tang,critical zone soil weathering geochemistry geomorphology sediment hydrology groundwater atmospheric deposition,metadata_screened,pending,pending,pending,pending,,,,,
D10,10.1002/esp.3409,"Probing the deep critical zone beneath the Luquillo Experimental Forest, Puerto Rico",Earth Surface Processes and Landforms,H. L. Buss,critical zone soil weathering geochemistry geomorphology sediment hydrology groundwater atmospheric deposition,metadata_screened,pending,pending,pending,pending,,,,,
D10,10.1016/j.chemgeo.2015.11.010,Chemical and isotopic features of cold and thermal fluids discharged in the Southern Volcanic Zone between 32.5°S and 36°S: Insights into the physical and chemical processes controlling fluid geochemistry in geothermal systems of Central Chile,Chemical Geology,O. Benavente,critical zone soil weathering geochemistry geomorphology sediment hydrology groundwater atmospheric deposition,metadata_screened,pending,pending,pending,pending,,,,,
D10,10.1016/s0169-555x(01)00113-1,Sediment delivery to the Three Gorges,Geomorphology,X.X Lu,critical zone soil weathering geochemistry geomorphology sediment hydrology groundwater atmospheric deposition,metadata_screened,pending,pending,pending,pending,,,,,
D10,10.1016/j.jhydrol.2014.10.044,"Impact of sedimentary provenance and weathering on arsenic distribution in aquifers of the Datong basin, China: Constraints from elemental geochemistry",Journal of Hydrology,Xianjun Xie,critical zone soil weathering geochemistry geomorphology sediment hydrology groundwater atmospheric deposition,metadata_screened,pending,pending,pending,pending,,,,,
D10,10.1002/esp.1805,How soil conservation affects the catchment sediment budget – a comprehensive study in the north Ethiopian highlands,Earth Surface Processes and Landforms,Jan Nyssen,critical zone soil weathering geochemistry geomorphology sediment hydrology groundwater atmospheric deposition,metadata_screened,pending,pending,pending,pending,,,,,
D10,10.1016/j.jhydrol.2005.11.031,Simulation of sediment yield from watershed by physiographic soil erosion–deposition model,Journal of Hydrology,Ching-Nuo Chen,critical zone soil weathering geochemistry geomorphology sediment hydrology groundwater atmospheric deposition,metadata_screened,pending,pending,pending,pending,,,,,
D10,10.1038/ngeo339,Negative impact of nitrogen deposition on soil buffering capacity,Nature Geoscience,William D. Bowman,critical zone soil weathering geochemistry geomorphology sediment hydrology groundwater atmospheric deposition,metadata_screened,pending,pending,pending,pending,,,,,
D10,10.1016/j.jhydrol.2004.11.007,Investigating raindrop effects on transport of sediment and non-sorbed chemicals from soil to surface runoff,Journal of Hydrology,B. Gao,critical zone soil weathering geochemistry geomorphology sediment hydrology groundwater atmospheric deposition,metadata_screened,pending,pending,pending,pending,,,,,
D10,10.5194/hess-25-1053-2021,Groundwater and baseflow drought responses to synthetic recharge stress tests,Hydrology and Earth System Sciences,Jost Hellwig,critical zone soil weathering geochemistry geomorphology sediment hydrology groundwater atmospheric deposition,metadata_screened,pending,pending,pending,pending,,,,,
D10,10.1016/j.jhydrol.2020.125132,Assessing the value of electrical resistivity derived soil water content: Insights from a case study in the Critical Zone of the Chinese Loess Plateau,Journal of Hydrology,Hui Sun,critical zone soil weathering geochemistry geomorphology sediment hydrology groundwater atmospheric deposition,metadata_screened,pending,pending,pending,pending,,,,,
D10,10.1029/2018wr023665,Cosmogenic Isotopes Unravel the Hydrochronology and Water Storage Dynamics of the Southern Sierra Critical Zone,Water Resources Research,A. Visser,critical zone soil weathering geochemistry geomorphology sediment hydrology groundwater atmospheric deposition,metadata_screened,pending,pending,pending,pending,,,,,
D10,10.5194/hess-14-2085-2010,An approach to identify urban groundwater recharge,Hydrology and Earth System Sciences,E. Vázquez-Suñé,critical zone soil weathering geochemistry geomorphology sediment hydrology groundwater atmospheric deposition,metadata_screened,pending,pending,pending,pending,,,,,
D10,10.1016/s0016-7037(01)00646-9,Negative pressure of stretched liquid water. Geochemistry of soil capillaries,Geochimica et Cosmochimica Acta,Lionel Mercury,critical zone soil weathering geochemistry geomorphology sediment hydrology groundwater atmospheric deposition,metadata_screened,pending,pending,pending,pending,,,,,
D10,10.1016/j.epsl.2006.12.010,"Whole-rock geochemistry of upper Paleozoic loessite, western Pangaea: Implications for paleo-atmospheric circulation",Earth and Planetary Science Letters,Michael J. Soreghan,critical zone soil weathering geochemistry geomorphology sediment hydrology groundwater atmospheric deposition,metadata_screened,pending,pending,pending,pending,,,,,
D10,10.1002/esp.4970,"Erosion, transport and deposition of a sediment replenishment under flood conditions",Earth Surface Processes and Landforms,Severin Stähly,critical zone soil weathering geochemistry geomorphology sediment hydrology groundwater atmospheric deposition,metadata_screened,pending,pending,pending,pending,,,,,
D10,10.5194/hess-17-1533-2013,Desiccation-crack-induced salinization in deep clay sediment,Hydrology and Earth System Sciences,S. Baram,critical zone soil weathering geochemistry geomorphology sediment hydrology groundwater atmospheric deposition,metadata_screened,pending,pending,pending,pending,,,,,
D10,10.1029/2017wr021087,Numerical Simulation of Flow and Suspended Sediment Deposition Within and Around a Circular Patch of Vegetation on a Rigid Bed,Water Resources Research,H. S. Kim,critical zone soil weathering geochemistry geomorphology sediment hydrology groundwater atmospheric deposition,metadata_screened,pending,pending,pending,pending,,,,,
D10,10.1002/esp.3718,Evidence for climatic and hillslope‐aspect controls on vadose zone hydrology and implications for saprolite weathering,Earth Surface Processes and Landforms,Abigail L. Langston,critical zone soil weathering geochemistry geomorphology sediment hydrology groundwater atmospheric deposition,metadata_screened,pending,pending,pending,pending,,,,,
D10,10.5194/hess-20-4341-2016,Multivariate hydrological data assimilation of soil moisture and groundwater head,Hydrology and Earth System Sciences,Donghua Zhang,critical zone soil weathering geochemistry geomorphology sediment hydrology groundwater atmospheric deposition,metadata_screened,pending,pending,pending,pending,,,,,
D10,10.1016/j.jhydrol.2009.09.020,"The hydrology of the proglacial zone of a high-Arctic glacier (Finsterwalderbreen, Svalbard): Atmospheric and surface water fluxes",Journal of Hydrology,Richard Hodgkins,critical zone soil weathering geochemistry geomorphology sediment hydrology groundwater atmospheric deposition,metadata_screened,pending,pending,pending,pending,,,,,
D10,10.1002/2016wr019448,"Primary weathering rates, water transit times, and concentration‐discharge relations: A theoretical analysis for the critical zone",Water Resources Research,Ali A. Ameli,critical zone soil weathering geochemistry geomorphology sediment hydrology groundwater atmospheric deposition,metadata_screened,pending,pending,pending,pending,,,,,
D10,10.5194/hess-14-1081-2010,Prospecting for safe (low fluoride) groundwater in the Eastern African Rift: the Arumeru District (Northern Tanzania),Hydrology and Earth System Sciences,G. Ghiglieri,critical zone soil weathering geochemistry geomorphology sediment hydrology groundwater atmospheric deposition,metadata_screened,pending,pending,pending,pending,,,,,
D10,10.1016/j.epsl.2020.116177,"Geochronologic constraints on deformation and metasomatism along an exhumed mylonitic shear zone using apatite U-Pb, geochemistry, and microtextural analysis",Earth and Planetary Science Letters,Margaret L. Odlum,critical zone soil weathering geochemistry geomorphology sediment hydrology groundwater atmospheric deposition,metadata_screened,pending,pending,pending,pending,,,,,
D10,10.1016/j.jhydrol.2015.02.033,"Study of sediment movement in an irrigated maize–cotton system combining rainfall simulations, sediment tracers and soil erosion models",Journal of Hydrology,Gema Guzmán,critical zone soil weathering geochemistry geomorphology sediment hydrology groundwater atmospheric deposition,metadata_screened,pending,pending,pending,pending,,,,,
D10,10.1038/ngeo2141,Mega-heatwave temperatures due to combined soil desiccation and atmospheric heat accumulation,Nature Geoscience,Diego G. Miralles,critical zone soil weathering geochemistry geomorphology sediment hydrology groundwater atmospheric deposition,metadata_screened,pending,pending,pending,pending,,,,,
D10,10.1016/s0169-555x(01)00155-6,Fluvial sediment transport and deposition following the 1991 eruption of Mount Pinatubo,Geomorphology,Shannon K Hayes,critical zone soil weathering geochemistry geomorphology sediment hydrology groundwater atmospheric deposition,metadata_screened,pending,pending,pending,pending,,,,,
D10,10.1029/2006wr004861,Influence of stream bank seepage during low‐flow conditions on riparian zone hydrology,Water Resources Research,T. P. Duval,critical zone soil weathering geochemistry geomorphology sediment hydrology groundwater atmospheric deposition,metadata_screened,pending,pending,pending,pending,,,,,
D10,10.1016/j.jhydrol.2006.02.001,"Geochemistry and geochemical modeling of unsaturated zone in a tropical region in Urânia, São Paulo state, Brazil",Journal of Hydrology,Reginaldo Bertolo,critical zone soil weathering geochemistry geomorphology sediment hydrology groundwater atmospheric deposition,metadata_screened,pending,pending,pending,pending,,,,,
D10,10.1016/j.jhydrol.2021.127131,"Response of antimony and arsenic in karst aquifers and groundwater geochemistry to the influence of mine activities at the world’s largest antimony mine, central China",Journal of Hydrology,Ling Fang,critical zone soil weathering geochemistry geomorphology sediment hydrology groundwater atmospheric deposition,metadata_screened,pending,pending,pending,pending,,,,,
D10,10.1016/j.epsl.2005.06.030,The control mechanisms of erosion and weathering at basin scale from cosmogenic nuclides in river sediment,Earth and Planetary Science Letters,Friedhelm von Blanckenburg,critical zone soil weathering geochemistry geomorphology sediment hydrology groundwater atmospheric deposition,metadata_screened,pending,pending,pending,pending,,,,,
D10,10.1029/2007wr006656,River sediment load and concentration responses to changes in hydrology and catchment management in the Loess Plateau region of China,Water Resources Research,P. Rustomji,critical zone soil weathering geochemistry geomorphology sediment hydrology groundwater atmospheric deposition,metadata_screened,pending,pending,pending,pending,,,,,
D10,10.1016/j.geomorph.2011.04.001,Meso-scale modelling of aeolian sediment input to coastal dunes,Geomorphology,Irene Delgado-Fernandez,critical zone soil weathering geochemistry geomorphology sediment hydrology groundwater atmospheric deposition,metadata_screened,pending,pending,pending,pending,,,,,
D10,10.1016/j.jhydrol.2017.01.020,Predicting root zone soil moisture with soil properties and satellite near-surface moisture data across the conterminous United States,Journal of Hydrology,D. Baldwin,critical zone soil weathering geochemistry geomorphology sediment hydrology groundwater atmospheric deposition,metadata_screened,pending,pending,pending,pending,,,,,
D10,10.1002/2015wr018009,River stage influences on uranium transport in a hydrologically dynamic groundwater‐surface water transition zone,Water Resources Research,John M. Zachara,critical zone soil weathering geochemistry geomorphology sediment hydrology groundwater atmospheric deposition,metadata_screened,pending,pending,pending,pending,,,,,
D10,10.5194/hess-20-487-2016,Sensitivity of water stress in a two-layered sandy grassland soil to variations in groundwater depth and soil hydraulic parameters,Hydrology and Earth System Sciences,M. Rezaei,critical zone soil weathering geochemistry geomorphology sediment hydrology groundwater atmospheric deposition,metadata_screened,pending,pending,pending,pending,,,,,
D10,10.1016/j.chemgeo.2017.07.004,"Geochemistry of thermal waters in the Southern Volcanic Zone, Chile – Implications for structural controls on geothermal fluid composition",Chemical Geology,Jackie Wrage,critical zone soil weathering geochemistry geomorphology sediment hydrology groundwater atmospheric deposition,metadata_screened,pending,pending,pending,pending,,,,,
D10,10.1016/j.gca.2005.02.028,Sources and chronology of atmospheric lead deposition to a Canadian Shield lake: Inferences from Pb isotopes and PAH profiles,Geochimica et Cosmochimica Acta,Céline Gallon,critical zone soil weathering geochemistry geomorphology sediment hydrology groundwater atmospheric deposition,metadata_screened,pending,pending,pending,pending,,,,,
D10,10.1016/j.geomorph.2006.05.016,Weathering characteristics of arctic islands in northern Norway,Geomorphology,Øyvind Paasche,critical zone soil weathering geochemistry geomorphology sediment hydrology groundwater atmospheric deposition,metadata_screened,pending,pending,pending,pending,,,,,
D10,10.1016/j.jhydrol.2016.10.002,Effects of water-sediment interaction and irrigation practices on iodine enrichment in shallow groundwater,Journal of Hydrology,Junxia Li,critical zone soil weathering geochemistry geomorphology sediment hydrology groundwater atmospheric deposition,metadata_screened,pending,pending,pending,pending,,,,,
D10,10.1016/j.geomorph.2004.08.006,Modeling sediment yields in Italian catchments,Geomorphology,Anton Van Rompaey,critical zone soil weathering geochemistry geomorphology sediment hydrology groundwater atmospheric deposition,metadata_screened,pending,pending,pending,pending,,,,,
D10,10.1016/j.chemgeo.2020.119605,Assessing the oxidative weathering of pyrite and its role in controlling atmospheric CO2 release in the eastern Qinghai-Tibet Plateau,Chemical Geology,Dong Zhang,critical zone soil weathering geochemistry geomorphology sediment hydrology groundwater atmospheric deposition,metadata_screened,pending,pending,pending,pending,,,,,
D10,10.5194/hess-19-4229-2015,Groundwater-dependent ecosystems: recent insights from satellite and field-based studies,Hydrology and Earth System Sciences,D. Eamus,critical zone soil weathering geochemistry geomorphology sediment hydrology groundwater atmospheric deposition,metadata_screened,pending,pending,pending,pending,,,,,
D10,10.1016/j.geomorph.2007.09.011,"Weathering, mineralogical evolution and soil organic matter along a Holocene soil toposequence developed on carbonate-rich materials",Geomorphology,Markus Egli,critical zone soil weathering geochemistry geomorphology sediment hydrology groundwater atmospheric deposition,metadata_screened,pending,pending,pending,pending,,,,,
D10,10.1016/j.gca.2009.10.046,"Weathering, dust, and biocycling effects on soil silicon isotope ratios",Geochimica et Cosmochimica Acta,Carleton R. Bern,critical zone soil weathering geochemistry geomorphology sediment hydrology groundwater atmospheric deposition,metadata_screened,pending,pending,pending,pending,,,,,
D10,10.5194/hess-10-873-2006,Measuring methods for groundwater – surface water interactions: a review,Hydrology and Earth System Sciences,E. Kalbus,critical zone soil weathering geochemistry geomorphology sediment hydrology groundwater atmospheric deposition,metadata_screened,pending,pending,pending,pending,,,,,
D10,10.5194/hess-21-2421-2017,Characterizing the spatiotemporal variability of groundwater levels of alluvial aquifers in different settings using drought indices,Hydrology and Earth System Sciences,Johannes Christoph Haas,critical zone soil weathering geochemistry geomorphology sediment hydrology groundwater atmospheric deposition,metadata_screened,pending,pending,pending,pending,,,,,
D10,10.1016/j.geomorph.2013.04.010,Sediment tracing in the upper Hunter catchment using elemental and mineralogical compositions: Implications for catchment-scale suspended sediment (dis)connectivity and management,Geomorphology,Kirstie Fryirs,critical zone soil weathering geochemistry geomorphology sediment hydrology groundwater atmospheric deposition,metadata_screened,pending,pending,pending,pending,,,,,
D10,10.5194/hess-11-108-2007,Characterising groundwater-dominated lowland catchments: the UK Lowland Catchment Research Programme (LOCAR),Hydrology and Earth System Sciences,H. S. Wheater,critical zone soil weathering geochemistry geomorphology sediment hydrology groundwater atmospheric deposition,metadata_screened,pending,pending,pending,pending,,,,,
D10,10.1016/s0169-555x(02)00160-5,"Sediment transportation and deposition by rain-triggered lahars at Merapi Volcano, Central Java, Indonesia",Geomorphology,Franck Lavigne,critical zone soil weathering geochemistry geomorphology sediment hydrology groundwater atmospheric deposition,metadata_screened,pending,pending,pending,pending,,,,,
D10,10.5194/hess-18-803-2014,Estimating annual groundwater recharge coefficient for karst aquifers of the southern Apennines (Italy),Hydrology and Earth System Sciences,V. Allocca,critical zone soil weathering geochemistry geomorphology sediment hydrology groundwater atmospheric deposition,metadata_screened,pending,pending,pending,pending,,,,,
D10,10.5194/hess-20-3077-2016,Assessing land–ocean connectivity via submarine groundwater discharge (SGD) in the Ria Formosa Lagoon (Portugal): combining radon measurements and stable isotope hydrology,Hydrology and Earth System Sciences,Carlos Rocha,critical zone soil weathering geochemistry geomorphology sediment hydrology groundwater atmospheric deposition,metadata_screened,pending,pending,pending,pending,,,,,
D10,10.1016/j.chemgeo.2011.01.005,Chemical weathering and atmospheric/soil CO2 uptake in the Andean and Foreland Amazon basins,Chemical Geology,Jean-Sébastien Moquet,critical zone soil weathering geochemistry geomorphology sediment hydrology groundwater atmospheric deposition,metadata_screened,pending,pending,pending,pending,,,,,
D10,10.1016/s0022-1694(01)00548-0,The influence of rainfall on sediment transport by overland flow over areas of net deposition,Journal of Hydrology,L. Beuselinck,critical zone soil weathering geochemistry geomorphology sediment hydrology groundwater atmospheric deposition,metadata_screened,pending,pending,pending,pending,,,,,
D10,10.1016/j.geomorph.2009.02.021,Debris flow initiation and sediment recharge in gullies,Geomorphology,Drew Brayshaw,critical zone soil weathering geochemistry geomorphology sediment hydrology groundwater atmospheric deposition,metadata_screened,pending,pending,pending,pending,,,,,
D10,10.1016/j.chemgeo.2017.10.016,The effect of fluorine and chlorine on trace element partitioning between apatite and sediment melt at subduction zone conditions,Chemical Geology,Huijuan Li,critical zone soil weathering geochemistry geomorphology sediment hydrology groundwater atmospheric deposition,metadata_screened,pending,pending,pending,pending,,,,,
D10,10.1016/j.geomorph.2020.107357,"Soil erosion changes during the last 30 years and contributions of gully erosion to sediment yield in a small catchment, southern China",Geomorphology,Jing Liu,critical zone soil weathering geochemistry geomorphology sediment hydrology groundwater atmospheric deposition,metadata_screened,pending,pending,pending,pending,,,,,
D10,10.1016/j.geomorph.2010.03.034,Field comparison of four piezoelectric sensors for detecting aeolian sediment transport,Geomorphology,Thomas E. Barchyn,critical zone soil weathering geochemistry geomorphology sediment hydrology groundwater atmospheric deposition,metadata_screened,pending,pending,pending,pending,,,,,
D10,10.5194/hess-17-5079-2013,Interplay of riparian forest and groundwater in the hillslope hydrology of Sudanian West Africa (northern Benin),Hydrology and Earth System Sciences,A. Richard,critical zone soil weathering geochemistry geomorphology sediment hydrology groundwater atmospheric deposition,metadata_screened,pending,pending,pending,pending,,,,,
D10,10.1029/2010wr010194,"Climate, soil, and vegetation controls on the temporal variability of vadose zone transport",Water Resources Research,C. J. Harman,critical zone soil weathering geochemistry geomorphology sediment hydrology groundwater atmospheric deposition,metadata_screened,pending,pending,pending,pending,,,,,
D10,10.1016/j.geomorph.2007.04.002,Modeling the role of weathering in shore platform development,Geomorphology,Alan S. Trenhaile,critical zone soil weathering geochemistry geomorphology sediment hydrology groundwater atmospheric deposition,metadata_screened,pending,pending,pending,pending,,,,,
D10,10.1016/j.gca.2006.09.018,Drastic shift in lava geochemistry in the volcanic-front to rear-arc region of the Southern Kamchatkan subduction zone: Evidence for the transition from slab surface dehydration to sediment melting,Geochimica et Cosmochimica Acta,Svend Duggen,critical zone soil weathering geochemistry geomorphology sediment hydrology groundwater atmospheric deposition,metadata_screened,pending,pending,pending,pending,,,,,
D10,10.1016/j.epsl.2019.115728,Linking continental erosion to marine sediment transport and deposition: A new implicit and O(N) method for inverse analysis,Earth and Planetary Science Letters,X.P. Yuan,critical zone soil weathering geochemistry geomorphology sediment hydrology groundwater atmospheric deposition,metadata_screened,pending,pending,pending,pending,,,,,
D10,10.1002/esp.3758,Soil carbon losses by sheet erosion: a potentially critical contribution to the global carbon cycle,Earth Surface Processes and Landforms,Daniel Müller‐Nedebock,critical zone soil weathering geochemistry geomorphology sediment hydrology groundwater atmospheric deposition,metadata_screened,pending,pending,pending,pending,,,,,
D10,10.1016/j.gca.2014.04.033,"Geochemistry of primary-carbonate bearing K-rich igneous rocks in the Awulale Mountains, western Tianshan: Implications for carbon-recycling in subduction zone",Geochimica et Cosmochimica Acta,Wu-Bin Yang,critical zone soil weathering geochemistry geomorphology sediment hydrology groundwater atmospheric deposition,metadata_screened,pending,pending,pending,pending,,,,,
D10,10.1029/2008wr007157,Stochastic analysis of transport in a combined heterogeneous vadose zone–groundwater flow system,Water Resources Research,David Russo,critical zone soil weathering geochemistry geomorphology sediment hydrology groundwater atmospheric deposition,metadata_screened,pending,pending,pending,pending,,,,,
D10,10.1002/wrcr.20407,The importance of hydraulic groundwater theory in catchment hydrology: The legacy of Wilfried Brutsaert and Jean-Yves Parlange,Water Resources Research,Peter A. Troch,critical zone soil weathering geochemistry geomorphology sediment hydrology groundwater atmospheric deposition,metadata_screened,pending,pending,pending,pending,,,,,
D10,10.1016/s0009-2541(02)00125-0,Sludge weathering and mobility of contaminants in soil affected by the Aznalcollar tailing dam spill (SW Spain),Chemical Geology,C Domènech,critical zone soil weathering geochemistry geomorphology sediment hydrology groundwater atmospheric deposition,metadata_screened,pending,pending,pending,pending,,,,,
D10,10.1016/j.jhydrol.2015.01.026,Examination of groundwater recharge with a calibrated/validated flow model of the deep vadose zone,Journal of Hydrology,T. Turkeltaub,critical zone soil weathering geochemistry geomorphology sediment hydrology groundwater atmospheric deposition,metadata_screened,pending,pending,pending,pending,,,,,
D10,10.5194/hess-21-1547-2017,Governing equations of transient soil water flow and soil water flux in multi-dimensional fractional anisotropic media and fractional time,Hydrology and Earth System Sciences,M. Levent Kavvas,critical zone soil weathering geochemistry geomorphology sediment hydrology groundwater atmospheric deposition,metadata_screened,pending,pending,pending,pending,,,,,
D10,10.1016/j.geomorph.2007.11.010,Simulation of soil erosion and deposition in a changing land use: A modelling approach to implement the support practice factor,Geomorphology,Samanta Pelacani,critical zone soil weathering geochemistry geomorphology sediment hydrology groundwater atmospheric deposition,metadata_screened,pending,pending,pending,pending,,,,,
D10,10.1016/j.jhydrol.2009.01.002,A root zone modelling approach to estimating groundwater recharge from irrigated areas,Journal of Hydrology,J. Jiménez-Martínez,critical zone soil weathering geochemistry geomorphology sediment hydrology groundwater atmospheric deposition,metadata_screened,pending,pending,pending,pending,,,,,
D10,10.1016/j.jhydrol.2008.06.007,Impact of rainfall distribution on the parameterisation of a soil-moisture balance model of groundwater recharge in equatorial Africa,Journal of Hydrology,Lucinda Mileham,critical zone soil weathering geochemistry geomorphology sediment hydrology groundwater atmospheric deposition,metadata_screened,pending,pending,pending,pending,,,,,
D10,10.1029/2006wr005859,Anomalous behavior of soil mantle groundwater demonstrates the major effects of bedrock groundwater on surface hydrological processes,Water Resources Research,Ken'ichirou Kosugi,critical zone soil weathering geochemistry geomorphology sediment hydrology groundwater atmospheric deposition,metadata_screened,pending,pending,pending,pending,,,,,
D10,10.1002/2017wr021111,"Concentration‐Discharge Relations in the Critical Zone: Implications for Resolving Critical Zone Structure, Function, and Evolution",Water Resources Research,Jon Chorover,critical zone soil weathering geochemistry geomorphology sediment hydrology groundwater atmospheric deposition,metadata_screened,pending,pending,pending,pending,,,,,
D10,10.1016/j.geomorph.2012.09.014,"Bioprotection and disturbance: Seaweed, microclimatic stability and conditions for mechanical weathering in the intertidal zone",Geomorphology,Martin A. Coombes,critical zone soil weathering geochemistry geomorphology sediment hydrology groundwater atmospheric deposition,metadata_screened,pending,pending,pending,pending,,,,,
D10,10.1029/2007wr006057,Estimating profile soil moisture and groundwater variations using GRACE and Oklahoma Mesonet soil moisture data,Water Resources Research,Sean Swenson,critical zone soil weathering geochemistry geomorphology sediment hydrology groundwater atmospheric deposition,metadata_screened,pending,pending,pending,pending,,,,,
D10,10.1038/s41561-019-0409-4,Author Correction: Atmospheric transport and deposition of microplastics in a remote mountain catchment,Nature Geoscience,Steve Allen,critical zone soil weathering geochemistry geomorphology sediment hydrology groundwater atmospheric deposition,metadata_screened,pending,pending,pending,pending,,,,,
D10,10.5194/hess-23-4249-2019,Simulating preferential soil water flow and tracer transport using the Lagrangian Soil Water and Solute Transport Model,Hydrology and Earth System Sciences,Alexander Sternagel,critical zone soil weathering geochemistry geomorphology sediment hydrology groundwater atmospheric deposition,metadata_screened,pending,pending,pending,pending,,,,,
D10,10.1016/j.jhydrol.2006.07.017,Solute transfer in the unsaturated zone-groundwater continuum of a headwater catchment,Journal of Hydrology,Cédric Legout,critical zone soil weathering geochemistry geomorphology sediment hydrology groundwater atmospheric deposition,metadata_screened,pending,pending,pending,pending,,,,,
D10,10.1016/j.gca.2008.11.020,Geochemistry of volcanic and hydrothermal fluids and volatile budget of the Kamchatka–Kuril subduction zone,Geochimica et Cosmochimica Acta,Yuri A. Taran,critical zone soil weathering geochemistry geomorphology sediment hydrology groundwater atmospheric deposition,metadata_screened,pending,pending,pending,pending,,,,,
D10,10.1016/j.geomorph.2017.08.020,Potential weathering by freeze-thaw action in alpine rocks in the European Alps during a nine year monitoring period,Geomorphology,Andreas Kellerer-Pirklbauer,critical zone soil weathering geochemistry geomorphology sediment hydrology groundwater atmospheric deposition,metadata_screened,pending,pending,pending,pending,,,,,
D10,10.1016/j.geomorph.2016.03.011,Seepage weathering impacts on erosivity of arid stream banks: A new conceptual model,Geomorphology,Uri Nachshon,critical zone soil weathering geochemistry geomorphology sediment hydrology groundwater atmospheric deposition,metadata_screened,pending,pending,pending,pending,,,,,
D10,10.1029/2000wr000076,Soil property database: Southern Great Plains 1997 Hydrology Experiment,Water Resources Research,B. P. Mohanty,critical zone soil weathering geochemistry geomorphology sediment hydrology groundwater atmospheric deposition,metadata_screened,pending,pending,pending,pending,,,,,
D10,10.5194/hess-25-2089-2021,Impact of frozen soil processes on soil thermal characteristics at seasonal to decadal scales over the Tibetan Plateau and North China,Hydrology and Earth System Sciences,Qian Li,critical zone soil weathering geochemistry geomorphology sediment hydrology groundwater atmospheric deposition,metadata_screened,pending,pending,pending,pending,,,,,
D10,10.5194/hess-17-5185-2013,"Influence of soil, land use and climatic factors on the hydraulic conductivity of soil",Hydrology and Earth System Sciences,N. Jarvis,critical zone soil weathering geochemistry geomorphology sediment hydrology groundwater atmospheric deposition,metadata_screened,pending,pending,pending,pending,,,,,
D10,10.1016/j.jhydrol.2014.12.040,Controls of soil hydraulic characteristics on modeling groundwater recharge under different climatic conditions,Journal of Hydrology,Tiejun Wang,critical zone soil weathering geochemistry geomorphology sediment hydrology groundwater atmospheric deposition,metadata_screened,pending,pending,pending,pending,,,,,
D10,10.1002/esp.4364,"Variation in the sediment deposition behind check‐dams under different soil erosion conditions on the Loess Plateau, China",Earth Surface Processes and Landforms,Yanhong Wei,critical zone soil weathering geochemistry geomorphology sediment hydrology groundwater atmospheric deposition,metadata_screened,pending,pending,pending,pending,,,,,
D10,10.1016/j.chemgeo.2018.01.030,Ecosystem controlled soil-rock pCO2 and carbonate weathering – Constraints by temperature and soil water content,Chemical Geology,G. Romero-Mujalli,critical zone soil weathering geochemistry geomorphology sediment hydrology groundwater atmospheric deposition,metadata_screened,pending,pending,pending,pending,,,,,
D10,10.5194/hess-18-139-2014,Estimating root zone soil moisture using near-surface observations from SMOS,Hydrology and Earth System Sciences,T. W. Ford,critical zone soil weathering geochemistry geomorphology sediment hydrology groundwater atmospheric deposition,metadata_screened,pending,pending,pending,pending,,,,,
D10,10.1016/j.gca.2019.06.036,Australian laterites reveal mechanisms governing scandium dynamics in the critical zone,Geochimica et Cosmochimica Acta,Mathieu Chassé,critical zone soil weathering geochemistry geomorphology sediment hydrology groundwater atmospheric deposition,metadata_screened,pending,pending,pending,pending,,,,,
D10,10.1016/j.jhydrol.2020.125110,"Influence of lakebed sediment deposit on the interaction of hypersaline lake and groundwater: A simplified case of lake Urmia, Iran",Journal of Hydrology,Sorour Sheibani,critical zone soil weathering geochemistry geomorphology sediment hydrology groundwater atmospheric deposition,metadata_screened,pending,pending,pending,pending,,,,,
D10,10.1016/j.gca.2017.03.039,The geochemistry of naturally occurring methane and saline groundwater in an area of unconventional shale gas development,Geochimica et Cosmochimica Acta,Jennifer S. Harkness,critical zone soil weathering geochemistry geomorphology sediment hydrology groundwater atmospheric deposition,metadata_screened,pending,pending,pending,pending,,,,,
D10,10.1016/j.gca.2003.12.023,"Massive sulfide deposition and trace element remobilization in the Middle Valley sediment-hosted hydrothermal system, northern Juan de Fuca Rdge",Geochimica et Cosmochimica Acta,J.L Houghton,critical zone soil weathering geochemistry geomorphology sediment hydrology groundwater atmospheric deposition,metadata_screened,pending,pending,pending,pending,,,,,
D10,10.1016/j.chemgeo.2009.03.002,"Inorganic carbon isotope systematics in soil profiles undergoing silicate and carbonate weathering (Southern Michigan, USA)",Chemical Geology,Lixin Jin,critical zone soil weathering geochemistry geomorphology sediment hydrology groundwater atmospheric deposition,metadata_screened,pending,pending,pending,pending,,,,,
D10,10.1016/s0169-555x(01)00028-9,Inherited vs. acquired complexity in east Texas weathering profiles,Geomorphology,Jonathan D Phillips,critical zone soil weathering geochemistry geomorphology sediment hydrology groundwater atmospheric deposition,metadata_screened,pending,pending,pending,pending,,,,,
D10,10.1016/j.jhydrol.2015.02.044,Application of a soil moisture diagnostic equation for estimating root-zone soil moisture in arid and semi-arid regions,Journal of Hydrology,Feifei Pan,critical zone soil weathering geochemistry geomorphology sediment hydrology groundwater atmospheric deposition,metadata_screened,pending,pending,pending,pending,,,,,
D10,10.1016/j.gca.2008.09.004,"Increasing shallow groundwater CO2 and limestone weathering, Konza Prairie, USA",Geochimica et Cosmochimica Acta,G.L. Macpherson,critical zone soil weathering geochemistry geomorphology sediment hydrology groundwater atmospheric deposition,metadata_screened,pending,pending,pending,pending,,,,,
D10,10.1016/j.jhydrol.2004.02.011,Including prior information in the estimation of effective soil parameters in unsaturated zone modelling,Journal of Hydrology,J Mertens,critical zone soil weathering geochemistry geomorphology sediment hydrology groundwater atmospheric deposition,metadata_screened,pending,pending,pending,pending,,,,,
D10,10.5194/hess-21-4403-2017,Multi-decadal analysis of root-zone soil moisture applying the exponential filter across CONUS,Hydrology and Earth System Sciences,Kenneth J. Tobin,critical zone soil weathering geochemistry geomorphology sediment hydrology groundwater atmospheric deposition,metadata_screened,pending,pending,pending,pending,,,,,
D10,10.1016/j.chemgeo.2020.119900,Developing boron isotopes to elucidate shale weathering in the critical zone,Chemical Geology,Johanna Noireaux,critical zone soil weathering geochemistry geomorphology sediment hydrology groundwater atmospheric deposition,metadata_screened,pending,pending,pending,pending,,,,,
D10,10.1038/s41561-019-0352-4,Stabilization of atmospheric nitrogen deposition in China over the past decade,Nature Geoscience,Guirui Yu,critical zone soil weathering geochemistry geomorphology sediment hydrology groundwater atmospheric deposition,metadata_screened,pending,pending,pending,pending,,,,,
D10,10.5194/hess-22-2689-2018,Predicting groundwater recharge for varying land cover and climate conditions – a global meta-study,Hydrology and Earth System Sciences,Chinchu Mohan,critical zone soil weathering geochemistry geomorphology sediment hydrology groundwater atmospheric deposition,metadata_screened,pending,pending,pending,pending,,,,,
D10,10.1016/j.jhydrol.2024.131480,"Source, distribution, and geochemical processes of geogenic high chromium groundwater around the world: A critical review",Journal of Hydrology,Huaming Guo,critical zone soil weathering geochemistry geomorphology sediment hydrology groundwater atmospheric deposition,metadata_screened,pending,pending,pending,pending,,,,,
D10,10.1016/j.jhydrol.2012.05.025,Quasi 3D modeling of water flow in vadose zone and groundwater,Journal of Hydrology,M. Kuznetsov,critical zone soil weathering geochemistry geomorphology sediment hydrology groundwater atmospheric deposition,metadata_screened,pending,pending,pending,pending,,,,,
D10,10.1016/j.geomorph.2014.04.029,Effective discharge for suspended sediment transport of the Ganga River and its geomorphic implication,Geomorphology,N.G. Roy,critical zone soil weathering geochemistry geomorphology sediment hydrology groundwater atmospheric deposition,metadata_screened,pending,pending,pending,pending,,,,,
D10,10.5194/hess-7-903-2003,Simulation of soil moisture and evapotranspiration in a soil profile during the 1999 MAP-Riviera Campaign,Hydrology and Earth System Sciences,M. Zappa,critical zone soil weathering geochemistry geomorphology sediment hydrology groundwater atmospheric deposition,metadata_screened,pending,pending,pending,pending,,,,,
D10,10.1016/j.geomorph.2016.12.010,Stone temperature and moisture variability under temperate environmental conditions: Implications for sandstone weathering,Geomorphology,Daniel McAllister,critical zone soil weathering geochemistry geomorphology sediment hydrology groundwater atmospheric deposition,metadata_screened,pending,pending,pending,pending,,,,,
D10,10.1016/s0016-7037(00)00345-8,"Mobility and fluxes of major, minor and trace metals during basalt weathering and groundwater transport at Mt. Etna volcano (Sicily)",Geochimica et Cosmochimica Acta,Alessandro Aiuppa,critical zone soil weathering geochemistry geomorphology sediment hydrology groundwater atmospheric deposition,metadata_screened,pending,pending,pending,pending,,,,,
D10,10.5194/hess-14-801-2010,Factors influencing chloride deposition in a coastal hilly area and application to chloride deposition mapping,Hydrology and Earth System Sciences,H. Guan,critical zone soil weathering geochemistry geomorphology sediment hydrology groundwater atmospheric deposition,metadata_screened,pending,pending,pending,pending,,,,,
D10,10.1016/j.chemgeo.2017.01.030,Stromboli volcanic activity variations inferred from observations of fluid geochemistry: 16 years of continuous monitoring of soil CO 2 fluxes (2000–2015),Chemical Geology,Salvatore Inguaggiato,critical zone soil weathering geochemistry geomorphology sediment hydrology groundwater atmospheric deposition,metadata_screened,pending,pending,pending,pending,,,,,
D10,10.1016/j.geomorph.2013.05.027,Sediment load change in the Yangtze River (Changjiang): A review,Geomorphology,S.B. Dai,critical zone soil weathering geochemistry geomorphology sediment hydrology groundwater atmospheric deposition,metadata_screened,pending,pending,pending,pending,,,,,
D10,10.1016/j.epsl.2015.01.026,Sea-level responses to erosion and deposition of sediment in the Indus River basin and the Arabian Sea,Earth and Planetary Science Letters,Ken L. Ferrier,critical zone soil weathering geochemistry geomorphology sediment hydrology groundwater atmospheric deposition,metadata_screened,pending,pending,pending,pending,,,,,
D10,10.1016/j.gca.2005.05.020,Geochemistry of unsaturated soil systems: Aqueous speciation and solubility of minerals and gases in capillary solutions,Geochimica et Cosmochimica Acta,Arnault Lassin,critical zone soil weathering geochemistry geomorphology sediment hydrology groundwater atmospheric deposition,metadata_screened,pending,pending,pending,pending,,,,,
D10,10.5194/essd-5-101-2013,Future Flows Hydrology: an ensemble of daily river flow and monthly groundwater levels for use for climate change impact assessment across Great Britain,Earth System Science Data,C. Prudhomme,critical zone soil weathering geochemistry geomorphology sediment hydrology groundwater atmospheric deposition,metadata_screened,pending,pending,pending,pending,,,,,
D10,10.1038/s41561-019-0450-3,Reduced continental weathering and marine calcification linked to late Neogene decline in atmospheric CO2,Nature Geoscience,Weimin Si,critical zone soil weathering geochemistry geomorphology sediment hydrology groundwater atmospheric deposition,metadata_screened,pending,pending,pending,pending,,,,,
D10,10.1038/ngeo844,Reduction of forest soil respiration in response to nitrogen deposition,Nature Geoscience,I. A. Janssens,critical zone soil weathering geochemistry geomorphology sediment hydrology groundwater atmospheric deposition,metadata_screened,pending,pending,pending,pending,,,,,
D10,10.1016/j.geomorph.2004.07.009,Chemical weathering and landscape development in mid-latitude alpine environments,Geomorphology,John C. Dixon,critical zone soil weathering geochemistry geomorphology sediment hydrology groundwater atmospheric deposition,metadata_screened,pending,pending,pending,pending,,,,,
D10,10.1016/j.jhydrol.2005.05.003,Role of fractures in weathering of solid rocks: narrowing the gap between laboratory and field weathering rates,Journal of Hydrology,Fernando A.L. Pacheco,critical zone soil weathering geochemistry geomorphology sediment hydrology groundwater atmospheric deposition,metadata_screened,pending,pending,pending,pending,,,,,
D10,10.1016/j.jhydrol.2006.02.033,Soil gas radon emanometry: A tool for delineation of fractures for groundwater in granitic terrains,Journal of Hydrology,D.V. Reddy,critical zone soil weathering geochemistry geomorphology sediment hydrology groundwater atmospheric deposition,metadata_screened,pending,pending,pending,pending,,,,,
D10,10.5194/hess-20-1355-2016,"Recent changes in climate, hydrology and sediment load in the Wadi Abd, Algeria (1970–2010)",Hydrology and Earth System Sciences,Mohammed Achite,critical zone soil weathering geochemistry geomorphology sediment hydrology groundwater atmospheric deposition,metadata_screened,pending,pending,pending,pending,,,,,
D10,10.1016/s0169-555x(02)00218-0,"Runoff generation, sediment movement and soil water behaviour on calcareous (limestone) slopes of some Mediterranean environments in southeast Spain",Geomorphology,A Calvo-Cases,critical zone soil weathering geochemistry geomorphology sediment hydrology groundwater atmospheric deposition,metadata_screened,pending,pending,pending,pending,,,,,
D10,10.1016/j.jhydrol.2022.127549,Application of a modern multi-level ensemble approach for the estimation of critical shear stress in cohesive sediment mixture,Journal of Hydrology,Umesh K. Singh,critical zone soil weathering geochemistry geomorphology sediment hydrology groundwater atmospheric deposition,metadata_screened,pending,pending,pending,pending,,,,,
D10,10.1016/j.gca.2019.02.028,"Incipient chemical weathering at bedrock fracture interfaces in a tropical critical zone system, Puerto Rico",Geochimica et Cosmochimica Acta,Oliver W. Moore,critical zone soil weathering geochemistry geomorphology sediment hydrology groundwater atmospheric deposition,metadata_screened,pending,pending,pending,pending,,,,,
D10,10.1029/2000wr900337,A minimalist probabilistic description of root zone soil water,Water Resources Research,P. C. D. Milly,critical zone soil weathering geochemistry geomorphology sediment hydrology groundwater atmospheric deposition,metadata_screened,pending,pending,pending,pending,,,,,
D10,10.1029/2007wr006361,Influence of sediment settling velocity on mechanistic soil erosion modeling,Water Resources Research,H. J. Tromp‐van Meerveld,critical zone soil weathering geochemistry geomorphology sediment hydrology groundwater atmospheric deposition,metadata_screened,pending,pending,pending,pending,,,,,
D10,10.1016/j.geomorph.2004.09.031,Physical and logistical considerations of using ultrasonic anemometers in aeolian sediment transport research,Geomorphology,Ian J. Walker,critical zone soil weathering geochemistry geomorphology sediment hydrology groundwater atmospheric deposition,metadata_screened,pending,pending,pending,pending,,,,,
D10,10.1016/j.jhydrol.2013.06.031,Partial least-squares regression for linking land-cover patterns to soil erosion and sediment yield in watersheds,Journal of Hydrology,Z.H. Shi,critical zone soil weathering geochemistry geomorphology sediment hydrology groundwater atmospheric deposition,metadata_screened,pending,pending,pending,pending,,,,,
D10,10.1029/2000wr900265,"A simple model of saturation excess runoff generation based on geomorphology, steady state soil moisture",Water Resources Research,Garry Willgoose,critical zone soil weathering geochemistry geomorphology sediment hydrology groundwater atmospheric deposition,metadata_screened,pending,pending,pending,pending,,,,,
D10,10.1016/j.jhydrol.2010.12.019,Complementary effects of surface water and groundwater on soil moisture dynamics in a degraded coastal floodplain forest,Journal of Hydrology,D. Kaplan,critical zone soil weathering geochemistry geomorphology sediment hydrology groundwater atmospheric deposition,metadata_screened,pending,pending,pending,pending,,,,,
D10,10.1016/j.jhydrol.2015.04.064,Estimating groundwater recharge using deep vadose zone data under typical irrigated cropland in the piedmont region of the North China Plain,Journal of Hydrology,Leilei Min,critical zone soil weathering geochemistry geomorphology sediment hydrology groundwater atmospheric deposition,metadata_screened,pending,pending,pending,pending,,,,,
D10,10.5194/hess-20-1-2016,Soil–aquifer phenomena affecting groundwater under vertisols: a review,Hydrology and Earth System Sciences,D. Kurtzman,critical zone soil weathering geochemistry geomorphology sediment hydrology groundwater atmospheric deposition,metadata_screened,pending,pending,pending,pending,,,,,
D10,10.1016/j.gca.2004.02.014,Decoupling of As and Fe release to Bangladesh groundwater under reducing conditions. Part II: Evidence from sediment incubations,Geochimica et Cosmochimica Acta,A. van Geen,critical zone soil weathering geochemistry geomorphology sediment hydrology groundwater atmospheric deposition,metadata_screened,pending,pending,pending,pending,,,,,
D10,10.1016/j.gca.2010.10.031,Lead atmospheric deposition rates and isotopic trends in Asian dust during the last 9.5kyr recorded in an ombrotrophic peat bog on the eastern Qinghai–Tibetan Plateau,Geochimica et Cosmochimica Acta,Marion Ferrat,critical zone soil weathering geochemistry geomorphology sediment hydrology groundwater atmospheric deposition,metadata_screened,pending,pending,pending,pending,,,,,
D10,10.1016/j.geomorph.2004.06.012,Weathering instability and landscape evolution,Geomorphology,Jonathan D. Phillips,critical zone soil weathering geochemistry geomorphology sediment hydrology groundwater atmospheric deposition,metadata_screened,pending,pending,pending,pending,,,,,
D10,10.1016/j.jhydrol.2007.09.014,On diurnal riparian zone groundwater-level and streamflow fluctuations,Journal of Hydrology,József Szilágyi,critical zone soil weathering geochemistry geomorphology sediment hydrology groundwater atmospheric deposition,metadata_screened,pending,pending,pending,pending,,,,,
D10,10.1002/esp.1306,The impact of different gridding methods on catchment geomorphology and soil erosion over long timescales using a landscape evolution model,Earth Surface Processes and Landforms,G. R. Hancock,critical zone soil weathering geochemistry geomorphology sediment hydrology groundwater atmospheric deposition,metadata_screened,pending,pending,pending,pending,,,,,
D10,10.5194/hess-18-3033-2014,Large-scale suspended sediment transport and sediment deposition in the Mekong Delta,Hydrology and Earth System Sciences,N. V. Manh,critical zone soil weathering geochemistry geomorphology sediment hydrology groundwater atmospheric deposition,metadata_screened,pending,pending,pending,pending,,,,,
D10,10.1016/j.geomorph.2013.04.035,"Beaver dams and channel sediment dynamics on Odell Creek, Centennial Valley, Montana, USA",Geomorphology,Rebekah Levine,critical zone soil weathering geochemistry geomorphology sediment hydrology groundwater atmospheric deposition,metadata_screened,pending,pending,pending,pending,,,,,
D10,10.1016/j.chemgeo.2008.01.026,Volcanogenic sediment–seawater interactions and the geochemistry of pore waters,Chemical Geology,Ulrike Schacht,critical zone soil weathering geochemistry geomorphology sediment hydrology groundwater atmospheric deposition,metadata_screened,pending,pending,pending,pending,,,,,
D10,10.1016/j.epsl.2014.02.038,Complex sediment deposition history on a wide continental shelf: Implications for the calculation of accumulation rates on the Great Barrier Reef,Earth and Planetary Science Letters,Stephen E. Lewis,critical zone soil weathering geochemistry geomorphology sediment hydrology groundwater atmospheric deposition,metadata_screened,pending,pending,pending,pending,,,,,
D10,10.1016/j.geomorph.2020.107559,Effect of watershed geomorphological characteristics on sediment redistribution,Geomorphology,Fatemeh Sedighi,critical zone soil weathering geochemistry geomorphology sediment hydrology groundwater atmospheric deposition,metadata_screened,pending,pending,pending,pending,,,,,
D10,10.1029/2022wr032381,"Velocity, Turbulence, and Sediment Deposition in a Channel Partially Filled With a <i>Phragmites australis</i> Canopy",Water Resources Research,Chao Liu,critical zone soil weathering geochemistry geomorphology sediment hydrology groundwater atmospheric deposition,metadata_screened,pending,pending,pending,pending,,,,,
D11,10.1016/j.agsy.2023.103693,"Sustainable management of sweet potatoes: A review on practices, strategies, and opportunities in nutrition-sensitive agriculture, energy security, and quality of life",Agricultural Systems,Danilo Tedesco,soil agroecology tillage conservation agriculture crop rotation irrigation drainage waste recycling life cycle,metadata_screened,pending,pending,pending,pending,,,,,
D11,10.1016/j.resconrec.2021.105966,Assessing the transition of municipal solid waste management by combining material flow analysis and life cycle assessment,"Resources, Conservation and Recycling",Dan Wang,soil agroecology tillage conservation agriculture crop rotation irrigation drainage waste recycling life cycle,metadata_screened,pending,pending,pending,pending,,,,,
D11,10.1016/j.jclepro.2019.03.215,Increases in soil sequestered carbon under conservation agriculture cropping decrease the estimated greenhouse gas emissions of wetland rice using life cycle assessment,Journal of Cleaner Production,Md Khairul Alam,soil agroecology tillage conservation agriculture crop rotation irrigation drainage waste recycling life cycle,metadata_screened,pending,pending,pending,pending,,,,,
D11,10.1016/j.resconrec.2019.104670,Comparative life cycle assessment of geothermal power generation systems in China,"Resources, Conservation and Recycling",Yongzhen Wang,soil agroecology tillage conservation agriculture crop rotation irrigation drainage waste recycling life cycle,metadata_screened,pending,pending,pending,pending,,,,,
D11,10.1016/s0378-4290(03)00073-x,Long-term comparison of rotation and fallow tillage systems of wheat in Australia,Field Crops Research,Jo Latta,soil agroecology tillage conservation agriculture crop rotation irrigation drainage waste recycling life cycle,metadata_screened,pending,pending,pending,pending,,,,,
D11,10.1016/j.resconrec.2011.03.010,Life-cycle assessment of pavements. Part I: Critical review,"Resources, Conservation and Recycling",Nicholas J. Santero,soil agroecology tillage conservation agriculture crop rotation irrigation drainage waste recycling life cycle,metadata_screened,pending,pending,pending,pending,,,,,
D11,10.1016/j.jclepro.2023.139189,Life cycle assessment of textile fibre-to-fibre recycling by cellulose carbamate technology,Journal of Cleaner Production,Torun Hammar,soil agroecology tillage conservation agriculture crop rotation irrigation drainage waste recycling life cycle,metadata_screened,pending,pending,pending,pending,,,,,
D11,10.1016/j.resconrec.2018.01.036,Life cycle environmental impact assessments and comparisons of alternative fuels for clean vehicles,"Resources, Conservation and Recycling",Yusuf Bicer,soil agroecology tillage conservation agriculture crop rotation irrigation drainage waste recycling life cycle,metadata_screened,pending,pending,pending,pending,,,,,
D11,10.1016/j.agsy.2014.02.004,Productivity and efficiency impacts of conservation tillage in northwest Indo-Gangetic Plains,Agricultural Systems,Vijesh V. Krishna,soil agroecology tillage conservation agriculture crop rotation irrigation drainage waste recycling life cycle,metadata_screened,pending,pending,pending,pending,,,,,
D11,10.1016/j.fcr.2010.08.010,Dryland maize yields and water use efficiency in response to tillage/crop stubble and nutrient management practices in China,Field Crops Research,Xiaobin Wang,soil agroecology tillage conservation agriculture crop rotation irrigation drainage waste recycling life cycle,metadata_screened,pending,pending,pending,pending,,,,,
D11,10.1016/j.agsy.2017.01.025,"Estimating the impacts of climate change on crop yields and N2O emissions for conventional and no-tillage in Southwestern Ontario, Canada",Agricultural Systems,Wentian He,soil agroecology tillage conservation agriculture crop rotation irrigation drainage waste recycling life cycle,metadata_screened,pending,pending,pending,pending,,,,,
D11,10.1016/j.resconrec.2013.02.007,Quantifying the impacts of primary metal resource use in life cycle assessment based on recent mining data,"Resources, Conservation and Recycling",Pilar Swart,soil agroecology tillage conservation agriculture crop rotation irrigation drainage waste recycling life cycle,metadata_screened,pending,pending,pending,pending,,,,,
D11,10.1016/j.jclepro.2020.120998,Life cycle assessment of biochar-to-soil systems: A review,Journal of Cleaner Production,Jan Matuštík,soil agroecology tillage conservation agriculture crop rotation irrigation drainage waste recycling life cycle,metadata_screened,pending,pending,pending,pending,,,,,
D11,10.1016/j.jclepro.2019.119316,Environmental and socio-economic assessment of cork waste gasification: Life cycle and cost analysis,Journal of Cleaner Production,Ana Ramos,soil agroecology tillage conservation agriculture crop rotation irrigation drainage waste recycling life cycle,metadata_screened,pending,pending,pending,pending,,,,,
D11,10.1016/j.jclepro.2017.10.164,Identifying key process parameters for uncertainty propagation in environmental life cycle assessment for sewage sludge and food waste treatment,Journal of Cleaner Production,Sam L.H. Chiu,soil agroecology tillage conservation agriculture crop rotation irrigation drainage waste recycling life cycle,metadata_screened,pending,pending,pending,pending,,,,,
D11,10.1016/j.jclepro.2021.127653,Life cycle analysis of renewable natural gas and lactic acid production from waste feedstocks,Journal of Cleaner Production,Uisung Lee,soil agroecology tillage conservation agriculture crop rotation irrigation drainage waste recycling life cycle,metadata_screened,pending,pending,pending,pending,,,,,
D11,10.1016/j.resconrec.2019.01.010,Evaluation of a European textile sorting centre: Material flow analysis and life cycle inventory,"Resources, Conservation and Recycling",Nynne Nørup,soil agroecology tillage conservation agriculture crop rotation irrigation drainage waste recycling life cycle,metadata_screened,pending,pending,pending,pending,,,,,
D11,10.1016/j.agee.2018.11.013,"Unintentional effects of environmentally-friendly farming practices: Arising conflicts between zero-tillage and a crop pest, the common vole (Microtus arvalis)","Agriculture, Ecosystems &amp; Environment",Deon Roos,soil agroecology tillage conservation agriculture crop rotation irrigation drainage waste recycling life cycle,metadata_screened,pending,pending,pending,pending,,,,,
D11,10.1016/j.fcr.2011.07.009,Improving crop yield and N uptake with long-term straw retention in two contrasting soil types,Field Crops Research,S.S. Malhi,soil agroecology tillage conservation agriculture crop rotation irrigation drainage waste recycling life cycle,metadata_screened,pending,pending,pending,pending,,,,,
D11,10.1016/j.resconrec.2023.107186,Short-chain fatty acid production from waste activated sludge and in situ use in wastewater treatment plants with life cycle assessment,"Resources, Conservation and Recycling",Xiqi Li,soil agroecology tillage conservation agriculture crop rotation irrigation drainage waste recycling life cycle,metadata_screened,pending,pending,pending,pending,,,,,
D11,10.1016/j.agsy.2022.103470,"Conservation agriculture improves agronomic, economic, and soil fertility indicators for a clay soil in a rainfed Mediterranean climate in Morocco",Agricultural Systems,Mina Devkota,soil agroecology tillage conservation agriculture crop rotation irrigation drainage waste recycling life cycle,metadata_screened,pending,pending,pending,pending,,,,,
D11,10.1016/j.fcr.2012.10.010,Straw management in a cold semi-arid region: Impact on soil quality and crop productivity,Field Crops Research,Yoong K. Soon,soil agroecology tillage conservation agriculture crop rotation irrigation drainage waste recycling life cycle,metadata_screened,pending,pending,pending,pending,,,,,
D11,10.1016/j.agsy.2014.10.013,Whole-farm economic and risk effects of conservation agriculture in a crop-livestock system in western China,Agricultural Systems,Adam M. Komarek,soil agroecology tillage conservation agriculture crop rotation irrigation drainage waste recycling life cycle,metadata_screened,pending,pending,pending,pending,,,,,
D11,10.1016/j.agee.2005.04.023,Heavy metal accumulation in calcareous soil and sorghum plants after addition of sulphur-containing waste as a soil amendment in Turkey,"Agriculture, Ecosystems &amp; Environment",Mustafa Kaplan,soil agroecology tillage conservation agriculture crop rotation irrigation drainage waste recycling life cycle,metadata_screened,pending,pending,pending,pending,,,,,
D11,10.1016/j.agee.2015.10.001,Conservation tillage and sustainable intensification of agriculture: regional vs. global benefit analysis,"Agriculture, Ecosystems &amp; Environment",Nikolaus J. Kuhn,soil agroecology tillage conservation agriculture crop rotation irrigation drainage waste recycling life cycle,metadata_screened,pending,pending,pending,pending,,,,,
D11,10.1016/j.resconrec.2024.107619,A review of current practice for life cycle assessment of cement and concrete,"Resources, Conservation and Recycling",Josefine A. Olsson,soil agroecology tillage conservation agriculture crop rotation irrigation drainage waste recycling life cycle,metadata_screened,pending,pending,pending,pending,,,,,
D11,10.1016/j.fcr.2022.108450,"Soil-plant water dynamics, yield, quality and profitability of spring sweet corn under variable irrigation scheduling, crop establishment and moisture conservation practices",Field Crops Research,Debarati Datta,soil agroecology tillage conservation agriculture crop rotation irrigation drainage waste recycling life cycle,metadata_screened,pending,pending,pending,pending,,,,,
D11,10.1016/j.fcr.2012.10.005,"Sustainability of winter wheat production over 50 years of crop rotation and N, P and K fertilizer application on illimerized luvisol in the Czech Republic",Field Crops Research,Michal Hejcman,soil agroecology tillage conservation agriculture crop rotation irrigation drainage waste recycling life cycle,metadata_screened,pending,pending,pending,pending,,,,,
D11,10.1016/j.agsy.2013.08.009,Life cycle and economic assessment of Western Canadian pulse systems: The inclusion of pulses in crop rotations,Agricultural Systems,S. MacWilliam,soil agroecology tillage conservation agriculture crop rotation irrigation drainage waste recycling life cycle,metadata_screened,pending,pending,pending,pending,,,,,
D11,10.1016/j.agee.2021.107356,"Soil organic carbon is affected by organic amendments, conservation tillage, and cover cropping in organic farming systems: A meta-analysis","Agriculture, Ecosystems &amp; Environment",Robert Crystal-Ornelas,soil agroecology tillage conservation agriculture crop rotation irrigation drainage waste recycling life cycle,metadata_screened,pending,pending,pending,pending,,,,,
D11,10.1016/j.agee.2023.108407,The role of conventional tillage in agricultural soil erosion,"Agriculture, Ecosystems &amp; Environment",Qiong Peng,soil agroecology tillage conservation agriculture crop rotation irrigation drainage waste recycling life cycle,metadata_screened,pending,pending,pending,pending,,,,,
D11,10.1016/j.jclepro.2021.129579,Life cycle assessment of the co-combustion system of single-use plastic waste and lignite coal to promote circular economy,Journal of Cleaner Production,Viraj V. Joshi,soil agroecology tillage conservation agriculture crop rotation irrigation drainage waste recycling life cycle,metadata_screened,pending,pending,pending,pending,,,,,
D11,10.1016/j.agsy.2020.102903,"Crop, soil and farm systems models – science, engineering or snake oil revisited",Agricultural Systems,Brian A. Keating,soil agroecology tillage conservation agriculture crop rotation irrigation drainage waste recycling life cycle,metadata_screened,pending,pending,pending,pending,,,,,
D11,10.1016/j.resconrec.2024.107469,Life cycle assessment of wastewater reuse alternatives in urban water system,"Resources, Conservation and Recycling",Rajhans Negi,soil agroecology tillage conservation agriculture crop rotation irrigation drainage waste recycling life cycle,metadata_screened,pending,pending,pending,pending,,,,,
D11,10.1016/j.agee.2018.03.007,"Long-term crop rotation and tillage effects on soil greenhouse gas emissions and crop production in Illinois, USA","Agriculture, Ecosystems &amp; Environment",Gevan D. Behnke,soil agroecology tillage conservation agriculture crop rotation irrigation drainage waste recycling life cycle,metadata_screened,pending,pending,pending,pending,,,,,
D11,10.1016/j.resconrec.2019.104410,Building impact assessment—A combined life cycle assessment and multi-criteria decision analysis framework,"Resources, Conservation and Recycling",Ming Hu,soil agroecology tillage conservation agriculture crop rotation irrigation drainage waste recycling life cycle,metadata_screened,pending,pending,pending,pending,,,,,
D11,10.1016/j.agsy.2010.03.009,Comparative life cycle environmental impacts of three beef production strategies in the Upper Midwestern United States,Agricultural Systems,Nathan Pelletier,soil agroecology tillage conservation agriculture crop rotation irrigation drainage waste recycling life cycle,metadata_screened,pending,pending,pending,pending,,,,,
D11,10.1016/j.fcr.2017.12.021,"Long-term evaluation of tillage methods in fallow season for soil water storage, wheat yield and water use efficiency in semiarid southeast of the Loess Plateau",Field Crops Research,Min Sun,soil agroecology tillage conservation agriculture crop rotation irrigation drainage waste recycling life cycle,metadata_screened,pending,pending,pending,pending,,,,,
D11,10.1016/j.fcr.2011.09.008,Comparative performance of conservation agriculture and current smallholder farming practices in semi-arid Zimbabwe,Field Crops Research,Frédéric Baudron,soil agroecology tillage conservation agriculture crop rotation irrigation drainage waste recycling life cycle,metadata_screened,pending,pending,pending,pending,,,,,
D11,10.1016/j.agee.2015.03.031,Intensity of soil disturbance shapes response trait diversity of weed communities: The long-term effects of different tillage systems,"Agriculture, Ecosystems &amp; Environment",Eva Hernández Plaza,soil agroecology tillage conservation agriculture crop rotation irrigation drainage waste recycling life cycle,metadata_screened,pending,pending,pending,pending,,,,,
D11,10.1016/j.resconrec.2014.01.003,Life cycle assessment analysis of active and passive acid mine drainage treatment technologies,"Resources, Conservation and Recycling",Tyler J. Hengen,soil agroecology tillage conservation agriculture crop rotation irrigation drainage waste recycling life cycle,metadata_screened,pending,pending,pending,pending,,,,,
D11,10.1016/j.resconrec.2017.10.025,Economic and life cycle assessment of recycling municipal glass as a pozzolan in portland cement concrete production,"Resources, Conservation and Recycling",Emily L. Tucker,soil agroecology tillage conservation agriculture crop rotation irrigation drainage waste recycling life cycle,metadata_screened,pending,pending,pending,pending,,,,,
D11,10.1016/j.resconrec.2020.104944,"Renewable diesel from oils and animal fat waste: implications of feedstock, technology, co-products and ILUC on life cycle GWP","Resources, Conservation and Recycling",Bahar Riazi,soil agroecology tillage conservation agriculture crop rotation irrigation drainage waste recycling life cycle,metadata_screened,pending,pending,pending,pending,,,,,
D11,10.1016/j.agsy.2014.09.003,Social and income trade-offs of conservation agriculture practices on crop residue use in Mexico’s central highlands,Agricultural Systems,Tina D. Beuchelt,soil agroecology tillage conservation agriculture crop rotation irrigation drainage waste recycling life cycle,metadata_screened,pending,pending,pending,pending,,,,,
D11,10.1016/j.fcr.2017.10.021,"Conservation agriculture effects on crop and water productivity, profitability and soil organic carbon accumulation under a maize-wheat cropping system in the North-western Indo-Gangetic Plains",Field Crops Research,T.K. Das,soil agroecology tillage conservation agriculture crop rotation irrigation drainage waste recycling life cycle,metadata_screened,pending,pending,pending,pending,,,,,
D11,10.1016/j.jclepro.2014.02.009,Life cycle analysis of distributed recycling of post-consumer high density polyethylene for 3-D printing filament,Journal of Cleaner Production,M.A. Kreiger,soil agroecology tillage conservation agriculture crop rotation irrigation drainage waste recycling life cycle,metadata_screened,pending,pending,pending,pending,,,,,
D11,10.1016/j.fcr.2024.109508,"Soil wind erosion, nutrients, and crop yield response to conservation tillage in North China: A field study in a semi-arid and wind erosion region after 9 years",Field Crops Research,Fahui Jiang,soil agroecology tillage conservation agriculture crop rotation irrigation drainage waste recycling life cycle,metadata_screened,pending,pending,pending,pending,,,,,
D11,10.1016/j.agee.2013.06.005,"Effects of nitrogen fertility and crop rotation on onion growth and yield, thrips densities, Iris yellow spot virus and soil properties","Agriculture, Ecosystems &amp; Environment",K. Buckland,soil agroecology tillage conservation agriculture crop rotation irrigation drainage waste recycling life cycle,metadata_screened,pending,pending,pending,pending,,,,,
D11,10.1016/j.agsy.2010.09.005,Cropping systems and crop residue management in the Trans-Gangetic Plains: Issues and challenges for conservation agriculture from village surveys,Agricultural Systems,Olaf Erenstein,soil agroecology tillage conservation agriculture crop rotation irrigation drainage waste recycling life cycle,metadata_screened,pending,pending,pending,pending,,,,,
D11,10.1016/j.agee.2020.106972,Soil carbon storage and mineralization rates are affected by carbon inputs rather than physical disturbance: Evidence from a 47-year tillage experiment,"Agriculture, Ecosystems &amp; Environment",Bruno Mary,soil agroecology tillage conservation agriculture crop rotation irrigation drainage waste recycling life cycle,metadata_screened,pending,pending,pending,pending,,,,,
D11,10.1016/j.fcr.2017.01.026,Physiological and morphological responses of four different rice cultivars to soil water potential based deficit irrigation management strategies,Field Crops Research,Anjani Kumar,soil agroecology tillage conservation agriculture crop rotation irrigation drainage waste recycling life cycle,metadata_screened,pending,pending,pending,pending,,,,,
D11,10.1016/j.agee.2017.08.021,Drainage and leaching losses of nitrogen and dissolved organic carbon after introducing maize into a continuous paddy-rice crop rotation,"Agriculture, Ecosystems &amp; Environment",Yao He,soil agroecology tillage conservation agriculture crop rotation irrigation drainage waste recycling life cycle,metadata_screened,pending,pending,pending,pending,,,,,
D11,10.1016/j.resconrec.2009.04.012,Bioethanol from waste: Life cycle estimation of the greenhouse gas saving potential,"Resources, Conservation and Recycling",Heinz Stichnothe,soil agroecology tillage conservation agriculture crop rotation irrigation drainage waste recycling life cycle,metadata_screened,pending,pending,pending,pending,,,,,
D11,10.1016/j.resconrec.2014.11.015,Environmental impact of recycling digested food waste as a fertilizer in agriculture—A case study,"Resources, Conservation and Recycling",Yoon Lin Chiew,soil agroecology tillage conservation agriculture crop rotation irrigation drainage waste recycling life cycle,metadata_screened,pending,pending,pending,pending,,,,,
D11,10.1016/j.resconrec.2012.05.008,Vermicomposting converts fly ash to enrich soil fertility and sustain crop growth in red and lateritic soils,"Resources, Conservation and Recycling",S.S. Bhattacharya,soil agroecology tillage conservation agriculture crop rotation irrigation drainage waste recycling life cycle,metadata_screened,pending,pending,pending,pending,,,,,
D11,10.1016/j.jclepro.2014.08.049,Life cycle assessment of end-of-life options for two biodegradable packaging materials: sound application of the European waste hierarchy,Journal of Cleaner Production,Vincent Rossi,soil agroecology tillage conservation agriculture crop rotation irrigation drainage waste recycling life cycle,metadata_screened,pending,pending,pending,pending,,,,,
D11,10.1016/j.agsy.2016.08.003,Environmental efficiency of olive oil production by small and micro-scale farmers in northern Jordan: Life cycle assessment,Agricultural Systems,Ali El Hanandeh,soil agroecology tillage conservation agriculture crop rotation irrigation drainage waste recycling life cycle,metadata_screened,pending,pending,pending,pending,,,,,
D11,10.1016/j.jclepro.2019.119636,"Life cycle assessment of municipal solid waste management in Nottingham, England: Past and future perspectives",Journal of Cleaner Production,Dan Wang,soil agroecology tillage conservation agriculture crop rotation irrigation drainage waste recycling life cycle,metadata_screened,pending,pending,pending,pending,,,,,
D11,10.1016/j.resconrec.2020.104821,Environmental performance analysis on resource multiple-life-cycle recycling system: Evidence from waste pet bottles in China,"Resources, Conservation and Recycling",Yifan Gu,soil agroecology tillage conservation agriculture crop rotation irrigation drainage waste recycling life cycle,metadata_screened,pending,pending,pending,pending,,,,,
D11,10.1016/j.resconrec.2020.104699,Life-cycle environmental implications of China’s ban on post-consumer plastics import,"Resources, Conservation and Recycling",Yanan Ren,soil agroecology tillage conservation agriculture crop rotation irrigation drainage waste recycling life cycle,metadata_screened,pending,pending,pending,pending,,,,,
D11,10.1016/j.resconrec.2007.07.001,Life cycle assessment on using recycled materials for rehabilitating asphalt pavements,"Resources, Conservation and Recycling",Chui-Te Chiu,soil agroecology tillage conservation agriculture crop rotation irrigation drainage waste recycling life cycle,metadata_screened,pending,pending,pending,pending,,,,,
D11,10.1016/j.fcr.2011.12.004,Soil tillage effects on the efficacy of cultivars and their mixtures in winter barley,Field Crops Research,A.C. Newton,soil agroecology tillage conservation agriculture crop rotation irrigation drainage waste recycling life cycle,metadata_screened,pending,pending,pending,pending,,,,,
D11,10.1016/j.fcr.2018.09.001,Crop model and weather data generation evaluation for conservation agriculture in Ethiopia,Field Crops Research,F.M. Liben,soil agroecology tillage conservation agriculture crop rotation irrigation drainage waste recycling life cycle,metadata_screened,pending,pending,pending,pending,,,,,
D11,10.1016/j.jclepro.2018.07.199,Life-cycle assessment on food waste valorisation to value-added products,Journal of Cleaner Production,Chor-Man Lam,soil agroecology tillage conservation agriculture crop rotation irrigation drainage waste recycling life cycle,metadata_screened,pending,pending,pending,pending,,,,,
D11,10.1016/j.jclepro.2021.130050,"Impacts and mechanisms of nanobubbles level in drip irrigation system on soil fertility, water use efficiency and crop production: The perspective of soil microbial community",Journal of Cleaner Production,Yunpeng Zhou,soil agroecology tillage conservation agriculture crop rotation irrigation drainage waste recycling life cycle,metadata_screened,pending,pending,pending,pending,,,,,
D11,10.1016/j.fcr.2018.12.016,"Long-term effects of tillage and straw management on soil organic carbon, crop yield, and yield stability in a wheat-maize system",Field Crops Research,Jing Xu,soil agroecology tillage conservation agriculture crop rotation irrigation drainage waste recycling life cycle,metadata_screened,pending,pending,pending,pending,,,,,
D11,10.1016/j.fcr.2020.107833,Maize production under combined Conservation Agriculture and Integrated Soil Fertility Management in the sub-humid and semi-arid regions of Kenya,Field Crops Research,Eunice A. Mutuku,soil agroecology tillage conservation agriculture crop rotation irrigation drainage waste recycling life cycle,metadata_screened,pending,pending,pending,pending,,,,,
D11,10.1016/j.resconrec.2022.106836,Operationalization of life cycle engineering,"Resources, Conservation and Recycling",Sami Kara,soil agroecology tillage conservation agriculture crop rotation irrigation drainage waste recycling life cycle,metadata_screened,pending,pending,pending,pending,,,,,
D11,10.1016/j.resconrec.2020.105119,Life cycle assessment of food loss and waste in the food supply chain,"Resources, Conservation and Recycling",Yetunde Omolayo,soil agroecology tillage conservation agriculture crop rotation irrigation drainage waste recycling life cycle,metadata_screened,pending,pending,pending,pending,,,,,
D11,10.1016/j.fcr.2016.02.010,Long-term analysis of soil water conservation and crop yield under different tillage systems in Mediterranean rainfed conditions,Field Crops Research,Jorge Lampurlanés,soil agroecology tillage conservation agriculture crop rotation irrigation drainage waste recycling life cycle,metadata_screened,pending,pending,pending,pending,,,,,
D11,10.1016/j.agee.2004.06.002,"Modeling the effect of three soil and water conservation practices in Tigray, Ethiopia","Agriculture, Ecosystems &amp; Environment",H. Hengsdijk,soil agroecology tillage conservation agriculture crop rotation irrigation drainage waste recycling life cycle,metadata_screened,pending,pending,pending,pending,,,,,
D11,10.1016/j.jclepro.2021.129463,Environmental impacts of three waste concrete recycling strategies for prefabricated components through comparative life cycle assessment,Journal of Cleaner Production,Si-Min Jian,soil agroecology tillage conservation agriculture crop rotation irrigation drainage waste recycling life cycle,metadata_screened,pending,pending,pending,pending,,,,,
D11,10.1016/j.resconrec.2007.08.007,Ethanol production from crop residues and soil organic carbon,"Resources, Conservation and Recycling",L. Reijnders,soil agroecology tillage conservation agriculture crop rotation irrigation drainage waste recycling life cycle,metadata_screened,pending,pending,pending,pending,,,,,
D11,10.1016/j.jclepro.2022.134950,"Recycling, disposal, or biodegradable-alternative of polyethylene plastic film for agricultural mulching? A life cycle analysis of their environmental impacts",Journal of Cleaner Production,Hantao Dong,soil agroecology tillage conservation agriculture crop rotation irrigation drainage waste recycling life cycle,metadata_screened,pending,pending,pending,pending,,,,,
D11,10.1016/j.fcr.2010.08.001,A legume rotation crop lessens the need for nitrogen fertiliser throughout the sugarcane cropping cycle,Field Crops Research,Sarah E. Park,soil agroecology tillage conservation agriculture crop rotation irrigation drainage waste recycling life cycle,metadata_screened,pending,pending,pending,pending,,,,,
D11,10.1016/j.agee.2016.02.027,Effects of different straw returning modes on greenhouse gas emissions and crop yields in a rice–wheat rotation system,"Agriculture, Ecosystems &amp; Environment",Naijuan Hu,soil agroecology tillage conservation agriculture crop rotation irrigation drainage waste recycling life cycle,metadata_screened,pending,pending,pending,pending,,,,,
D11,10.1016/j.resconrec.2011.05.009,Environmental assessment of different management options for individual waste fractions by means of life-cycle assessment modelling,"Resources, Conservation and Recycling",Simone Manfredi,soil agroecology tillage conservation agriculture crop rotation irrigation drainage waste recycling life cycle,metadata_screened,pending,pending,pending,pending,,,,,
D11,10.1016/j.fcr.2011.12.014,On-farm evaluation of yield and economic benefit of short term maize legume intercropping systems under conservation agriculture in Malawi,Field Crops Research,Amos R. Ngwira,soil agroecology tillage conservation agriculture crop rotation irrigation drainage waste recycling life cycle,metadata_screened,pending,pending,pending,pending,,,,,
D11,10.1016/j.agee.2018.11.022,"Cropping system history and crop rotation phase drive the abundance of soil denitrification genes nirK, nirS and nosZ in conventional and organic grain agroecosystems","Agriculture, Ecosystems &amp; Environment",Jude E. Maul,soil agroecology tillage conservation agriculture crop rotation irrigation drainage waste recycling life cycle,metadata_screened,pending,pending,pending,pending,,,,,
D11,10.1016/j.fcr.2019.03.016,"Tillage and crop establishment options for enhancing the productivity, profitability, and resource use efficiency of rice-rabi systems of the salt-affected coastal lowlands of eastern India",Field Crops Research,Sukanta K. Sarangi,soil agroecology tillage conservation agriculture crop rotation irrigation drainage waste recycling life cycle,metadata_screened,pending,pending,pending,pending,,,,,
D11,10.1016/j.agee.2022.108080,Conservation tillage facilitated soil carbon sequestration through diversified carbon conversions,"Agriculture, Ecosystems &amp; Environment",Kun Zhu,soil agroecology tillage conservation agriculture crop rotation irrigation drainage waste recycling life cycle,metadata_screened,pending,pending,pending,pending,,,,,
D11,10.1016/j.agee.2018.09.002,Greenhouse gas emissions and crop yield in no-tillage systems: A meta-analysis,"Agriculture, Ecosystems &amp; Environment",Yawen Huang,soil agroecology tillage conservation agriculture crop rotation irrigation drainage waste recycling life cycle,metadata_screened,pending,pending,pending,pending,,,,,
D11,10.1016/j.jclepro.2014.09.102,Environmental modelling of aluminium recycling: a Life Cycle Assessment tool for sustainable metal management,Journal of Cleaner Production,Dimos Paraskevas,soil agroecology tillage conservation agriculture crop rotation irrigation drainage waste recycling life cycle,metadata_screened,pending,pending,pending,pending,,,,,
D11,10.1016/j.jclepro.2020.122831,Don’t scrap the waste: The need for broader system boundaries in bioplastic food packaging life-cycle assessment – A critical review,Journal of Cleaner Production,Sarah Kakadellis,soil agroecology tillage conservation agriculture crop rotation irrigation drainage waste recycling life cycle,metadata_screened,pending,pending,pending,pending,,,,,
D11,10.1016/j.agsy.2019.04.001,From plot to scale: ex-ante assessment of conservation agriculture in Zambia,Agricultural Systems,Adam M. Komarek,soil agroecology tillage conservation agriculture crop rotation irrigation drainage waste recycling life cycle,metadata_screened,pending,pending,pending,pending,,,,,
D11,10.1016/j.agsy.2018.10.008,Agro-environmental aspects of conservation agriculture compared to conventional systems: A 3-year experience on 20 farms in the Po valley (Northern Italy),Agricultural Systems,A. Perego,soil agroecology tillage conservation agriculture crop rotation irrigation drainage waste recycling life cycle,metadata_screened,pending,pending,pending,pending,,,,,
D11,10.1016/j.resconrec.2020.104989,Environmental life cycle assessment of textile bio-recycling – valorizing cotton-polyester textile waste to pet fiber and glucose syrup,"Resources, Conservation and Recycling",Karpagam Subramanian,soil agroecology tillage conservation agriculture crop rotation irrigation drainage waste recycling life cycle,metadata_screened,pending,pending,pending,pending,,,,,
D11,10.1016/j.resconrec.2023.107255,A comparative life cycle assessment of tyre recycling using pyrolysis compared to conventional end-of-life pathways,"Resources, Conservation and Recycling",Daniel Maga,soil agroecology tillage conservation agriculture crop rotation irrigation drainage waste recycling life cycle,metadata_screened,pending,pending,pending,pending,,,,,
D11,10.1016/j.jclepro.2020.122217,Comparative life cycle environmental impacts of two scenarios for managing an organic fraction of municipal solid waste in Rasht-Iran,Journal of Cleaner Production,Leyla Behrooznia,soil agroecology tillage conservation agriculture crop rotation irrigation drainage waste recycling life cycle,metadata_screened,pending,pending,pending,pending,,,,,
D11,10.1016/s0308-521x(02)00027-6,Assessing the sustainability of the US food system: a life cycle perspective,Agricultural Systems,Martin C Heller,soil agroecology tillage conservation agriculture crop rotation irrigation drainage waste recycling life cycle,metadata_screened,pending,pending,pending,pending,,,,,
D11,10.1016/s0378-4290(03)00005-4,Crop residue and fertiliser N effects on nitrogen fixation and yields of legume–cereal rotations and soil organic fertility,Field Crops Research,Z. Shah,soil agroecology tillage conservation agriculture crop rotation irrigation drainage waste recycling life cycle,metadata_screened,pending,pending,pending,pending,,,,,
D11,10.1016/j.jclepro.2017.07.013,Importance of waste composition for Life Cycle Assessment of waste management solutions,Journal of Cleaner Production,V. Bisinella,soil agroecology tillage conservation agriculture crop rotation irrigation drainage waste recycling life cycle,metadata_screened,pending,pending,pending,pending,,,,,
D11,10.1016/j.agee.2022.108278,"Crop rotation-driven change in physicochemical properties regulates microbial diversity, dominant components, and community complexity in paddy soils","Agriculture, Ecosystems &amp; Environment",Hanfeng Zhang,soil agroecology tillage conservation agriculture crop rotation irrigation drainage waste recycling life cycle,metadata_screened,pending,pending,pending,pending,,,,,
D11,10.1016/j.jclepro.2016.05.176,Potential mitigation of the environmental impacts of food systems through urban and peri-urban agriculture (UPA) – a life cycle assessment approach,Journal of Cleaner Production,Khadija Benis,soil agroecology tillage conservation agriculture crop rotation irrigation drainage waste recycling life cycle,metadata_screened,pending,pending,pending,pending,,,,,
D11,10.1016/j.agsy.2007.06.001,Life cycle assessment of conventional and organic milk production in the Netherlands,Agricultural Systems,M.A. Thomassen,soil agroecology tillage conservation agriculture crop rotation irrigation drainage waste recycling life cycle,metadata_screened,pending,pending,pending,pending,,,,,
D11,10.1016/j.jclepro.2015.02.021,Life cycle based evaluation of harvested rainwater use in toilets and for irrigation,Journal of Cleaner Production,Jay Devkota,soil agroecology tillage conservation agriculture crop rotation irrigation drainage waste recycling life cycle,metadata_screened,pending,pending,pending,pending,,,,,
D11,10.1016/j.agsy.2009.08.001,"Life Cycle Assessment of biomass production in a Mediterranean greenhouse using different water sources: Groundwater, treated wastewater and desalinated seawater",Agricultural Systems,Ivan Muñoz,soil agroecology tillage conservation agriculture crop rotation irrigation drainage waste recycling life cycle,metadata_screened,pending,pending,pending,pending,,,,,
D11,10.1016/j.agsy.2012.04.003,"Integrated crop–livestock systems in Australian agriculture: Trends, drivers and implications",Agricultural Systems,Lindsay W. Bell,soil agroecology tillage conservation agriculture crop rotation irrigation drainage waste recycling life cycle,metadata_screened,pending,pending,pending,pending,,,,,
D11,10.1016/j.jclepro.2022.135759,Sustainable farming strategies for mixed crop-livestock farms in Luxembourg simulated with a hybrid agent-based and life-cycle assessment model,Journal of Cleaner Production,Alper Bayram,soil agroecology tillage conservation agriculture crop rotation irrigation drainage waste recycling life cycle,metadata_screened,pending,pending,pending,pending,,,,,
D11,10.1016/j.jclepro.2015.03.062,Life cycle assessment of conventional and two-stage advanced energy-from-waste technologies for municipal solid waste treatment,Journal of Cleaner Production,Sara Evangelisti,soil agroecology tillage conservation agriculture crop rotation irrigation drainage waste recycling life cycle,metadata_screened,pending,pending,pending,pending,,,,,
D11,10.1016/j.agee.2009.05.004,Long-term effects of conservation tillage on organic fractions in two soils in southwest of Spain,"Agriculture, Ecosystems &amp; Environment",Sebastiana Melero,soil agroecology tillage conservation agriculture crop rotation irrigation drainage waste recycling life cycle,metadata_screened,pending,pending,pending,pending,,,,,
D11,10.1016/j.agee.2025.109584,"Depth-dependent patterns in soil organic C, enzymatic stochiometric ratio, and soil quality under conventional tillage and reduced tillage after 55-years","Agriculture, Ecosystems &amp; Environment",Wenhao Feng,soil agroecology tillage conservation agriculture crop rotation irrigation drainage waste recycling life cycle,metadata_screened,pending,pending,pending,pending,,,,,
D11,10.1016/j.resconrec.2021.105454,A review of wastewater irrigation: Environmental implications,"Resources, Conservation and Recycling",Ajay Singh,soil agroecology tillage conservation agriculture crop rotation irrigation drainage waste recycling life cycle,metadata_screened,pending,pending,pending,pending,,,,,
D11,10.1016/j.jclepro.2013.03.022,Life cycle assessment of a food waste composting system: environmental impact hotspots,Journal of Cleaner Production,Alex Saer,soil agroecology tillage conservation agriculture crop rotation irrigation drainage waste recycling life cycle,metadata_screened,pending,pending,pending,pending,,,,,
D11,10.1016/j.agsy.2018.09.005,"Industrial agriculture and agroecological transition systems: A comparative analysis of productivity results, organic matter and glyphosate in soil",Agricultural Systems,Aparicio Virginia,soil agroecology tillage conservation agriculture crop rotation irrigation drainage waste recycling life cycle,metadata_screened,pending,pending,pending,pending,,,,,
D11,10.1016/j.agee.2009.05.003,Crop and soil factors of importance for the distribution of plant species on arable fields in Denmark,"Agriculture, Ecosystems &amp; Environment",Christian Andreasen,soil agroecology tillage conservation agriculture crop rotation irrigation drainage waste recycling life cycle,metadata_screened,pending,pending,pending,pending,,,,,
D11,10.1016/j.agee.2016.01.005,Does conservation agriculture deliver climate change mitigation through soil carbon sequestration in tropical agro-ecosystems?,"Agriculture, Ecosystems &amp; Environment",David S. Powlson,soil agroecology tillage conservation agriculture crop rotation irrigation drainage waste recycling life cycle,metadata_screened,pending,pending,pending,pending,,,,,
D11,10.1016/j.agee.2022.108208,Diversified crop sequences to reduce soil nitrogen mining in agroecosystems,"Agriculture, Ecosystems &amp; Environment",Leonardo E. Novelli,soil agroecology tillage conservation agriculture crop rotation irrigation drainage waste recycling life cycle,metadata_screened,pending,pending,pending,pending,,,,,
D11,10.1016/j.jclepro.2010.04.014,Simulation and life cycle assessment of process design alternatives for biodiesel production from waste vegetable oils,Journal of Cleaner Production,Sérgio Morais,soil agroecology tillage conservation agriculture crop rotation irrigation drainage waste recycling life cycle,metadata_screened,pending,pending,pending,pending,,,,,
D11,10.1016/j.fcr.2015.07.021,Water use and soil nitrate nitrogen changes under supplemental irrigation with nitrogen application rate in wheat field,Field Crops Research,Xin Wang,soil agroecology tillage conservation agriculture crop rotation irrigation drainage waste recycling life cycle,metadata_screened,pending,pending,pending,pending,,,,,
D11,10.1016/j.jclepro.2019.119901,"Optimization of irrigation management: A multi-objective approach based on crop yield, growth, evapotranspiration, water use efficiency and soil salinity",Journal of Cleaner Production,Mahmood Mahmoodi-Eshkaftaki,soil agroecology tillage conservation agriculture crop rotation irrigation drainage waste recycling life cycle,metadata_screened,pending,pending,pending,pending,,,,,
D11,10.1016/j.agee.2006.05.014,Tillage and soil carbon sequestration—What do we really know?,"Agriculture, Ecosystems &amp; Environment",John M. Baker,soil agroecology tillage conservation agriculture crop rotation irrigation drainage waste recycling life cycle,metadata_screened,pending,pending,pending,pending,,,,,
D11,10.1016/j.jclepro.2016.08.106,Life cycle greenhouse gas emissions from rice production systems in Brazil: A comparison between minimal tillage and organic farming,Journal of Cleaner Production,Flávia Aparecida Nunes,soil agroecology tillage conservation agriculture crop rotation irrigation drainage waste recycling life cycle,metadata_screened,pending,pending,pending,pending,,,,,
D11,10.1016/j.jclepro.2009.10.023,Improved recycling with life cycle information tagged to the product,Journal of Cleaner Production,Conrad Luttropp,soil agroecology tillage conservation agriculture crop rotation irrigation drainage waste recycling life cycle,metadata_screened,pending,pending,pending,pending,,,,,
D11,10.1016/j.agee.2021.107548,Long-term rice-oilseed rape rotation increases soil organic carbon by improving functional groups of soil organic matter,"Agriculture, Ecosystems &amp; Environment",Tianqi Liu,soil agroecology tillage conservation agriculture crop rotation irrigation drainage waste recycling life cycle,metadata_screened,pending,pending,pending,pending,,,,,
D11,10.1016/j.jclepro.2020.124182,E-waste recycling behaviour: An integration of recycling habits into the theory of planned behaviour,Journal of Cleaner Production,Mohamed Aboelmaged,soil agroecology tillage conservation agriculture crop rotation irrigation drainage waste recycling life cycle,metadata_screened,pending,pending,pending,pending,,,,,
D11,10.1016/s0308-521x(00)00063-9,Spatial validation of crop models for precision agriculture,Agricultural Systems,B. Basso,soil agroecology tillage conservation agriculture crop rotation irrigation drainage waste recycling life cycle,metadata_screened,pending,pending,pending,pending,,,,,
D11,10.1016/j.fcr.2006.08.001,Effects of crop density and tillage system on grain yield and N uptake from soil and atmosphere of sole and intercropped pea and oat,Field Crops Research,Angelika Neumann,soil agroecology tillage conservation agriculture crop rotation irrigation drainage waste recycling life cycle,metadata_screened,pending,pending,pending,pending,,,,,
D11,10.1016/j.agee.2010.07.015,Soil CO2 fluxes following tillage and rainfall events in a semiarid Mediterranean agroecosystem: Effects of tillage systems and nitrogen fertilization,"Agriculture, Ecosystems &amp; Environment",F.J. Morell,soil agroecology tillage conservation agriculture crop rotation irrigation drainage waste recycling life cycle,metadata_screened,pending,pending,pending,pending,,,,,
D11,10.1016/j.fcr.2009.09.001,Long-term effects of poultry litter and conservation tillage on crop yields and soil phosphorus in cotton–cotton–corn rotation,Field Crops Research,S.S. Reddy,soil agroecology tillage conservation agriculture crop rotation irrigation drainage waste recycling life cycle,metadata_screened,pending,pending,pending,pending,,,,,
D11,10.1016/j.agee.2021.107551,"Impacts of agronomic measures on crop, soil, and environmental indicators: A review and synthesis of meta-analysis","Agriculture, Ecosystems &amp; Environment",Madaline D. Young,soil agroecology tillage conservation agriculture crop rotation irrigation drainage waste recycling life cycle,metadata_screened,pending,pending,pending,pending,,,,,
D11,10.1016/j.resconrec.2018.11.010,Influence of waste materials on buildings’ life cycle environmental impacts: Adopting resource recovery principle,"Resources, Conservation and Recycling",Md. Uzzal Hossain,soil agroecology tillage conservation agriculture crop rotation irrigation drainage waste recycling life cycle,metadata_screened,pending,pending,pending,pending,,,,,
D11,10.1016/j.agee.2006.03.023,Cost efficient rotation and tillage options to sequester carbon and mitigate GHG emissions from agriculture in Eastern Canada,"Agriculture, Ecosystems &amp; Environment",Andreas Meyer-Aurich,soil agroecology tillage conservation agriculture crop rotation irrigation drainage waste recycling life cycle,metadata_screened,pending,pending,pending,pending,,,,,
D11,10.1016/j.jclepro.2023.136762,Valorization of biogas from the anaerobic co-treatment of sewage sludge and organic waste: Life cycle assessment and life cycle costing of different recovery strategies,Journal of Cleaner Production,Francesco Pasciucco,soil agroecology tillage conservation agriculture crop rotation irrigation drainage waste recycling life cycle,metadata_screened,pending,pending,pending,pending,,,,,
D11,10.1016/j.agee.2009.08.010,Crop residue removal and fertilizer N: Effects on soil organic carbon in a long-term crop rotation experiment on a Udic Boroll,"Agriculture, Ecosystems &amp; Environment",R.L. Lemke,soil agroecology tillage conservation agriculture crop rotation irrigation drainage waste recycling life cycle,metadata_screened,pending,pending,pending,pending,,,,,
D11,10.1016/j.jclepro.2021.126151,Analyzing life-cycle water footprint for advanced bio-liquid fuel: Crop residues and non-grain biofuels in China,Journal of Cleaner Production,Yuting Huang,soil agroecology tillage conservation agriculture crop rotation irrigation drainage waste recycling life cycle,metadata_screened,pending,pending,pending,pending,,,,,
D11,10.1016/j.agsy.2013.10.002,Ex-ante assessment of soil conservation methods in the uplands of Vietnam: An agent-based modeling approach,Agricultural Systems,Dang Viet Quang,soil agroecology tillage conservation agriculture crop rotation irrigation drainage waste recycling life cycle,metadata_screened,pending,pending,pending,pending,,,,,
D11,10.1016/j.jclepro.2024.142007,Soil salinization poses greater effects than soil moisture on field crop growth and yield in arid farming areas with intense irrigation,Journal of Cleaner Production,Jingxiao Zhang,soil agroecology tillage conservation agriculture crop rotation irrigation drainage waste recycling life cycle,metadata_screened,pending,pending,pending,pending,,,,,
D11,10.1016/j.agee.2019.106710,Long-term observations in contrasting crop-pasture rotations over half a century: Statistical analysis of chemical soil properties and implications for soil sampling frequency,"Agriculture, Ecosystems &amp; Environment",Kathrin Grahmann,soil agroecology tillage conservation agriculture crop rotation irrigation drainage waste recycling life cycle,metadata_screened,pending,pending,pending,pending,,,,,
D11,10.1016/j.resconrec.2023.107040,Life-cycle analysis of battery metal recycling with lithium recovery from a spent lithium-ion battery,"Resources, Conservation and Recycling",Eunji Yoo,soil agroecology tillage conservation agriculture crop rotation irrigation drainage waste recycling life cycle,metadata_screened,pending,pending,pending,pending,,,,,
D11,10.1016/j.agsy.2015.02.007,Eco-efficient production of spring barley in a changed climate: A Life Cycle Assessment including primary data from future climate scenarios,Agricultural Systems,Monia Niero,soil agroecology tillage conservation agriculture crop rotation irrigation drainage waste recycling life cycle,metadata_screened,pending,pending,pending,pending,,,,,
D11,10.1016/j.fcr.2014.04.010,"Rotation and tillage affect soybean grain composition, yield, and nutrient removal",Field Crops Research,James H. Houx III,soil agroecology tillage conservation agriculture crop rotation irrigation drainage waste recycling life cycle,metadata_screened,pending,pending,pending,pending,,,,,
D11,10.1016/j.resconrec.2012.12.005,Life cycle assessment of recycling PVC window frames,"Resources, Conservation and Recycling",Heinz Stichnothe,soil agroecology tillage conservation agriculture crop rotation irrigation drainage waste recycling life cycle,metadata_screened,pending,pending,pending,pending,,,,,
D11,10.1016/j.resconrec.2010.03.017,Implementing by-product management into the Life Cycle Assessment of the mussel sector,"Resources, Conservation and Recycling",Diego Iribarren,soil agroecology tillage conservation agriculture crop rotation irrigation drainage waste recycling life cycle,metadata_screened,pending,pending,pending,pending,,,,,
D11,10.1016/j.agee.2024.109310,Optimizing phosphate application to improve soil quality and reduce phosphorus loss in rice-wheat rotation,"Agriculture, Ecosystems &amp; Environment",Guanglei Chen,soil agroecology tillage conservation agriculture crop rotation irrigation drainage waste recycling life cycle,metadata_screened,pending,pending,pending,pending,,,,,
D11,10.1016/s0167-8809(99)00121-8,"The effect of dandelion or a cover crop on mycorrhiza inoculum potential, soil aggregation and yield of maize","Agriculture, Ecosystems &amp; Environment",Z. Kabir,soil agroecology tillage conservation agriculture crop rotation irrigation drainage waste recycling life cycle,metadata_screened,pending,pending,pending,pending,,,,,
D11,10.1016/j.resconrec.2019.05.025,Comparative life cycle analysis for value recovery of precious metals and rare earth elements from electronic waste,"Resources, Conservation and Recycling",Zhen Li,soil agroecology tillage conservation agriculture crop rotation irrigation drainage waste recycling life cycle,metadata_screened,pending,pending,pending,pending,,,,,
D11,10.1016/j.jclepro.2016.06.085,Methodology for combined use of data envelopment analysis and life cycle assessment applied to food waste management,Journal of Cleaner Production,Jorge Cristóbal,soil agroecology tillage conservation agriculture crop rotation irrigation drainage waste recycling life cycle,metadata_screened,pending,pending,pending,pending,,,,,
D11,10.1016/j.jclepro.2022.130694,A Life Cycle Assessment model of End-of-life scenarios for building deconstruction and waste management,Journal of Cleaner Production,Eva Quéheille,soil agroecology tillage conservation agriculture crop rotation irrigation drainage waste recycling life cycle,metadata_screened,pending,pending,pending,pending,,,,,
D11,10.1016/j.fcr.2017.09.034,"Progressive integrative crop managements increase grain yield, nitrogen use efficiency and irrigation water productivity in rice",Field Crops Research,Hao Zhang,soil agroecology tillage conservation agriculture crop rotation irrigation drainage waste recycling life cycle,metadata_screened,pending,pending,pending,pending,,,,,
D11,10.1016/j.agsy.2021.103355,Simulating no-tillage effects on crop yield and greenhouse gas emissions in Kentucky corn and soybean cropping systems: 1980–2018,Agricultural Systems,Yawen Huang,soil agroecology tillage conservation agriculture crop rotation irrigation drainage waste recycling life cycle,metadata_screened,pending,pending,pending,pending,,,,,
D11,10.1016/j.agsy.2015.06.006,Nitrogen soil surface balance of organic vs conventional cash crop farming in the Seine watershed,Agricultural Systems,J. Anglade,soil agroecology tillage conservation agriculture crop rotation irrigation drainage waste recycling life cycle,metadata_screened,pending,pending,pending,pending,,,,,
D11,10.1016/j.fcr.2023.109131,Yield dynamics of crop rotations respond to farming type and tillage intensity in an organic agricultural long-term experiment over 24 years,Field Crops Research,Wiebke Niether,soil agroecology tillage conservation agriculture crop rotation irrigation drainage waste recycling life cycle,metadata_screened,pending,pending,pending,pending,,,,,
D11,10.1016/j.agsy.2014.01.007,"Analysis of conservation agriculture preferences for researchers, extension agents, and tribal farmers in Nepal using Analytic Hierarchy Process",Agricultural Systems,Brinton Reed,soil agroecology tillage conservation agriculture crop rotation irrigation drainage waste recycling life cycle,metadata_screened,pending,pending,pending,pending,,,,,
D11,10.1016/j.resconrec.2017.03.001,Measuring green technology progress in large-scale thermoelectric enterprises based on Malmquist–Luenberger life cycle assessment,"Resources, Conservation and Recycling",Malin Song,soil agroecology tillage conservation agriculture crop rotation irrigation drainage waste recycling life cycle,metadata_screened,pending,pending,pending,pending,,,,,
D11,10.1016/j.fcr.2016.04.028,Crop yield prediction under soil salinity using satellite derived vegetation indices,Field Crops Research,Onur Satir,soil agroecology tillage conservation agriculture crop rotation irrigation drainage waste recycling life cycle,metadata_screened,pending,pending,pending,pending,,,,,
D11,10.1016/j.fcr.2023.108873,"Yield benefits from joint application of manure and inorganic fertilizer in a long-term field pea, wheat and potato crop rotation",Field Crops Research,Xiaopeng Shi,soil agroecology tillage conservation agriculture crop rotation irrigation drainage waste recycling life cycle,metadata_screened,pending,pending,pending,pending,,,,,
D11,10.1016/j.jclepro.2022.131552,"Composting food waste or digestate? Characteristics, statistical and life cycle assessment study based on an Italian composting plant",Journal of Cleaner Production,Adolfo Le Pera,soil agroecology tillage conservation agriculture crop rotation irrigation drainage waste recycling life cycle,metadata_screened,pending,pending,pending,pending,,,,,
D11,10.1016/j.fcr.2011.09.005,Can using polymer-coated seed reduce the risk of poor soybean emergence in no-tillage soil?,Field Crops Research,R.W. Gesch,soil agroecology tillage conservation agriculture crop rotation irrigation drainage waste recycling life cycle,metadata_screened,pending,pending,pending,pending,,,,,
D11,10.1016/j.fcr.2021.108080,"Productivity, soil health, and carbon management index of Indian Himalayan intensified maize-based cropping systems under live mulch based conservation tillage practices",Field Crops Research,Gulab Singh Yadav,soil agroecology tillage conservation agriculture crop rotation irrigation drainage waste recycling life cycle,metadata_screened,pending,pending,pending,pending,,,,,
D12,10.5194/gmd-19-1429-2026,FRIDA-Clim v1.0.1: a simple climate model with process-based carbon cycle used in the integrated assessment model FRIDAv2.1,Geoscientific Model Development,Christopher D. Wells,soil sampling analysis spectroscopy remote sensing machine learning geostatistics process model reproducibility,metadata_screened,pending,pending,pending,pending,,,,,
D12,10.1016/j.envsoft.2017.11.037,Uncertainty analysis of a semi-distributed hydrologic model based on a Gaussian Process emulator,Environmental Modelling &amp; Software,Jing Yang,soil sampling analysis spectroscopy remote sensing machine learning geostatistics process model reproducibility,metadata_screened,pending,pending,pending,pending,,,,,
D12,10.1016/j.rse.2025.114818,"Leveraging transfer learning and leaf spectroscopy for leaf trait prediction with broad spatial, species, and temporal applicability",Remote Sensing of Environment,Fujiang Ji,soil sampling analysis spectroscopy remote sensing machine learning geostatistics process model reproducibility,metadata_screened,pending,pending,pending,pending,,,,,
D12,10.5194/essd-14-1063-2022,"VODCA2GPP – a new, global, long-term (1988–2020) gross primary production dataset from microwave remote sensing",Earth System Science Data,Benjamin Wild,soil sampling analysis spectroscopy remote sensing machine learning geostatistics process model reproducibility,metadata_screened,pending,pending,pending,pending,,,,,
D12,10.1016/j.envsoft.2025.106834,"On generalization, language, interpretability and the future of geo-scientific machine learning",Environmental Modelling &amp; Software,Hoshin V. Gupta,soil sampling analysis spectroscopy remote sensing machine learning geostatistics process model reproducibility,metadata_screened,pending,pending,pending,pending,,,,,
D12,10.5194/gmd-18-4317-2025,Emulating grid-based forest carbon dynamics using machine learning: an LPJ-GUESS v4.1.1 application,Geoscientific Model Development,Carolina Natel,soil sampling analysis spectroscopy remote sensing machine learning geostatistics process model reproducibility,metadata_screened,pending,pending,pending,pending,,,,,
D12,10.1016/j.rse.2015.03.006,"SMOS soil moisture retrievals using the land parameter retrieval model: Evaluation over the Murrumbidgee Catchment, southeast Australia",Remote Sensing of Environment,R. van der Schalie,soil sampling analysis spectroscopy remote sensing machine learning geostatistics process model reproducibility,metadata_screened,pending,pending,pending,pending,,,,,
D12,10.1016/j.rse.2008.06.012,Towards deterministic downscaling of SMOS soil moisture using MODIS derived soil evaporative efficiency,Remote Sensing of Environment,O MERLIN,soil sampling analysis spectroscopy remote sensing machine learning geostatistics process model reproducibility,metadata_screened,pending,pending,pending,pending,,,,,
D12,10.1016/j.envsoft.2021.105140,Improving the simulation of soil temperature within the EPIC model,Environmental Modelling &amp; Software,Luca Doro,soil sampling analysis spectroscopy remote sensing machine learning geostatistics process model reproducibility,metadata_screened,pending,pending,pending,pending,,,,,
D12,10.5194/gmd-12-2941-2019,Efficiency and robustness in Monte Carlo sampling for 3-D geophysical inversions with Obsidian v0.1.2: setting up for success,Geoscientific Model Development,Richard Scalzo,soil sampling analysis spectroscopy remote sensing machine learning geostatistics process model reproducibility,metadata_screened,pending,pending,pending,pending,,,,,
D12,10.5194/gmd-11-2175-2018,IPA (v1): a framework for agent-based modelling of soil water movement,Geoscientific Model Development,Benjamin Mewes,soil sampling analysis spectroscopy remote sensing machine learning geostatistics process model reproducibility,metadata_screened,pending,pending,pending,pending,,,,,
D12,10.5194/gmd-14-2127-2021,Fluxes from soil moisture measurements (FluSM v1.0): a data-driven water balance framework for permeable pavements,Geoscientific Model Development,Axel Schaffitel,soil sampling analysis spectroscopy remote sensing machine learning geostatistics process model reproducibility,metadata_screened,pending,pending,pending,pending,,,,,
D12,10.1016/s0034-4257(00)00200-5,"Parameterization of vegetation backscatter in radar-based, soil moisture estimation",Remote Sensing of Environment,Rajat Bindlish,soil sampling analysis spectroscopy remote sensing machine learning geostatistics process model reproducibility,metadata_screened,pending,pending,pending,pending,,,,,
D12,10.5194/gmd-17-5249-2024,RoGeR v3.0.5 – a process-based hydrological toolbox model in Python,Geoscientific Model Development,Robin Schwemmle,soil sampling analysis spectroscopy remote sensing machine learning geostatistics process model reproducibility,metadata_screened,pending,pending,pending,pending,,,,,
D12,10.1016/j.rse.2024.114308,Integrating machine learning with thermal-driven analytical energy balance model improved terrestrial evapotranspiration estimation through enhanced surface conductance,Remote Sensing of Environment,Yun Bai,soil sampling analysis spectroscopy remote sensing machine learning geostatistics process model reproducibility,metadata_screened,pending,pending,pending,pending,,,,,
D12,10.1016/j.envsoft.2017.03.010,Progressive Latin Hypercube Sampling: An efficient approach for robust sampling-based analysis of environmental models,Environmental Modelling &amp; Software,Razi Sheikholeslami,soil sampling analysis spectroscopy remote sensing machine learning geostatistics process model reproducibility,metadata_screened,pending,pending,pending,pending,,,,,
D12,10.1111/2041-210x.14119,Estimating process‐based model parameters from species distribution data using the evolutionary algorithm <scp>CMA‐ES</scp>,Methods in Ecology and Evolution,Victor Van der Meersch,soil sampling analysis spectroscopy remote sensing machine learning geostatistics process model reproducibility,metadata_screened,pending,pending,pending,pending,,,,,
D12,10.5194/gmd-16-4867-2023,A gridded air quality forecast through fusing site-available machine learning predictions from RFSML v1.0 and chemical transport model results from GEOS-Chem v13.1.0 using the ensemble Kalman filter,Geoscientific Model Development,Li Fang,soil sampling analysis spectroscopy remote sensing machine learning geostatistics process model reproducibility,metadata_screened,pending,pending,pending,pending,,,,,
D12,10.1111/2041-210x.13964,<scp>sound</scp> C <scp>lass</scp> : An automatic sound classification tool for biodiversity monitoring using machine learning,Methods in Ecology and Evolution,Bruno Silva,soil sampling analysis spectroscopy remote sensing machine learning geostatistics process model reproducibility,metadata_screened,pending,pending,pending,pending,,,,,
D12,10.5194/essd-17-2507-2025,WetCH <sub>4</sub> : a machine-learning-based upscaling of methane fluxes of northern wetlands during 2016–2022,Earth System Science Data,Qing Ying,soil sampling analysis spectroscopy remote sensing machine learning geostatistics process model reproducibility,metadata_screened,pending,pending,pending,pending,,,,,
D12,10.1016/j.rse.2025.114927,Fusing SAR image and CYGNSS data for monitoring river water level changes by machine learning,Remote Sensing of Environment,Yan Jia,soil sampling analysis spectroscopy remote sensing machine learning geostatistics process model reproducibility,metadata_screened,pending,pending,pending,pending,,,,,
D12,10.1016/j.envsoft.2011.10.004,Using model-based geostatistics to predict lightning-caused wildfires,Environmental Modelling &amp; Software,C. Ordóñez,soil sampling analysis spectroscopy remote sensing machine learning geostatistics process model reproducibility,metadata_screened,pending,pending,pending,pending,,,,,
D12,10.5194/essd-16-5603-2024,Observational partitioning of water and CO <sub>2</sub> fluxes at National Ecological Observatory Network (NEON) sites: a 5-year dataset of soil and plant components for spatial and temporal analysis,Earth System Science Data,Einara Zahn,soil sampling analysis spectroscopy remote sensing machine learning geostatistics process model reproducibility,metadata_screened,pending,pending,pending,pending,,,,,
D12,10.1016/j.rse.2020.112103,Evaluation of machine learning algorithms for forest stand species mapping using Sentinel-2 imagery and environmental data in the Polish Carpathians,Remote Sensing of Environment,Ewa Grabska,soil sampling analysis spectroscopy remote sensing machine learning geostatistics process model reproducibility,metadata_screened,pending,pending,pending,pending,,,,,
D12,10.1016/j.envsoft.2026.106952,"An explainable machine learning framework coupled with the PLUS model for ecological resilience simulation and zoning under SSP-RCP scenarios: A case study in Eastern Jilin, China",Environmental Modelling &amp; Software,Xiaozheng Wu,soil sampling analysis spectroscopy remote sensing machine learning geostatistics process model reproducibility,metadata_screened,pending,pending,pending,pending,,,,,
D12,10.5194/gmd-12-4297-2019,Incorporation of inline warm rain diagnostics into the COSP2 satellite simulator for process-oriented model evaluation,Geoscientific Model Development,Takuro Michibata,soil sampling analysis spectroscopy remote sensing machine learning geostatistics process model reproducibility,metadata_screened,pending,pending,pending,pending,,,,,
D12,10.1111/2041-210x.13905,A continuous‐score occupancy model that incorporates uncertain machine learning output from autonomous biodiversity surveys,Methods in Ecology and Evolution,Tessa A. Rhinehart,soil sampling analysis spectroscopy remote sensing machine learning geostatistics process model reproducibility,metadata_screened,pending,pending,pending,pending,,,,,
D12,10.1016/j.envsoft.2025.106335,Enhancing hydrological modeling of ungauged watersheds through machine learning and physical similarity-based regionalization of calibration parameters,Environmental Modelling &amp; Software,Arun Bawa,soil sampling analysis spectroscopy remote sensing machine learning geostatistics process model reproducibility,metadata_screened,pending,pending,pending,pending,,,,,
D12,10.1016/j.rse.2019.111521,Leveraging Google Earth Engine (GEE) and machine learning algorithms to incorporate in situ measurement from different times for rangelands monitoring,Remote Sensing of Environment,Bo Zhou,soil sampling analysis spectroscopy remote sensing machine learning geostatistics process model reproducibility,metadata_screened,pending,pending,pending,pending,,,,,
D12,10.1111/2041-210x.14292,<scp>LC‐ICP‐MS</scp> analysis of inositol phosphate isomers in soil offers improved sensitivity and fine‐scale mapping of inositol phosphate distribution,Methods in Ecology and Evolution,Joseph J. Carroll,soil sampling analysis spectroscopy remote sensing machine learning geostatistics process model reproducibility,metadata_screened,pending,pending,pending,pending,,,,,
D12,10.1016/j.rse.2025.115031,Segmenting and characterising ripple patterns on sand dunes using machine learning and 2D semi-variogram,Remote Sensing of Environment,Lucie A. Delobel,soil sampling analysis spectroscopy remote sensing machine learning geostatistics process model reproducibility,metadata_screened,pending,pending,pending,pending,,,,,
D12,10.1016/s1364-8152(02)00007-5,Simulation of soil chemistry and nutrient availability in a forested ecosystem of southern Quebec — I. Reconstruction of the time-series files of nutrient cycling using the model,Environmental Modelling &amp; Software,N BELANGER,soil sampling analysis spectroscopy remote sensing machine learning geostatistics process model reproducibility,metadata_screened,pending,pending,pending,pending,,,,,
D12,10.5194/essd-15-295-2023,Improved global sea surface height and current maps from remote sensing and in situ observations,Earth System Science Data,Maxime Ballarotta,soil sampling analysis spectroscopy remote sensing machine learning geostatistics process model reproducibility,metadata_screened,pending,pending,pending,pending,,,,,
D12,10.5194/gmd-18-2275-2025,LM4-SHARC v1.0: resolving the catchment-scale soil–hillslope aquifer–river continuum for the GFDL Earth system modeling framework,Geoscientific Model Development,Minki Hong,soil sampling analysis spectroscopy remote sensing machine learning geostatistics process model reproducibility,metadata_screened,pending,pending,pending,pending,,,,,
D12,10.1016/j.rse.2010.08.002,AMSR-E data inversion for soil temperature estimation under snow cover,Remote Sensing of Environment,Jacqueline Kohn,soil sampling analysis spectroscopy remote sensing machine learning geostatistics process model reproducibility,metadata_screened,pending,pending,pending,pending,,,,,
D12,10.5194/gmd-16-2995-2023,Testing the reconstruction of modelled particulate organic carbon from surface ecosystem components using PlankTOM12 and machine learning,Geoscientific Model Development,Anna Denvil-Sommer,soil sampling analysis spectroscopy remote sensing machine learning geostatistics process model reproducibility,metadata_screened,pending,pending,pending,pending,,,,,
D12,10.1016/j.envsoft.2013.10.017,Global sensitivity analysis of yield output from the water productivity model,Environmental Modelling &amp; Software,Eline Vanuytrecht,soil sampling analysis spectroscopy remote sensing machine learning geostatistics process model reproducibility,metadata_screened,pending,pending,pending,pending,,,,,
D12,10.1016/j.rse.2015.09.009,Comparison of passive microwave brightness temperature prediction sensitivities over snow-covered land in North America using machine learning algorithms and the Advanced Microwave Scanning Radiometer,Remote Sensing of Environment,Yuan Xue,soil sampling analysis spectroscopy remote sensing machine learning geostatistics process model reproducibility,metadata_screened,pending,pending,pending,pending,,,,,
D12,10.5194/essd-17-5113-2025,Tracking county-level cooking emissions and their drivers in China from 1990 to 2021 with ensemble machine learning,Earth System Science Data,Zeqi Li,soil sampling analysis spectroscopy remote sensing machine learning geostatistics process model reproducibility,metadata_screened,pending,pending,pending,pending,,,,,
D12,10.1016/j.rse.2018.10.024,L-band remote-sensing increases sampled levels of global soil moisture-air temperature coupling strength,Remote Sensing of Environment,Jianzhi Dong,soil sampling analysis spectroscopy remote sensing machine learning geostatistics process model reproducibility,metadata_screened,pending,pending,pending,pending,,,,,
D12,10.1016/j.rse.2017.09.017,Snow specific surface area remote sensing retrieval using a microstructure based reflectance model,Remote Sensing of Environment,Chuan Xiong,soil sampling analysis spectroscopy remote sensing machine learning geostatistics process model reproducibility,metadata_screened,pending,pending,pending,pending,,,,,
D12,10.1016/j.rse.2014.05.009,A new soil roughness parameter for the modelling of radar backscattering over bare soil,Remote Sensing of Environment,M. Zribi,soil sampling analysis spectroscopy remote sensing machine learning geostatistics process model reproducibility,metadata_screened,pending,pending,pending,pending,,,,,
D12,10.1016/j.rse.2021.112843,Extension of the Hapke model to the spectral domain to characterize soil physical properties,Remote Sensing of Environment,Anxin Ding,soil sampling analysis spectroscopy remote sensing machine learning geostatistics process model reproducibility,metadata_screened,pending,pending,pending,pending,,,,,
D12,10.5194/gmd-18-5051-2025,A dynamical process-based model for quantifying global agricultural ammonia emissions – AMmonia–CLIMate v1.0 (AMCLIM v1.0) – Part 2: Livestock farming,Geoscientific Model Development,Jize Jiang,soil sampling analysis spectroscopy remote sensing machine learning geostatistics process model reproducibility,metadata_screened,pending,pending,pending,pending,,,,,
D12,10.1111/2041-210x.13043,<scp>Remap</scp> : An online remote sensing application for land cover classification and monitoring,Methods in Ecology and Evolution,Nicholas J. Murray,soil sampling analysis spectroscopy remote sensing machine learning geostatistics process model reproducibility,metadata_screened,pending,pending,pending,pending,,,,,
D12,10.5194/gmd-16-5895-2023,Key factors for quantitative precipitation nowcasting using ground weather radar data based on deep learning,Geoscientific Model Development,Daehyeon Han,soil sampling analysis spectroscopy remote sensing machine learning geostatistics process model reproducibility,metadata_screened,pending,pending,pending,pending,,,,,
D12,10.1016/j.rse.2011.04.022,Using active learning to adapt remote sensing image classifiers,Remote Sensing of Environment,D. Tuia,soil sampling analysis spectroscopy remote sensing machine learning geostatistics process model reproducibility,metadata_screened,pending,pending,pending,pending,,,,,
D12,10.5194/essd-16-1333-2024,A global estimate of monthly vegetation and soil fractions from spatiotemporally adaptive spectral mixture analysis during 2001–2022,Earth System Science Data,Qiangqiang Sun,soil sampling analysis spectroscopy remote sensing machine learning geostatistics process model reproducibility,metadata_screened,pending,pending,pending,pending,,,,,
D12,10.1016/j.envsoft.2024.106253,Data-driven fire modeling: Learning first arrival times and model parameters with neural networks,Environmental Modelling &amp; Software,Xin Tong,soil sampling analysis spectroscopy remote sensing machine learning geostatistics process model reproducibility,metadata_screened,pending,pending,pending,pending,,,,,
D12,10.1016/j.envsoft.2017.01.027,Slopes geometric model: An automatic Pre-DInSAR analysis,Environmental Modelling &amp; Software,Paz Fernandez,soil sampling analysis spectroscopy remote sensing machine learning geostatistics process model reproducibility,metadata_screened,pending,pending,pending,pending,,,,,
D12,10.1016/j.rse.2019.05.003,Complex network-based time series remote sensing model in monitoring the fall foliage transition date for peak coloration,Remote Sensing of Environment,Chunyuan Diao,soil sampling analysis spectroscopy remote sensing machine learning geostatistics process model reproducibility,metadata_screened,pending,pending,pending,pending,,,,,
D12,10.5194/essd-17-4587-2025,A 1 km soil moisture dataset over eastern CONUS generated by assimilating SMAP data into the Noah-MP land surface model,Earth System Science Data,Sheng-Lun Tai,soil sampling analysis spectroscopy remote sensing machine learning geostatistics process model reproducibility,metadata_screened,pending,pending,pending,pending,,,,,
D12,10.5194/gmd-18-4045-2025,Computationally efficient subglacial drainage modelling using Gaussian process emulators: GlaDS-GP v1.0,Geoscientific Model Development,Tim Hill,soil sampling analysis spectroscopy remote sensing machine learning geostatistics process model reproducibility,metadata_screened,pending,pending,pending,pending,,,,,
D12,10.5194/essd-14-1377-2022,TimeSpec4LULC: a global multispectral time series database for training LULC mapping models with machine learning,Earth System Science Data,Rohaifa Khaldi,soil sampling analysis spectroscopy remote sensing machine learning geostatistics process model reproducibility,metadata_screened,pending,pending,pending,pending,,,,,
D12,10.1016/j.envsoft.2023.105781,Towards a monitoring system of the sea state based on microseism and machine learning,Environmental Modelling &amp; Software,Vittorio Minio,soil sampling analysis spectroscopy remote sensing machine learning geostatistics process model reproducibility,metadata_screened,pending,pending,pending,pending,,,,,
D12,10.1016/j.envsoft.2025.106438,A machine learning model integrating spatiotemporal attention and residual learning for predicting periodic air pollutant concentrations,Environmental Modelling &amp; Software,Farun An,soil sampling analysis spectroscopy remote sensing machine learning geostatistics process model reproducibility,metadata_screened,pending,pending,pending,pending,,,,,
D12,10.1016/j.rse.2011.04.001,Characterizing forest canopy structure with lidar composite metrics and machine learning,Remote Sensing of Environment,Kaiguang Zhao,soil sampling analysis spectroscopy remote sensing machine learning geostatistics process model reproducibility,metadata_screened,pending,pending,pending,pending,,,,,
D12,10.1016/j.envsoft.2012.10.007,Autocalibration experiments using machine learning and high performance computing,Environmental Modelling &amp; Software,M. Sloboda,soil sampling analysis spectroscopy remote sensing machine learning geostatistics process model reproducibility,metadata_screened,pending,pending,pending,pending,,,,,
D12,10.1016/j.rse.2020.112222,Assimilation of SMAP and ASCAT soil moisture retrievals into the JULES land surface model using the Local Ensemble Transform Kalman Filter,Remote Sensing of Environment,Eunkyo Seo,soil sampling analysis spectroscopy remote sensing machine learning geostatistics process model reproducibility,metadata_screened,pending,pending,pending,pending,,,,,
D12,10.1016/j.rse.2013.04.012,Relating satellite gravimetry data to global soil moisture products via data harmonization and correlation analysis,Remote Sensing of Environment,Sarah Abelen,soil sampling analysis spectroscopy remote sensing machine learning geostatistics process model reproducibility,metadata_screened,pending,pending,pending,pending,,,,,
D12,10.1016/j.envsoft.2024.106313,Machine learning-based prediction of belowground biomass from aboveground biomass and soil properties,Environmental Modelling &amp; Software,Yuquan Zhao,soil sampling analysis spectroscopy remote sensing machine learning geostatistics process model reproducibility,metadata_screened,pending,pending,pending,pending,,,,,
D12,10.1111/2041-210x.14355,Adaptive sampling by citizen scientists improves species distribution model performance: A simulation study,Methods in Ecology and Evolution,Thomas Mondain‐Monval,soil sampling analysis spectroscopy remote sensing machine learning geostatistics process model reproducibility,metadata_screened,pending,pending,pending,pending,,,,,
D12,10.1016/j.envsoft.2019.02.002,Integrated sediment transport process modeling by coupling Soil and Water Assessment Tool and Environmental Fluid Dynamics Code,Environmental Modelling &amp; Software,Satbyeol Shin,soil sampling analysis spectroscopy remote sensing machine learning geostatistics process model reproducibility,metadata_screened,pending,pending,pending,pending,,,,,
D12,10.5194/gmd-18-1661-2025,FootNet v1.0: development of a machine learning emulator of atmospheric transport,Geoscientific Model Development,Tai-Long He,soil sampling analysis spectroscopy remote sensing machine learning geostatistics process model reproducibility,metadata_screened,pending,pending,pending,pending,,,,,
D12,10.5194/gmd-13-4977-2020,A multi-isotope model for simulating soil organic carbon cycling in eroding landscapes (WATEM_C v1.0),Geoscientific Model Development,Zhengang Wang,soil sampling analysis spectroscopy remote sensing machine learning geostatistics process model reproducibility,metadata_screened,pending,pending,pending,pending,,,,,
D12,10.1016/j.rse.2024.114560,Coupled hydrologic-electromagnetic framework to model permafrost active layer organic soil dielectric properties,Remote Sensing of Environment,Kazem Bakian-Dogaheh,soil sampling analysis spectroscopy remote sensing machine learning geostatistics process model reproducibility,metadata_screened,pending,pending,pending,pending,,,,,
D12,10.1016/j.rse.2022.113332,"Optimizing WorldView-2, -3 cloud masking using machine learning approaches",Remote Sensing of Environment,J.A. Caraballo-Vega,soil sampling analysis spectroscopy remote sensing machine learning geostatistics process model reproducibility,metadata_screened,pending,pending,pending,pending,,,,,
D12,10.1016/j.envsoft.2025.106454,RIce-Net: Integrating ground-based cameras and machine learning for automated river ice detection,Environmental Modelling &amp; Software,Mahmoud Ayyad,soil sampling analysis spectroscopy remote sensing machine learning geostatistics process model reproducibility,metadata_screened,pending,pending,pending,pending,,,,,
D12,10.1016/j.rse.2024.114367,SegmentAnyTree: A sensor and platform agnostic deep learning model for tree segmentation using laser scanning data,Remote Sensing of Environment,Maciej Wielgosz,soil sampling analysis spectroscopy remote sensing machine learning geostatistics process model reproducibility,metadata_screened,pending,pending,pending,pending,,,,,
D12,10.1016/j.rse.2011.11.020,A comparison of pixel-based and object-based image analysis with selected machine learning algorithms for the classification of agricultural landscapes using SPOT-5 HRG imagery,Remote Sensing of Environment,Dennis C. Duro,soil sampling analysis spectroscopy remote sensing machine learning geostatistics process model reproducibility,metadata_screened,pending,pending,pending,pending,,,,,
D12,10.1016/j.envsoft.2025.106460,Automatic detection of in-stream river wood from random forest machine learning and exogenous indices using very high-resolution aerial imagery,Environmental Modelling &amp; Software,Gauthier Grimmer,soil sampling analysis spectroscopy remote sensing machine learning geostatistics process model reproducibility,metadata_screened,pending,pending,pending,pending,,,,,
D12,10.1111/2041-210x.70079,Model‐based ordination for phenological studies: From controlling sampling bias to inferring temporal associations,Methods in Ecology and Evolution,Hao Ran Lai,soil sampling analysis spectroscopy remote sensing machine learning geostatistics process model reproducibility,metadata_screened,pending,pending,pending,pending,,,,,
D12,10.1016/j.rse.2021.112552,Soil moisture content estimate with drying process segmentation using shortwave infrared bands,Remote Sensing of Environment,Jia Tian,soil sampling analysis spectroscopy remote sensing machine learning geostatistics process model reproducibility,metadata_screened,pending,pending,pending,pending,,,,,
D12,10.1016/j.rse.2022.112980,Global sea surface salinity via the synergistic use of SMAP satellite and HYCOM data based on machine learning,Remote Sensing of Environment,Eunna Jang,soil sampling analysis spectroscopy remote sensing machine learning geostatistics process model reproducibility,metadata_screened,pending,pending,pending,pending,,,,,
D12,10.5194/gmd-18-287-2025,Systematic underestimation of type-specific ecosystem process variability in the Community Land Model v5 over Europe,Geoscientific Model Development,Christian Poppe Terán,soil sampling analysis spectroscopy remote sensing machine learning geostatistics process model reproducibility,metadata_screened,pending,pending,pending,pending,,,,,
D12,10.1111/2041-210x.12426,Low‐cost soil <scp>CO</scp><sub>2</sub> efflux and point concentration sensing systems for terrestrial ecology applications,Methods in Ecology and Evolution,Thomas C. Harmon,soil sampling analysis spectroscopy remote sensing machine learning geostatistics process model reproducibility,metadata_screened,pending,pending,pending,pending,,,,,
D12,10.1016/j.envsoft.2024.106119,"Climate change impacts on crop yields: A review of empirical findings, statistical crop models, and machine learning methods",Environmental Modelling &amp; Software,Tongxi Hu,soil sampling analysis spectroscopy remote sensing machine learning geostatistics process model reproducibility,metadata_screened,pending,pending,pending,pending,,,,,
D12,10.1016/j.envsoft.2011.05.009,Soil carbon model Yasso07 graphical user interface,Environmental Modelling &amp; Software,M. Tuomi,soil sampling analysis spectroscopy remote sensing machine learning geostatistics process model reproducibility,metadata_screened,pending,pending,pending,pending,,,,,
D12,10.5194/gmd-3-653-2010,A nonlinear multi-proxy model based on manifold learning to reconstruct water temperature from high resolution trace element profiles in biogenic carbonates,Geoscientific Model Development,M. Bauwens,soil sampling analysis spectroscopy remote sensing machine learning geostatistics process model reproducibility,metadata_screened,pending,pending,pending,pending,,,,,
D12,10.5194/gmd-11-4269-2018,A representation of the collisional ice break-up process in the two-moment microphysics LIMA v1.0 scheme of Meso-NH,Geoscientific Model Development,Thomas Hoarau,soil sampling analysis spectroscopy remote sensing machine learning geostatistics process model reproducibility,metadata_screened,pending,pending,pending,pending,,,,,
D12,10.5194/essd-14-3273-2022,GPRChinaTemp1km: a high-resolution monthly air temperature data set for China (1951–2020) based on machine learning,Earth System Science Data,Qian He,soil sampling analysis spectroscopy remote sensing machine learning geostatistics process model reproducibility,metadata_screened,pending,pending,pending,pending,,,,,
D12,10.1016/j.rse.2013.10.030,Accounting for the area of polygon sampling units for the prediction of primary accuracy assessment indices,Remote Sensing of Environment,Julien Radoux,soil sampling analysis spectroscopy remote sensing machine learning geostatistics process model reproducibility,metadata_screened,pending,pending,pending,pending,,,,,
D12,10.5194/gmd-16-1661-2023,Validation of a new spatially explicit process-based model (HETEROFOR) to simulate structurally and compositionally complex forest stands in eastern North America,Geoscientific Model Development,Arthur Guignabert,soil sampling analysis spectroscopy remote sensing machine learning geostatistics process model reproducibility,metadata_screened,pending,pending,pending,pending,,,,,
D12,10.1016/j.rse.2021.112802,Improving surface soil moisture retrievals through a novel assimilation algorithm to estimate both model and observation errors,Remote Sensing of Environment,Jiaxin Tian,soil sampling analysis spectroscopy remote sensing machine learning geostatistics process model reproducibility,metadata_screened,pending,pending,pending,pending,,,,,
D12,10.1016/j.rse.2026.115349,A concise real-time identification method of maize phenological period based on remote sensing time information and segmented machine learning algorithm,Remote Sensing of Environment,Bingxue Zhu,soil sampling analysis spectroscopy remote sensing machine learning geostatistics process model reproducibility,metadata_screened,pending,pending,pending,pending,,,,,
D12,10.5194/gmd-18-337-2025,"Remote-sensing-based forest canopy height mapping: some models are useful, but might they provide us with even more insights when combined?",Geoscientific Model Development,Nikola Besic,soil sampling analysis spectroscopy remote sensing machine learning geostatistics process model reproducibility,metadata_screened,pending,pending,pending,pending,,,,,
D12,10.1016/j.envsoft.2025.106689,rOPTRAM: An R package for satellite-derived soil moisture in rangelands using the OPTRAM model,Environmental Modelling &amp; Software,Micha Silver,soil sampling analysis spectroscopy remote sensing machine learning geostatistics process model reproducibility,metadata_screened,pending,pending,pending,pending,,,,,
D12,10.5194/gmd-15-7791-2022,Development of a regional feature selection-based machine learning system (RFSML v1.0) for air pollution forecasting over China,Geoscientific Model Development,Li Fang,soil sampling analysis spectroscopy remote sensing machine learning geostatistics process model reproducibility,metadata_screened,pending,pending,pending,pending,,,,,
D12,10.1016/j.rse.2018.12.023,Improving ocean color data coverage through machine learning,Remote Sensing of Environment,Shuangling Chen,soil sampling analysis spectroscopy remote sensing machine learning geostatistics process model reproducibility,metadata_screened,pending,pending,pending,pending,,,,,
D12,10.5194/gmd-13-3439-2020,Efficient multi-scale Gaussian process regression for massive remote sensing data with satGP v0.1.2,Geoscientific Model Development,Jouni Susiluoto,soil sampling analysis spectroscopy remote sensing machine learning geostatistics process model reproducibility,metadata_screened,pending,pending,pending,pending,,,,,
D12,10.1016/j.envsoft.2024.106133,A probabilistic approach to training machine learning models using noisy data,Environmental Modelling &amp; Software,Ayman H. Alzraiee,soil sampling analysis spectroscopy remote sensing machine learning geostatistics process model reproducibility,metadata_screened,pending,pending,pending,pending,,,,,
D12,10.1016/j.rse.2018.02.068,Using negative soil adjustment factor in soil-adjusted vegetation index (SAVI) for aboveground living biomass estimation in arid grasslands,Remote Sensing of Environment,Hongrui Ren,soil sampling analysis spectroscopy remote sensing machine learning geostatistics process model reproducibility,metadata_screened,pending,pending,pending,pending,,,,,
D12,10.5194/gmd-17-4017-2024,Efficient and stable coupling of the SuperdropNet deep-learning-based cloud microphysics (v0.1.0) with the ICON climate and weather model (v2.6.5),Geoscientific Model Development,Caroline Arnold,soil sampling analysis spectroscopy remote sensing machine learning geostatistics process model reproducibility,metadata_screened,pending,pending,pending,pending,,,,,
D12,10.1016/j.rse.2026.115232,A transformer-based multi-task deep learning model for urban livability evaluation by fusing remote sensing and textual geospatial data,Remote Sensing of Environment,Wen Zhou,soil sampling analysis spectroscopy remote sensing machine learning geostatistics process model reproducibility,metadata_screened,pending,pending,pending,pending,,,,,
D12,10.1016/j.rse.2010.06.009,ASCAT soil wetness index validation through in situ and modeled soil moisture data in central Italy,Remote Sensing of Environment,L. Brocca,soil sampling analysis spectroscopy remote sensing machine learning geostatistics process model reproducibility,metadata_screened,pending,pending,pending,pending,,,,,
D12,10.5194/essd-15-2055-2023,Generation of global 1 km daily soil moisture product from 2000 to 2020 using ensemble learning,Earth System Science Data,Yufang Zhang,soil sampling analysis spectroscopy remote sensing machine learning geostatistics process model reproducibility,metadata_screened,pending,pending,pending,pending,,,,,
D12,10.1016/j.envsoft.2020.104701,Model-based dense air pollution maps from sparse sensing in multi-source scenarios,Environmental Modelling &amp; Software,Asaf Nebenzal,soil sampling analysis spectroscopy remote sensing machine learning geostatistics process model reproducibility,metadata_screened,pending,pending,pending,pending,,,,,
D12,10.1016/j.rse.2018.10.026,Inter-comparison of satellite-retrieved and Global Land Data Assimilation System-simulated soil moisture datasets for global drought analysis,Remote Sensing of Environment,Yongwei Liu,soil sampling analysis spectroscopy remote sensing machine learning geostatistics process model reproducibility,metadata_screened,pending,pending,pending,pending,,,,,
D12,10.1016/j.rse.2006.01.007,Theoretical analysis of a remotely measurable soil evaporation transfer coefficient,Remote Sensing of Environment,Guo Yu Qiu,soil sampling analysis spectroscopy remote sensing machine learning geostatistics process model reproducibility,metadata_screened,pending,pending,pending,pending,,,,,
D12,10.1016/j.envsoft.2025.106592,Testing machine learning algorithms as post-processing tools for hydro-meteorological modelling over a small river basin,Environmental Modelling &amp; Software,Chengjing Xu,soil sampling analysis spectroscopy remote sensing machine learning geostatistics process model reproducibility,metadata_screened,pending,pending,pending,pending,,,,,
D12,10.5194/gmd-13-139-2020,Machine dependence and reproducibility for coupled climate simulations: the HadGEM3-GC3.1 CMIP Preindustrial simulation,Geoscientific Model Development,Maria-Vittoria Guarino,soil sampling analysis spectroscopy remote sensing machine learning geostatistics process model reproducibility,metadata_screened,pending,pending,pending,pending,,,,,
D12,10.5194/gmd-17-5349-2024,Modelling boreal forest's mineral soil and peat C dynamics with the Yasso07 model coupled with the Ricker moisture modifier,Geoscientific Model Development,Boris Ťupek,soil sampling analysis spectroscopy remote sensing machine learning geostatistics process model reproducibility,metadata_screened,pending,pending,pending,pending,,,,,
D12,10.1016/j.envsoft.2011.10.008,Sensitivity of crop model predictions to entire meteorological and soil input datasets highlights vulnerability to drought,Environmental Modelling &amp; Software,Mark Pogson,soil sampling analysis spectroscopy remote sensing machine learning geostatistics process model reproducibility,metadata_screened,pending,pending,pending,pending,,,,,
D12,10.5194/gmd-8-845-2015,Study of the Jacobian of an extended Kalman filter for soil analysis in SURFEXv5,Geoscientific Model Development,A. Duerinckx,soil sampling analysis spectroscopy remote sensing machine learning geostatistics process model reproducibility,metadata_screened,pending,pending,pending,pending,,,,,
D12,10.5194/gmd-17-4689-2024,Multivariate adjustment of drizzle bias using machine learning in European climate projections,Geoscientific Model Development,Georgia Lazoglou,soil sampling analysis spectroscopy remote sensing machine learning geostatistics process model reproducibility,metadata_screened,pending,pending,pending,pending,,,,,
D12,10.1016/j.rse.2022.113284,Assessing a soil-removed semi-empirical model for estimating leaf chlorophyll content,Remote Sensing of Environment,Dong Li,soil sampling analysis spectroscopy remote sensing machine learning geostatistics process model reproducibility,metadata_screened,pending,pending,pending,pending,,,,,
D12,10.1016/j.rse.2022.112985,Development of the GLASS 250-m leaf area index product (version 6) from MODIS data using the bidirectional LSTM deep learning model,Remote Sensing of Environment,Han Ma,soil sampling analysis spectroscopy remote sensing machine learning geostatistics process model reproducibility,metadata_screened,pending,pending,pending,pending,,,,,
D12,10.1016/j.rse.2020.112033,Automated detection of rock glaciers using deep learning and object-based image analysis,Remote Sensing of Environment,Benjamin Aubrey Robson,soil sampling analysis spectroscopy remote sensing machine learning geostatistics process model reproducibility,metadata_screened,pending,pending,pending,pending,,,,,
D12,10.5194/gmd-16-4677-2023,IceTFT v1.0.0: interpretable long-term prediction of Arctic sea ice extent with deep learning,Geoscientific Model Development,Bin Mu,soil sampling analysis spectroscopy remote sensing machine learning geostatistics process model reproducibility,metadata_screened,pending,pending,pending,pending,,,,,
D12,10.1111/2041-210x.70255,"The making of novel ecosystems: A process‐based framework for measurement, analysis and application",Methods in Ecology and Evolution,Matthew R. Kerr,soil sampling analysis spectroscopy remote sensing machine learning geostatistics process model reproducibility,metadata_screened,pending,pending,pending,pending,,,,,
D12,10.1111/2041-210x.14061,Machine learning and deep learning—A review for ecologists,Methods in Ecology and Evolution,Maximilian Pichler,soil sampling analysis spectroscopy remote sensing machine learning geostatistics process model reproducibility,metadata_screened,pending,pending,pending,pending,,,,,
D12,10.5194/gmd-9-413-2016,A flexible importance sampling method for integrating subgrid processes,Geoscientific Model Development,E. K. Raut,soil sampling analysis spectroscopy remote sensing machine learning geostatistics process model reproducibility,metadata_screened,pending,pending,pending,pending,,,,,
D12,10.5194/gmd-10-843-2017,The interactions between soil–biosphere–atmosphere land surface model with a multi-energy balance (ISBA-MEB) option in SURFEXv8 – Part 1: Model description,Geoscientific Model Development,Aaron Boone,soil sampling analysis spectroscopy remote sensing machine learning geostatistics process model reproducibility,metadata_screened,pending,pending,pending,pending,,,,,
D12,10.1016/j.envsoft.2005.04.005,Simulation of soil erosion and nutrient impact using an integrated system dynamics model in a watershed in Taiwan,Environmental Modelling &amp; Software,Shin-Cheng Yeh,soil sampling analysis spectroscopy remote sensing machine learning geostatistics process model reproducibility,metadata_screened,pending,pending,pending,pending,,,,,
D12,10.1111/2041-210x.13474,r3PG – An <scp>r</scp> package for simulating forest growth using the 3‐PG process‐based model,Methods in Ecology and Evolution,Volodymyr Trotsiuk,soil sampling analysis spectroscopy remote sensing machine learning geostatistics process model reproducibility,metadata_screened,pending,pending,pending,pending,,,,,
D12,10.1016/j.envsoft.2023.105772,Event-based decision support algorithm for real-time flood forecasting in urban drainage systems using machine learning modelling,Environmental Modelling &amp; Software,Farzad Piadeh,soil sampling analysis spectroscopy remote sensing machine learning geostatistics process model reproducibility,metadata_screened,pending,pending,pending,pending,,,,,
D12,10.1016/j.envsoft.2023.105705,SWAT-3PG: Improving forest growth simulation with a process-based forest model in SWAT,Environmental Modelling &amp; Software,R. Karki,soil sampling analysis spectroscopy remote sensing machine learning geostatistics process model reproducibility,metadata_screened,pending,pending,pending,pending,,,,,
D12,10.1016/j.envsoft.2008.05.008,Optimal sampling for the estimation of dispersion parameters in soil columns using an Iterative Genetic Algorithm,Environmental Modelling &amp; Software,Federico Catania,soil sampling analysis spectroscopy remote sensing machine learning geostatistics process model reproducibility,metadata_screened,pending,pending,pending,pending,,,,,
D12,10.5194/gmd-19-731-2026,Direct assimilation of ground-based microwave radiometer observations with machine learning bias correction based on developments of RTTOV-gb v1.0 and WRFDA v4.5,Geoscientific Model Development,Qing Zheng,soil sampling analysis spectroscopy remote sensing machine learning geostatistics process model reproducibility,metadata_screened,pending,pending,pending,pending,,,,,
D12,10.5194/gmd-15-1219-2022,A new methodological framework for geophysical sensor combinations associated with machine learning algorithms to understand soil attributes,Geoscientific Model Development,Danilo César de Mello,soil sampling analysis spectroscopy remote sensing machine learning geostatistics process model reproducibility,metadata_screened,pending,pending,pending,pending,,,,,
D12,10.5194/gmd-18-7707-2025,Soil parameterization in land surface models drives large discrepancies in soil moisture predictions across hydrologically complex regions of the contiguous United States,Geoscientific Model Development,Kachinga Silwimba,soil sampling analysis spectroscopy remote sensing machine learning geostatistics process model reproducibility,metadata_screened,pending,pending,pending,pending,,,,,
D12,10.1016/j.envsoft.2025.106459,A post-processing machine learning framework for bias-correcting National Water Model outputs by accounting for dominant streamflow drivers,Environmental Modelling &amp; Software,Savalan Naser Neisary,soil sampling analysis spectroscopy remote sensing machine learning geostatistics process model reproducibility,metadata_screened,pending,pending,pending,pending,,,,,
D12,10.1016/j.rse.2014.07.022,Two-stream remote sensing model for water quality mapping: 2SeaColor,Remote Sensing of Environment,Mhd. Suhyb Salama,soil sampling analysis spectroscopy remote sensing machine learning geostatistics process model reproducibility,metadata_screened,pending,pending,pending,pending,,,,,
D12,10.1016/j.envsoft.2010.09.004,A package of parameter estimation methods and implementation for the STICS crop-soil model,Environmental Modelling &amp; Software,D. Wallach,soil sampling analysis spectroscopy remote sensing machine learning geostatistics process model reproducibility,metadata_screened,pending,pending,pending,pending,,,,,
D12,10.1016/j.rse.2025.114746,Soil and vegetation cover estimation for global imaging spectroscopy using spectral mixture analysis,Remote Sensing of Environment,Francisco Ochoa,soil sampling analysis spectroscopy remote sensing machine learning geostatistics process model reproducibility,metadata_screened,pending,pending,pending,pending,,,,,
D12,10.1016/j.rse.2013.03.002,Exploring spatiotemporal patterns of phosphorus concentrations in a coastal bay with MODIS images and machine learning models,Remote Sensing of Environment,Ni-Bin Chang,soil sampling analysis spectroscopy remote sensing machine learning geostatistics process model reproducibility,metadata_screened,pending,pending,pending,pending,,,,,
D12,10.1016/j.rse.2021.112631,Satellite remote sensing of pelagic Sargassum macroalgae: The power of high resolution and deep learning,Remote Sensing of Environment,Mengqiu Wang,soil sampling analysis spectroscopy remote sensing machine learning geostatistics process model reproducibility,metadata_screened,pending,pending,pending,pending,,,,,
D12,10.1016/j.rse.2025.115040,Synergizing machine learning and interpolation methods: A Stacking framework for global-scale satellite soil moisture gap filling,Remote Sensing of Environment,Jiaming Rong,soil sampling analysis spectroscopy remote sensing machine learning geostatistics process model reproducibility,metadata_screened,pending,pending,pending,pending,,,,,
D12,10.1016/j.envsoft.2008.03.003,"Parameterization of a process-based tree-growth model: Comparison of optimization, MCMC and Particle Filtering algorithms",Environmental Modelling &amp; Software,C. Gaucherel,soil sampling analysis spectroscopy remote sensing machine learning geostatistics process model reproducibility,metadata_screened,pending,pending,pending,pending,,,,,
D12,10.5194/essd-18-2951-2026,A historical nutrient dataset (1895–2024) for the North Pacific: reconstructed from machine learning and hydrographic observations,Earth System Science Data,Chuanjun Du,soil sampling analysis spectroscopy remote sensing machine learning geostatistics process model reproducibility,metadata_screened,pending,pending,pending,pending,,,,,
D12,10.1016/j.envsoft.2025.106629,A novel salient object detection network for burned area segmentation in high-resolution remote sensing images,Environmental Modelling &amp; Software,Yuxiang Fu,soil sampling analysis spectroscopy remote sensing machine learning geostatistics process model reproducibility,metadata_screened,pending,pending,pending,pending,,,,,
D12,10.1016/j.rse.2019.111382,Assimilating optical satellite remote sensing images and field data to predict surface indicators in the Western U.S.: Assessing error in satellite predictions based on large geographical datasets with the use of machine learning,Remote Sensing of Environment,Junzhe Zhang,soil sampling analysis spectroscopy remote sensing machine learning geostatistics process model reproducibility,metadata_screened,pending,pending,pending,pending,,,,,
D12,10.5194/essd-15-681-2023,"<i>TreeSatAI Benchmark Archive</i> : a multi-sensor, multi-label dataset for tree species classification in remote sensing",Earth System Science Data,Steve Ahlswede,soil sampling analysis spectroscopy remote sensing machine learning geostatistics process model reproducibility,metadata_screened,pending,pending,pending,pending,,,,,
D12,10.5194/gmd-11-83-2018,Bayesian integration of flux tower data into a process-based simulator for quantifying uncertainty in simulated output,Geoscientific Model Development,Rahul Raj,soil sampling analysis spectroscopy remote sensing machine learning geostatistics process model reproducibility,metadata_screened,pending,pending,pending,pending,,,,,
D12,10.1016/j.envsoft.2018.01.001,What can we learn from multi-data calibration of a process-based ecohydrological model?,Environmental Modelling &amp; Software,Sylvain Kuppel,soil sampling analysis spectroscopy remote sensing machine learning geostatistics process model reproducibility,metadata_screened,pending,pending,pending,pending,,,,,
D12,10.5194/essd-16-3001-2024,"Characterizing clouds with the CCClim dataset, a machine learning cloud class climatology",Earth System Science Data,Arndt Kaps,soil sampling analysis spectroscopy remote sensing machine learning geostatistics process model reproducibility,metadata_screened,pending,pending,pending,pending,,,,,
D12,10.1016/j.envsoft.2024.106085,PASS4SWAT: Orchestration of containerized SWAT for facilitating computational reproducibility of model calibration and uncertainty analysis,Environmental Modelling &amp; Software,Qiaoying Lin,soil sampling analysis spectroscopy remote sensing machine learning geostatistics process model reproducibility,metadata_screened,pending,pending,pending,pending,,,,,
D12,10.5194/gmd-17-1133-2024,Functional analysis of variance (ANOVA) for carbon flux estimates from remote sensing data,Geoscientific Model Development,Jonathan Hobbs,soil sampling analysis spectroscopy remote sensing machine learning geostatistics process model reproducibility,metadata_screened,pending,pending,pending,pending,,,,,
D12,10.1111/2041-210x.14186,A Double machine learning trend model for citizen science data,Methods in Ecology and Evolution,Daniel Fink,soil sampling analysis spectroscopy remote sensing machine learning geostatistics process model reproducibility,metadata_screened,pending,pending,pending,pending,,,,,
D12,10.1111/2041-210x.70167,<scp>GLOSSA</scp> : A user‐friendly R Shiny application for Bayesian machine learning analysis of marine species distribution,Methods in Ecology and Evolution,Jorge Mestre‐Tomás,soil sampling analysis spectroscopy remote sensing machine learning geostatistics process model reproducibility,metadata_screened,pending,pending,pending,pending,,,,,
D12,10.1016/j.envsoft.2022.105536,Comparative study of term-weighting schemes for environmental big data using machine learning,Environmental Modelling &amp; Software,JungJin Kim,soil sampling analysis spectroscopy remote sensing machine learning geostatistics process model reproducibility,metadata_screened,pending,pending,pending,pending,,,,,
D12,10.1016/j.envsoft.2016.08.017,A python framework for environmental model uncertainty analysis,Environmental Modelling &amp; Software,Jeremy T. White,soil sampling analysis spectroscopy remote sensing machine learning geostatistics process model reproducibility,metadata_screened,pending,pending,pending,pending,,,,,
D12,10.1016/j.envsoft.2012.02.004,A multi-model comparison of soil carbon assessment of a coniferous forest stand,Environmental Modelling &amp; Software,Taru Palosuo,soil sampling analysis spectroscopy remote sensing machine learning geostatistics process model reproducibility,metadata_screened,pending,pending,pending,pending,,,,,
D12,10.5194/essd-15-5427-2023,Low-level mixed-phase clouds at the high Arctic site of Ny-Ålesund: a comprehensive long-term dataset of remote sensing observations,Earth System Science Data,Giovanni Chellini,soil sampling analysis spectroscopy remote sensing machine learning geostatistics process model reproducibility,metadata_screened,pending,pending,pending,pending,,,,,
D12,10.1016/j.envsoft.2007.11.005,A field scale model of soil drainage and nitrate leaching for application in nitrate vulnerable zones,Environmental Modelling &amp; Software,Richard Gooday,soil sampling analysis spectroscopy remote sensing machine learning geostatistics process model reproducibility,metadata_screened,pending,pending,pending,pending,,,,,
D12,10.5194/gmd-14-6605-2021,Comparing an exponential respiration model to alternative models for soil respiration components in a Canadian wildfire chronosequence (FireResp v1.0),Geoscientific Model Development,John Zobitz,soil sampling analysis spectroscopy remote sensing machine learning geostatistics process model reproducibility,metadata_screened,pending,pending,pending,pending,,,,,
D12,10.1016/j.envsoft.2016.10.010,Variance-based sensitivity analysis of a wind risk model - Model behaviour and lessons for forest modelling,Environmental Modelling &amp; Software,Tommaso Locatelli,soil sampling analysis spectroscopy remote sensing machine learning geostatistics process model reproducibility,metadata_screened,pending,pending,pending,pending,,,,,
D12,10.1016/j.rse.2015.09.022,Effects of soil moisture content on reflectance anisotropy — Laboratory goniometer measurements and RPV model inversions,Remote Sensing of Environment,P.P.J. Roosjen,soil sampling analysis spectroscopy remote sensing machine learning geostatistics process model reproducibility,metadata_screened,pending,pending,pending,pending,,,,,
D12,10.1111/j.2041-210x.2011.00114.x,Model‐aided learning for adaptive management of natural resources: an evolutionary design perspective,Methods in Ecology and Evolution,Jeroen C. J. Groot,soil sampling analysis spectroscopy remote sensing machine learning geostatistics process model reproducibility,metadata_screened,pending,pending,pending,pending,,,,,
D12,10.5194/gmd-11-3481-2018,The Variable Infiltration Capacity model version 5 (VIC-5): infrastructure improvements for new applications and reproducibility,Geoscientific Model Development,Joseph J. Hamman,soil sampling analysis spectroscopy remote sensing machine learning geostatistics process model reproducibility,metadata_screened,pending,pending,pending,pending,,,,,
D13,10.1016/j.enggeo.2021.106496,Influence of pore fluid-soil structure interactions on compacted lime-treated silty soil,Engineering Geology,Geetanjali Das,soil geotechnical environmental engineering human health risk food safety toxicology policy economics standard,metadata_screened,pending,pending,pending,pending,,,,,
D13,10.1111/j.1539-6924.2010.01532.x,Framework for Microbial Food‐Safety Risk Assessments Amenable to Bayesian Modeling,Risk Analysis,Michael S. Williams,soil geotechnical environmental engineering human health risk food safety toxicology policy economics standard,metadata_screened,pending,pending,pending,pending,,,,,
D13,10.1021/acs.est.5c11221,"Mapping Legacy and Emerging PFAS in China’s Staple Crop Farmlands: Occurrence, Source Tracing, and Risk Prioritization from Paired Soil–Crops",Environmental Science &amp; Technology,Xiaomin Li,soil geotechnical environmental engineering human health risk food safety toxicology policy economics standard,metadata_screened,pending,pending,pending,pending,,,,,
D13,10.1016/j.enggeo.2012.10.008,Unsaturated soil mechanics in rainfall-induced flow landslides,Engineering Geology,Giuseppe Sorbino,soil geotechnical environmental engineering human health risk food safety toxicology policy economics standard,metadata_screened,pending,pending,pending,pending,,,,,
D13,10.1016/j.foodchem.2023.137658,Assessment of phthalate esters in packaged fruit juices sold in the Turkish market and their implications on human health risk,Food Chemistry,Gursel Isci,soil geotechnical environmental engineering human health risk food safety toxicology policy economics standard,metadata_screened,pending,pending,pending,pending,,,,,
D13,10.1016/j.envint.2005.05.030,"Soil As contamination and its risk assessment in areas near the industrial districts of Chenzhou City, Southern China",Environment International,Xiao-Yong Liao,soil geotechnical environmental engineering human health risk food safety toxicology policy economics standard,metadata_screened,pending,pending,pending,pending,,,,,
D13,10.1016/j.enggeo.2013.12.006,"Field and laboratory investigation on geotechnical properties of sewage sludge disposed in a pit at Changan landfill, Chengdu, China",Engineering Geology,Tony Liangtong Zhan,soil geotechnical environmental engineering human health risk food safety toxicology policy economics standard,metadata_screened,pending,pending,pending,pending,,,,,
D13,10.1111/1539-6924.00263,Assessing Human Health Response in Life Cycle Assessment Using ED<sub>10</sub>s and DALYs: Part 2—Noncancer Effects,Risk Analysis,David Pennington,soil geotechnical environmental engineering human health risk food safety toxicology policy economics standard,metadata_screened,pending,pending,pending,pending,,,,,
D13,10.1016/j.foodchem.2008.11.074,Determination of patulin in apple and quince products by GC–MS using 13C5–7 patulin as internal standard,Food Chemistry,S.C. Cunha,soil geotechnical environmental engineering human health risk food safety toxicology policy economics standard,metadata_screened,pending,pending,pending,pending,,,,,
D13,10.1016/j.enggeo.2019.105206,Geophysical and geotechnical methods for fluvial levee investigation: A review,Engineering Geology,Théo Dezert,soil geotechnical environmental engineering human health risk food safety toxicology policy economics standard,metadata_screened,pending,pending,pending,pending,,,,,
D13,10.1111/j.0272-4332.2004.00561.x,Framework for Evaluation of Physiologically‐Based Pharmacokinetic Models for Use in Safety or Risk Assessment,Risk Analysis,Leona H. Clark,soil geotechnical environmental engineering human health risk food safety toxicology policy economics standard,metadata_screened,pending,pending,pending,pending,,,,,
D13,10.1111/j.1539-6924.2010.01514.x,"CWD Prevalence, Perceived Human Health Risks, and State Influences on Deer Hunting Participation",Risk Analysis,Jerry J. Vaske,soil geotechnical environmental engineering human health risk food safety toxicology policy economics standard,metadata_screened,pending,pending,pending,pending,,,,,
D13,10.1016/j.envint.2010.05.006,Accumulation of background levels of persistent organochlorine and organobromine pollutants through the soil–earthworm–hedgehog food chain,Environment International,Frouke Vermeulen,soil geotechnical environmental engineering human health risk food safety toxicology policy economics standard,metadata_screened,pending,pending,pending,pending,,,,,
D13,10.1016/j.enggeo.2005.06.008,Hydromechanical behaviour of a compacted swelling soil over a wide suction range,Engineering Geology,Olivier Cuisinier,soil geotechnical environmental engineering human health risk food safety toxicology policy economics standard,metadata_screened,pending,pending,pending,pending,,,,,
D13,10.1021/acs.est.4c11832,"Small-Sample Learning for Next-Generation Human Health Risk Assessment: Harnessing AI, Exposome Data, and Systems Biology","Environmental Science &amp;
Technology",Tianxiang Wu,soil geotechnical environmental engineering human health risk food safety toxicology policy economics standard,metadata_screened,pending,pending,pending,pending,,,,,
D13,10.1016/j.foodchem.2019.125123,Pesticide and trace element residues in honey and beeswax combs from Israel in association with human risk assessment and honey adulteration,Food Chemistry,Vijayakumar Bommuraj,soil geotechnical environmental engineering human health risk food safety toxicology policy economics standard,metadata_screened,pending,pending,pending,pending,,,,,
D13,10.1016/j.enggeo.2016.02.016,Relationship between soil structure and water retention properties in a residual compacted soil,Engineering Geology,Ivan Fernando Otalvaro,soil geotechnical environmental engineering human health risk food safety toxicology policy economics standard,metadata_screened,pending,pending,pending,pending,,,,,
D13,10.1016/j.foodchem.2020.128806,Occurrence and distribution of endocrine-disrupting chemicals in mariculture fish and the human health implications,Food Chemistry,Nur Afifah Hanun Ismail,soil geotechnical environmental engineering human health risk food safety toxicology policy economics standard,metadata_screened,pending,pending,pending,pending,,,,,
D13,10.1016/j.foodchem.2021.130072,"Halogenated polycyclic aromatic hydrocarbons in edible aquatic species of two Asian countries: Congener profiles, biomagnification, and human risk assessment",Food Chemistry,Anura Upasanta-Kumara Wickrama-Arachchige,soil geotechnical environmental engineering human health risk food safety toxicology policy economics standard,metadata_screened,pending,pending,pending,pending,,,,,
D13,10.1021/acs.est.7b05440,Drinking Water Disinfection Byproducts (DBPs) and Human Health Effects: Multidisciplinary Challenges and Opportunities,Environmental Science &amp; Technology,Xing-Fang Li,soil geotechnical environmental engineering human health risk food safety toxicology policy economics standard,metadata_screened,pending,pending,pending,pending,,,,,
D13,10.1016/j.foodchem.2025.144373,High-sensitivity detection of hydrogen sulfide and water content using a Triphenylamine-based fluorescent probe: Applications in food safety monitoring,Food Chemistry,Yanqing Xu,soil geotechnical environmental engineering human health risk food safety toxicology policy economics standard,metadata_screened,pending,pending,pending,pending,,,,,
D13,10.1016/j.foodchem.2010.04.058,Levels of antioxidants and nutraceuticals in basil grown in hydroponics and soil,Food Chemistry,Cristina Sgherri,soil geotechnical environmental engineering human health risk food safety toxicology policy economics standard,metadata_screened,pending,pending,pending,pending,,,,,
D13,10.1021/acs.est.5b01090,Potential Health Impact of Environmentally Released Micro- and Nanoplastics in the Human Food Production Chain: Experiences from Nanotoxicology,Environmental Science &amp; Technology,Hans Bouwmeester,soil geotechnical environmental engineering human health risk food safety toxicology policy economics standard,metadata_screened,pending,pending,pending,pending,,,,,
D13,10.1016/j.foodchem.2019.125869,Safety efficacy and chemical profiling of water-soluble Talaromyces purpureogenus CFRM02 pigment,Food Chemistry,Saritha Gopal Pandit,soil geotechnical environmental engineering human health risk food safety toxicology policy economics standard,metadata_screened,pending,pending,pending,pending,,,,,
D13,10.1016/j.foodchem.2015.05.053,Quantitative mass spectrometric analysis of dipeptides in protein hydrolysate by a TNBS derivatization-aided standard addition method,Food Chemistry,Vu Thi Hanh,soil geotechnical environmental engineering human health risk food safety toxicology policy economics standard,metadata_screened,pending,pending,pending,pending,,,,,
D13,10.1021/acs.est.7b02956,Implications of Bioremediation of Polycyclic Aromatic Hydrocarbon-Contaminated Soils for Human Health and Cancer Risk,Environmental Science &amp; Technology,Cleo L. Davie-Martin,soil geotechnical environmental engineering human health risk food safety toxicology policy economics standard,metadata_screened,pending,pending,pending,pending,,,,,
D13,10.1021/acs.est.6b06179,Environmental Impacts and Hotspots of Food Losses: Value Chain Analysis of Swiss Food Consumption,Environmental Science &amp; Technology,Claudio Beretta,soil geotechnical environmental engineering human health risk food safety toxicology policy economics standard,metadata_screened,pending,pending,pending,pending,,,,,
D13,10.1016/j.envint.2020.106081,Resolving the twin human and environmental health hazards of a plant-based diet,Environment International,Kris A.G. Wyckhuys,soil geotechnical environmental engineering human health risk food safety toxicology policy economics standard,metadata_screened,pending,pending,pending,pending,,,,,
D13,10.1016/j.enggeo.2018.11.017,Full probabilistic geotechnical design under various design scenarios using direct Monte Carlo simulation and sample reweighting,Engineering Geology,Zi-Jun Cao,soil geotechnical environmental engineering human health risk food safety toxicology policy economics standard,metadata_screened,pending,pending,pending,pending,,,,,
D13,10.1016/j.envint.2026.110072,Environmental epigenetics: new horizons in redefining biological and health outcomes,Environment International,Jamshid Faraji,soil geotechnical environmental engineering human health risk food safety toxicology policy economics standard,metadata_screened,pending,pending,pending,pending,,,,,
D13,10.1016/j.envint.2004.09.003,Thallium: a review of public health and environmental concerns,Environment International,A.L. John Peter,soil geotechnical environmental engineering human health risk food safety toxicology policy economics standard,metadata_screened,pending,pending,pending,pending,,,,,
D13,10.1021/es702179p,Formation of Carbon Dioxide Hydrate in Soil and Soil Mineral Suspensions with Electrolytes,Environmental Science &amp; Technology,Rheo B. Lamorena,soil geotechnical environmental engineering human health risk food safety toxicology policy economics standard,metadata_screened,pending,pending,pending,pending,,,,,
D13,10.1021/acs.est.2c00710,Effects of Trophic Level and Land Use on the Variation of Animal Antibiotic Resistome in the Soil Food Web,Environmental Science &amp; Technology,Dong Zhu,soil geotechnical environmental engineering human health risk food safety toxicology policy economics standard,metadata_screened,pending,pending,pending,pending,,,,,
D13,10.1016/j.foodchem.2017.05.063,Solid sampling ETV-ICPOES coupled to a nebulization/pre-evaporation system for direct elemental analysis of glutinous rice by external calibration with standard solutions,Food Chemistry,Nausheen Sadiq,soil geotechnical environmental engineering human health risk food safety toxicology policy economics standard,metadata_screened,pending,pending,pending,pending,,,,,
D13,10.1021/es901090w,Adhesion and Enrichment of Metals on Human Hands from Contaminated Soil at an Arctic Urban Brownfield,Environmental Science &amp; Technology,Steven D. Siciliano,soil geotechnical environmental engineering human health risk food safety toxicology policy economics standard,metadata_screened,pending,pending,pending,pending,,,,,
D13,10.1016/j.enggeo.2017.09.009,System reliability analysis of soil slopes stabilized with piles,Engineering Geology,J. Zhang,soil geotechnical environmental engineering human health risk food safety toxicology policy economics standard,metadata_screened,pending,pending,pending,pending,,,,,
D13,10.1016/j.enggeo.2004.07.008,Geotechnical analysis of paleoseismic shaking using liquefaction features: a major updating,Engineering Geology,Scott M. Olson,soil geotechnical environmental engineering human health risk food safety toxicology policy economics standard,metadata_screened,pending,pending,pending,pending,,,,,
D13,10.1111/j.1539-6924.2009.01202.x,Human Health Risk Assessment of Penicillin/Aminopenicillin Resistance in Enterococci Due to Penicillin Use in Food Animals,Risk Analysis,"Louis Anthony (Tony) Cox, Jr.",soil geotechnical environmental engineering human health risk food safety toxicology policy economics standard,metadata_screened,pending,pending,pending,pending,,,,,
D13,10.1016/j.envint.2009.04.009,Does farm worker health vary between localised and globalised food supply systems?,Environment International,Paul Cross,soil geotechnical environmental engineering human health risk food safety toxicology policy economics standard,metadata_screened,pending,pending,pending,pending,,,,,
D13,10.1111/j.1539-6924.2007.00917.x,Understanding Consumer Confidence in the Safety of Food: Its Two‐Dimensional Structure and Determinants,Risk Analysis,Janneke De Jonge,soil geotechnical environmental engineering human health risk food safety toxicology policy economics standard,metadata_screened,pending,pending,pending,pending,,,,,
D13,10.1021/acs.est.9b05642,Safeguarding Food Supply and Groundwater Safety for Maize Production in China,Environmental Science &amp; Technology,Hao Ying,soil geotechnical environmental engineering human health risk food safety toxicology policy economics standard,metadata_screened,pending,pending,pending,pending,,,,,
D13,10.1111/j.1539-6924.2008.01021.x,European Public Perceptions of Food Risk: Cross‐National and Methodological Comparisons,Risk Analysis,Katrin Hohl,soil geotechnical environmental engineering human health risk food safety toxicology policy economics standard,metadata_screened,pending,pending,pending,pending,,,,,
D13,10.1021/es2034125,Predictive Environmental Risk Assessment of Chemical Mixtures: A Conceptual Framework,Environmental Science &amp; Technology,Thomas Backhaus,soil geotechnical environmental engineering human health risk food safety toxicology policy economics standard,metadata_screened,pending,pending,pending,pending,,,,,
D13,10.1021/acs.est.1c06042,Nanoscale Agrochemicals for Crop Health: A Key Line of Attack in the Battle for Global Food Security,Environmental Science &amp; Technology,Jason C. White,soil geotechnical environmental engineering human health risk food safety toxicology policy economics standard,metadata_screened,pending,pending,pending,pending,,,,,
D13,10.1016/j.enggeo.2007.07.008,"The geotechnical effects of long human habitation (2000&lt;years): Earthquake induced landslide hazard in the city of Zefat, northern Israel",Engineering Geology,Oded Katz,soil geotechnical environmental engineering human health risk food safety toxicology policy economics standard,metadata_screened,pending,pending,pending,pending,,,,,
D13,10.1016/j.envint.2018.11.021,Environmental dissemination of mcr-1 positive Enterobacteriaceae by Chrysomya spp. (common blowfly): An increasing public health risk,Environment International,Qiu E. Yang,soil geotechnical environmental engineering human health risk food safety toxicology policy economics standard,metadata_screened,pending,pending,pending,pending,,,,,
D13,10.1016/j.enggeo.2019.105409,Suction-controlled multistage triaxial testing on clayey silty soil,Engineering Geology,Aritra Banerjee,soil geotechnical environmental engineering human health risk food safety toxicology policy economics standard,metadata_screened,pending,pending,pending,pending,,,,,
D13,10.1016/j.envint.2023.107819,Environmental effect of agriculture-related manufactured nano-objects on soil microbial communities,Environment International,Ayesha Ahmed,soil geotechnical environmental engineering human health risk food safety toxicology policy economics standard,metadata_screened,pending,pending,pending,pending,,,,,
D13,10.1021/acs.est.6b02569,Plastic Debris Is a Human Health Issue,Environmental Science &amp; Technology,A. Dick Vethaak,soil geotechnical environmental engineering human health risk food safety toxicology policy economics standard,metadata_screened,pending,pending,pending,pending,,,,,
D13,10.1016/j.envint.2012.01.008,Soil mutagenicity as a strategy to evaluate environmental and health risks in a contaminated area,Environment International,Roberta de Souza Pohren,soil geotechnical environmental engineering human health risk food safety toxicology policy economics standard,metadata_screened,pending,pending,pending,pending,,,,,
D13,10.1016/j.foodchem.2011.04.013,"A preliminary assessment of consumer’s exposure to organochlorine pesticides in fruits and vegetables and the potential health risk in Accra Metropolis, Ghana",Food Chemistry,Crentsil Kofi Bempah,soil geotechnical environmental engineering human health risk food safety toxicology policy economics standard,metadata_screened,pending,pending,pending,pending,,,,,
D13,10.1016/j.envint.2011.05.007,Inorganic arsenic in Chinese food and its cancer risk,Environment International,Gang Li,soil geotechnical environmental engineering human health risk food safety toxicology policy economics standard,metadata_screened,pending,pending,pending,pending,,,,,
D13,10.1021/es4026613,PM<sub>10</sub> and PM<sub>2.5</sub> and Health Risk Assessment for Heavy Metals in a Typical Factory for Cathode Ray Tube Television Recycling,Environmental Science &amp; Technology,Wenxiong Fang,soil geotechnical environmental engineering human health risk food safety toxicology policy economics standard,metadata_screened,pending,pending,pending,pending,,,,,
D13,10.1021/es048279x,Optical Oxygen Microrespirometry as a Platform for Environmental Toxicology and Animal Model Studies,Environmental Science &amp; Technology,Fiach C. O'Mahony,soil geotechnical environmental engineering human health risk food safety toxicology policy economics standard,metadata_screened,pending,pending,pending,pending,,,,,
D13,10.1016/j.enggeo.2019.04.018,Analytical model for methane migration through fractured unsaturated landfill cover soil,Engineering Geology,Haijian Xie,soil geotechnical environmental engineering human health risk food safety toxicology policy economics standard,metadata_screened,pending,pending,pending,pending,,,,,
D13,10.1016/j.enggeo.2008.07.011,Strength characteristics and mechanisms of salt-rich soil–cement,Engineering Geology,Haofeng Xing,soil geotechnical environmental engineering human health risk food safety toxicology policy economics standard,metadata_screened,pending,pending,pending,pending,,,,,
D13,10.1016/j.foodchem.2020.127397,Detection of polyphosphates in seafood and its relevance toward food safety,Food Chemistry,Sara Panseri,soil geotechnical environmental engineering human health risk food safety toxicology policy economics standard,metadata_screened,pending,pending,pending,pending,,,,,
D13,10.1016/j.enggeo.2022.106536,Desiccation cracking of soil subjected to different environmental relative humidity conditions,Engineering Geology,Hao Zeng,soil geotechnical environmental engineering human health risk food safety toxicology policy economics standard,metadata_screened,pending,pending,pending,pending,,,,,
D13,10.1016/j.foodchem.2024.138402,"Application, challenges and future prospects of recent nondestructive techniques based on the electromagnetic spectrum in food quality and safety",Food Chemistry,Rafieh Fakhlaei,soil geotechnical environmental engineering human health risk food safety toxicology policy economics standard,metadata_screened,pending,pending,pending,pending,,,,,
D13,10.1016/j.envint.2025.109602,Short-chain PFASs dominance and their environmental transport dynamics in urban water systems: Insights from multimedia transport analysis and human exposure risk,Environment International,Kunfeng Zhang,soil geotechnical environmental engineering human health risk food safety toxicology policy economics standard,metadata_screened,pending,pending,pending,pending,,,,,
D13,10.1016/j.envint.2019.104937,Particulate plastics as a vector for toxic trace-element uptake by aquatic and terrestrial organisms and human health risk,Environment International,Lauren Bradney,soil geotechnical environmental engineering human health risk food safety toxicology policy economics standard,metadata_screened,pending,pending,pending,pending,,,,,
D13,10.1016/j.foodchem.2023.136368,Health-Promoting compounds in Potatoes: Tuber exhibiting great potential for human health,Food Chemistry,Pinky Raigond,soil geotechnical environmental engineering human health risk food safety toxicology policy economics standard,metadata_screened,pending,pending,pending,pending,,,,,
D13,10.1016/j.envint.2014.11.001,Wastewater reuse in irrigation: A microbiological perspective on implications in soil fertility and human and environmental health,Environment International,Cristina Becerra-Castro,soil geotechnical environmental engineering human health risk food safety toxicology policy economics standard,metadata_screened,pending,pending,pending,pending,,,,,
D13,10.1016/j.enggeo.2018.04.019,"Influence of early diagenesis on geotechnical properties of clay sediments (Romania, Black Sea)",Engineering Geology,Grégory Ballas,soil geotechnical environmental engineering human health risk food safety toxicology policy economics standard,metadata_screened,pending,pending,pending,pending,,,,,
D13,10.1016/j.enggeo.2019.105187,Geotechnical characterization of soft soil deposits in Northern Poland,Engineering Geology,J. Konkol,soil geotechnical environmental engineering human health risk food safety toxicology policy economics standard,metadata_screened,pending,pending,pending,pending,,,,,
D13,10.1016/j.envint.2019.04.051,Human prenatal exposure to polychlorinated biphenyls (PCBs) and risk behaviors in adolescence,Environment International,Aisha S. Dickerson,soil geotechnical environmental engineering human health risk food safety toxicology policy economics standard,metadata_screened,pending,pending,pending,pending,,,,,
D13,10.1016/j.enggeo.2023.107025,An efficient model to estimate the soil profile and stratigraphic uncertainty quantification,Engineering Geology,Lin-Shuang Zhao,soil geotechnical environmental engineering human health risk food safety toxicology policy economics standard,metadata_screened,pending,pending,pending,pending,,,,,
D13,10.1016/j.foodchem.2014.12.075,"The safety assessment of food ingredients derived from plant cell, tissue and organ cultures: A review",Food Chemistry,Hosakatte Niranjana Murthy,soil geotechnical environmental engineering human health risk food safety toxicology policy economics standard,metadata_screened,pending,pending,pending,pending,,,,,
D13,10.1021/acs.est.8b01781,Advancing Environmental Epidemiology to Assess the Beneficial Influence of the Natural Environment on Human Health and Well-Being,Environmental Science &amp; Technology,Raquel A. Silva,soil geotechnical environmental engineering human health risk food safety toxicology policy economics standard,metadata_screened,pending,pending,pending,pending,,,,,
D13,10.1016/j.foodchem.2013.12.083,Radioactivity in mushrooms: A health hazard?,Food Chemistry,J. Guillén,soil geotechnical environmental engineering human health risk food safety toxicology policy economics standard,metadata_screened,pending,pending,pending,pending,,,,,
D13,10.1016/j.enggeo.2012.02.009,Assessment of geotechnical variability of Songdo silty clay,Engineering Geology,Donghee Kim,soil geotechnical environmental engineering human health risk food safety toxicology policy economics standard,metadata_screened,pending,pending,pending,pending,,,,,
D13,10.1016/j.foodchem.2020.126617,"A flavonoid monomer tricin in Gramineous plants: Metabolism, bio/chemosynthesis, biological properties, and toxicology",Food Chemistry,Bo Jiang,soil geotechnical environmental engineering human health risk food safety toxicology policy economics standard,metadata_screened,pending,pending,pending,pending,,,,,
D13,10.1111/risa.13624,Forty Years of Food Safety Risk Assessment: A History and Analysis,Risk Analysis,"Felicia Wu,",soil geotechnical environmental engineering human health risk food safety toxicology policy economics standard,metadata_screened,pending,pending,pending,pending,,,,,
D13,10.1016/j.enggeo.2005.09.029,Remediation of a heavy metal-contaminated soil by a rhamnolipid foam,Engineering Geology,Catherine N. Mulligan,soil geotechnical environmental engineering human health risk food safety toxicology policy economics standard,metadata_screened,pending,pending,pending,pending,,,,,
D13,10.1016/s0308-8146(03)00277-2,"Trace elements in Taiwanese health food, Angelica keiskei, and other products",Food Chemistry,Chien-Yi Chen,soil geotechnical environmental engineering human health risk food safety toxicology policy economics standard,metadata_screened,pending,pending,pending,pending,,,,,
D13,10.1016/j.enggeo.2018.08.004,Effects of hysteresis on hydro-mechanical behavior of unsaturated soil,Engineering Geology,Jaehong Kim,soil geotechnical environmental engineering human health risk food safety toxicology policy economics standard,metadata_screened,pending,pending,pending,pending,,,,,
D13,10.1016/j.enggeo.2008.09.003,Effect of cement treatment on geotechnical properties of some Washington State soils,Engineering Geology,Farid Sariosseiri,soil geotechnical environmental engineering human health risk food safety toxicology policy economics standard,metadata_screened,pending,pending,pending,pending,,,,,
D13,10.1016/j.foodchem.2018.12.060,"The reduction of toxic metals of various rice types by different preparation and cooking processes – Human health risk assessment in Tehran households, Iran",Food Chemistry,Kiomars Sharafi,soil geotechnical environmental engineering human health risk food safety toxicology policy economics standard,metadata_screened,pending,pending,pending,pending,,,,,
D13,10.1021/acs.est.3c00322,Dietary Exposure and Health Risk of the Emerging Contaminant Fluorinated Liquid-Crystal Monomers,Environmental Science &amp; Technology,Runhui Yang,soil geotechnical environmental engineering human health risk food safety toxicology policy economics standard,metadata_screened,pending,pending,pending,pending,,,,,
D13,10.1016/j.enggeo.2015.01.018,Compaction and strength characteristics of fly ash and fiber amended clayey soil,Engineering Geology,Y. Yilmaz,soil geotechnical environmental engineering human health risk food safety toxicology policy economics standard,metadata_screened,pending,pending,pending,pending,,,,,
D13,10.1016/j.envint.2020.106166,"Concentration, spatial distribution, and health risk assessment of PFASs in serum of teenagers, tap water and soil near a Chinese fluorochemical industrial plant",Environment International,Lin-Na Xie,soil geotechnical environmental engineering human health risk food safety toxicology policy economics standard,metadata_screened,pending,pending,pending,pending,,,,,
D13,10.1111/j.0272-4332.2005.00568.x,Meta‐Analysis of Food Safety Information Based on a Combination of a Relational Database and a Predictive Modeling Tool,Risk Analysis,Michèle Vialette,soil geotechnical environmental engineering human health risk food safety toxicology policy economics standard,metadata_screened,pending,pending,pending,pending,,,,,
D13,10.1016/j.foodchem.2017.07.038,Validation of a reversed-phase high-performance liquid chromatographic method for the determination of free amino acids in rice using l-theanine as the internal standard,Food Chemistry,G.V.V. Liyanaarachchi,soil geotechnical environmental engineering human health risk food safety toxicology policy economics standard,metadata_screened,pending,pending,pending,pending,,,,,
D13,10.1016/j.envint.2021.106381,Oral exposure to environmental cyanobacteria toxins: Implications for cancer risk,Environment International,Brenda Y. Hernandez,soil geotechnical environmental engineering human health risk food safety toxicology policy economics standard,metadata_screened,pending,pending,pending,pending,,,,,
D13,10.1016/j.envint.2008.08.009,"Environmental hazards and health risk of common liquid perfluoro-n-alkanes, potent greenhouse gases",Environment International,Wen-Tien Tsai,soil geotechnical environmental engineering human health risk food safety toxicology policy economics standard,metadata_screened,pending,pending,pending,pending,,,,,
D13,10.1021/acs.est.8b00754,Risk Assessments Show Engineered Nanomaterials To Be of Low Environmental Concern,Environmental Science &amp; Technology,Rickard Arvidsson,soil geotechnical environmental engineering human health risk food safety toxicology policy economics standard,metadata_screened,pending,pending,pending,pending,,,,,
D13,10.1016/j.foodchem.2019.125478,Toxic trace elements in dried mushrooms: Effects of cooking and gastrointestinal digestion on food safety,Food Chemistry,Gabriela M. Chiocchetti,soil geotechnical environmental engineering human health risk food safety toxicology policy economics standard,metadata_screened,pending,pending,pending,pending,,,,,
D13,10.1016/j.envint.2024.108617,Exploring the potential and challenges of developing physiologically-based toxicokinetic models to support human health risk assessment of microplastic and nanoplastic particles,Environment International,Chi-Yun Chen,soil geotechnical environmental engineering human health risk food safety toxicology policy economics standard,metadata_screened,pending,pending,pending,pending,,,,,
D13,10.1016/j.envint.2006.06.002,The risk assessment–policy gap: An example from the UK contaminated land regime,Environment International,Jens Evans,soil geotechnical environmental engineering human health risk food safety toxicology policy economics standard,metadata_screened,pending,pending,pending,pending,,,,,
D13,10.1016/j.enggeo.2021.106021,Effects of crude oil contamination on geotechnical properties of sand-kaolinite mixtures,Engineering Geology,Mahmood Ahmadi,soil geotechnical environmental engineering human health risk food safety toxicology policy economics standard,metadata_screened,pending,pending,pending,pending,,,,,
D13,10.1111/j.1539-6924.2007.00888.x,Food Safety Objectives Should Integrate the Variability of the Concentration of Pathogen,Risk Analysis,Emilie Rieu,soil geotechnical environmental engineering human health risk food safety toxicology policy economics standard,metadata_screened,pending,pending,pending,pending,,,,,
D13,10.1016/j.envint.2022.107201,Human exposure to neonicotinoids and the associated health risks: A review,Environment International,Duo Zhang,soil geotechnical environmental engineering human health risk food safety toxicology policy economics standard,metadata_screened,pending,pending,pending,pending,,,,,
D13,10.1016/j.enggeo.2022.106769,Soil database development with the application of machine learning methods in soil properties prediction,Engineering Geology,Yangyang Li,soil geotechnical environmental engineering human health risk food safety toxicology policy economics standard,metadata_screened,pending,pending,pending,pending,,,,,
D13,10.1111/j.0272-4332.2005.00579.x,Trust in Risk Regulation: Cause or Consequence of the Acceptability of GM Food?,Risk Analysis,Wouter Poortinga,soil geotechnical environmental engineering human health risk food safety toxicology policy economics standard,metadata_screened,pending,pending,pending,pending,,,,,
D13,10.1021/acs.est.8b04038,Engineering the Dark Food Chain,Environmental Science &amp; Technology,Sahar H. El Abbadi,soil geotechnical environmental engineering human health risk food safety toxicology policy economics standard,metadata_screened,pending,pending,pending,pending,,,,,
D13,10.1016/s0013-7952(02)00048-0,Geotechnical characterization of carbonate marls for the construction of impermeable dam cores,Engineering Geology,F Lamas,soil geotechnical environmental engineering human health risk food safety toxicology policy economics standard,metadata_screened,pending,pending,pending,pending,,,,,
D13,10.1016/j.envint.2021.106654,COVID-19 face masks: A new source of human and environmental exposure to organophosphate esters,Environment International,J. Fernández-Arribas,soil geotechnical environmental engineering human health risk food safety toxicology policy economics standard,metadata_screened,pending,pending,pending,pending,,,,,
D13,10.1016/j.foodchem.2012.01.047,Mercury contaminated systems under recovery can represent an increased risk to seafood human consumers – A paradox depicted in bivalves’ body burdens,Food Chemistry,Iqbal Ahmad,soil geotechnical environmental engineering human health risk food safety toxicology policy economics standard,metadata_screened,pending,pending,pending,pending,,,,,
D13,10.1021/es1000227,Biodegradation of Dieldrin by a Soil Fungus Isolated from a Soil with Annual Endosulfan Applications,Environmental Science &amp; Technology,Ryota Kataoka,soil geotechnical environmental engineering human health risk food safety toxicology policy economics standard,metadata_screened,pending,pending,pending,pending,,,,,
D13,10.1016/j.envint.2025.109339,Chemical risk assessment in food animals via physiologically based pharmacokinetic modeling − Part I: Veterinary drugs on human food safety assessment,Environment International,Kun Mi,soil geotechnical environmental engineering human health risk food safety toxicology policy economics standard,metadata_screened,pending,pending,pending,pending,,,,,
D13,10.1016/j.enggeo.2016.02.015,The influence of nanomaterials on collapsible soil treatment,Engineering Geology,Behnam Iranpour,soil geotechnical environmental engineering human health risk food safety toxicology policy economics standard,metadata_screened,pending,pending,pending,pending,,,,,
D13,10.1016/j.enggeo.2023.107273,Identification and quantification of soil water components in kaolin by thermogravimetric and kinetic analysis,Engineering Geology,Yijie Wang,soil geotechnical environmental engineering human health risk food safety toxicology policy economics standard,metadata_screened,pending,pending,pending,pending,,,,,
D13,10.1016/j.foodchem.2019.125126,"Bioaccessibility analysis of toxic metals in consumed rice through an in vitro human digestion model – Comparison of calculated human health risk from raw, cooked and digested rice",Food Chemistry,Kiomars Sharafi,soil geotechnical environmental engineering human health risk food safety toxicology policy economics standard,metadata_screened,pending,pending,pending,pending,,,,,
D13,10.1016/j.enggeo.2009.03.007,Some basic geotechnical properties of expansive soil modified using pyroclastic dust,Engineering Geology,Ezekwesili Ene,soil geotechnical environmental engineering human health risk food safety toxicology policy economics standard,metadata_screened,pending,pending,pending,pending,,,,,
D13,10.1016/j.enggeo.2023.106996,A new approach to the correlation of SPT-CPT depending on the soil behavior type index,Engineering Geology,Ertan Bol,soil geotechnical environmental engineering human health risk food safety toxicology policy economics standard,metadata_screened,pending,pending,pending,pending,,,,,
D13,10.1016/j.envint.2017.05.004,Endocrine disrupting compounds in drinking water supply system and human health risk implication,Environment International,Sze Yee Wee,soil geotechnical environmental engineering human health risk food safety toxicology policy economics standard,metadata_screened,pending,pending,pending,pending,,,,,
D13,10.1016/j.envint.2018.02.007,Environmental and public health related risk of veterinary zinc in pig production - Using Denmark as an example,Environment International,John Jensen,soil geotechnical environmental engineering human health risk food safety toxicology policy economics standard,metadata_screened,pending,pending,pending,pending,,,,,
D13,10.1111/risa.13391,Evaluation of Multicriteria Decision Analysis Algorithms in Food Safety: A Case Study on Emerging Zoonoses Prioritization,Risk Analysis,Alberto Garre,soil geotechnical environmental engineering human health risk food safety toxicology policy economics standard,metadata_screened,pending,pending,pending,pending,,,,,
D13,10.1016/j.foodchem.2007.12.047,"Human health risk of organochlorine pesticides (OCPs) and polychlorinated biphenyls (PCBs) in edible fish from Huairou Reservoir and Gaobeidian Lake in Beijing, China",Food Chemistry,Xuemei Li,soil geotechnical environmental engineering human health risk food safety toxicology policy economics standard,metadata_screened,pending,pending,pending,pending,,,,,
D13,10.1016/j.envint.2019.105054,"Occurrence, distribution and human exposure to 20 organophosphate esters in air, soil, pine needles, river water, and dust samples collected around an airport in New York state, United States",Environment International,Wenhui Li,soil geotechnical environmental engineering human health risk food safety toxicology policy economics standard,metadata_screened,pending,pending,pending,pending,,,,,
D13,10.1021/es2038992,Check Dam in the Loess Plateau of China: Engineering for Environmental Services and Food Security.,Environmental Science &amp; Technology,Yafeng Wang,soil geotechnical environmental engineering human health risk food safety toxicology policy economics standard,metadata_screened,pending,pending,pending,pending,,,,,
D13,10.1016/j.enggeo.2024.107834,Physics-based time-of-failure determination of rainfall-induced instability in lateritic soil slopes,Engineering Geology,Sushant Rahul,soil geotechnical environmental engineering human health risk food safety toxicology policy economics standard,metadata_screened,pending,pending,pending,pending,,,,,
D13,10.1016/j.foodchem.2023.137946,"Algae-derived biochar nanozyme array for discrimination and detection of multiple pesticides in soil, water and food",Food Chemistry,Ning Yue,soil geotechnical environmental engineering human health risk food safety toxicology policy economics standard,metadata_screened,pending,pending,pending,pending,,,,,
D13,10.1111/j.1539-6924.2010.01505.x,Consumer Responses to Integrated Risk‐Benefit Information Associated with the Consumption of Food,Risk Analysis,Heleen van Dijk,soil geotechnical environmental engineering human health risk food safety toxicology policy economics standard,metadata_screened,pending,pending,pending,pending,,,,,
D13,10.1111/j.1539-6924.2008.00999.x,Work‐Related Road Safety: An Analysis Based on U.K. Bus Driver Performance,Risk Analysis,Lisa Dorn,soil geotechnical environmental engineering human health risk food safety toxicology policy economics standard,metadata_screened,pending,pending,pending,pending,,,,,
D13,10.1016/j.envint.2013.01.008,Human milk POPs and neonatal risk trend from 1982 to 2009 in the same geographic region in Serbia,Environment International,T. Vukavić,soil geotechnical environmental engineering human health risk food safety toxicology policy economics standard,metadata_screened,pending,pending,pending,pending,,,,,
D13,10.1021/acs.est.8b05094,Effect of Health-Related Uncertainty and Natural Variability on Health Impacts and Cobenefits of Climate Policy,Environmental Science &amp; Technology,Rebecca K. Saari,soil geotechnical environmental engineering human health risk food safety toxicology policy economics standard,metadata_screened,pending,pending,pending,pending,,,,,
D13,10.1016/j.foodchem.2005.08.005,Feasibility and application of solvent assisted flavour evaporation and standard addition method to quantify the aroma compounds in flavoured baked matrices,Food Chemistry,Maria Angeles Pozo-Bayón,soil geotechnical environmental engineering human health risk food safety toxicology policy economics standard,metadata_screened,pending,pending,pending,pending,,,,,
D13,10.1016/j.enggeo.2011.04.014,"Depositional and geotechnical properties of marine clays in Lianyungang, China",Engineering Geology,S.Y. Liu,soil geotechnical environmental engineering human health risk food safety toxicology policy economics standard,metadata_screened,pending,pending,pending,pending,,,,,
D13,10.1111/j.1539-6924.2006.00818.x,Trust: Missing Piece(s) in the Safety Puzzle,Risk Analysis,Stacey M. Conchie,soil geotechnical environmental engineering human health risk food safety toxicology policy economics standard,metadata_screened,pending,pending,pending,pending,,,,,
D13,10.1016/j.envint.2019.105078,Soil and the intensification of agriculture for global food security,Environment International,Peter M. Kopittke,soil geotechnical environmental engineering human health risk food safety toxicology policy economics standard,metadata_screened,pending,pending,pending,pending,,,,,
D13,10.1016/j.envint.2005.10.003,The analysis of human health risk with a detailed procedure operating in a GIS environment,Environment International,P. Morra,soil geotechnical environmental engineering human health risk food safety toxicology policy economics standard,metadata_screened,pending,pending,pending,pending,,,,,
D13,10.1016/j.envint.2008.08.005,Vulnerability of human environment to risk: Case of groundwater contamination risk,Environment International,M.J. Perles Roselló,soil geotechnical environmental engineering human health risk food safety toxicology policy economics standard,metadata_screened,pending,pending,pending,pending,,,,,
D13,10.1016/j.enggeo.2015.11.006,A probabilistic approach to soil layer and bedrock-level modeling for risk assessment of groundwater drawdown induced land subsidence,Engineering Geology,Jonas Sundell,soil geotechnical environmental engineering human health risk food safety toxicology policy economics standard,metadata_screened,pending,pending,pending,pending,,,,,
D13,10.1016/j.foodchem.2022.134086,"Determination of mycotoxins by HPLC, LC-MS/MS and health risk assessment of the mycotoxins in bee products of Turkey",Food Chemistry,Eda Keskin,soil geotechnical environmental engineering human health risk food safety toxicology policy economics standard,metadata_screened,pending,pending,pending,pending,,,,,
D13,10.1021/es303853x,High Affinity Sorption Domains in Soil Are Blocked by Polar Soil Organic Matter Components,Environmental Science &amp; Technology,Perry J. Mitchell,soil geotechnical environmental engineering human health risk food safety toxicology policy economics standard,metadata_screened,pending,pending,pending,pending,,,,,
D13,10.1111/j.1539-6924.2008.01054.x,A Stochastic Assessment of the Public Health Risks of the Use of Macrolide Antibiotics in Food Animals,Risk Analysis,H. Scott Hurd,soil geotechnical environmental engineering human health risk food safety toxicology policy economics standard,metadata_screened,pending,pending,pending,pending,,,,,
D13,10.1021/acs.est.3c09271,Human Exposure to Ambient Atmospheric Microplastics in a Megacity: Spatiotemporal Variation and Associated Microorganism-Related Health Risk,Environmental Science &amp; Technology,Libo Xu,soil geotechnical environmental engineering human health risk food safety toxicology policy economics standard,metadata_screened,pending,pending,pending,pending,,,,,
D13,10.1016/j.enggeo.2011.11.009,Soil–water characteristic curves of gap-graded soils,Engineering Geology,Harianto Rahardjo,soil geotechnical environmental engineering human health risk food safety toxicology policy economics standard,metadata_screened,pending,pending,pending,pending,,,,,
D13,10.1016/j.foodchem.2017.10.064,Speciation analysis of six arsenic species in marketed shellfish: Extraction optimization and health risk assessment,Food Chemistry,Yuyu Jia,soil geotechnical environmental engineering human health risk food safety toxicology policy economics standard,metadata_screened,pending,pending,pending,pending,,,,,
D13,10.1111/j.1539-6924.2008.01025.x,"Hazard Perception, Risk Perception, and the Need for Decontamination by Residents Exposed to Soil Pollution: The Role of Sustainability and the Limits of Expert Knowledge",Risk Analysis,Frédéric Vandermoere,soil geotechnical environmental engineering human health risk food safety toxicology policy economics standard,metadata_screened,pending,pending,pending,pending,,,,,
D13,10.1016/j.enggeo.2017.11.002,"Microstructural constraints on geotechnical properties of Malan Loess: A case study from Zhaojiaan landslide in Shaanxi province, China",Engineering Geology,Hao Luo,soil geotechnical environmental engineering human health risk food safety toxicology policy economics standard,metadata_screened,pending,pending,pending,pending,,,,,
D13,10.1021/es3025325,Trophic Transfer of Au Nanoparticles from Soil along a Simulated Terrestrial Food Chain.,Environmental Science &amp; Technology,Jason M. Unrine,soil geotechnical environmental engineering human health risk food safety toxicology policy economics standard,metadata_screened,pending,pending,pending,pending,,,,,
D13,10.1016/j.enggeo.2019.105462,Influence of a layered liquefiable soil on seismic site response using physical modeling and numerical simulation,Engineering Geology,Mohammad Adampira,soil geotechnical environmental engineering human health risk food safety toxicology policy economics standard,metadata_screened,pending,pending,pending,pending,,,,,
D13,10.1016/j.envint.2020.105844,"The significance of cadmium entering the human food chain via livestock ingestion from the agricultural use of biosolids, with special reference to the UK",Environment International,Hannah Rigby,soil geotechnical environmental engineering human health risk food safety toxicology policy economics standard,metadata_screened,pending,pending,pending,pending,,,,,
D13,10.1016/s0160-4120(02)00061-2,Environmental risk assessment and the intrusion of bias,Environment International,David J Ball,soil geotechnical environmental engineering human health risk food safety toxicology policy economics standard,metadata_screened,pending,pending,pending,pending,,,,,
D13,10.1016/j.envint.2020.105581,"Probabilistic human health risk assessment of perfluorooctane sulfonate (PFOS) by integrating in vitro, in vivo toxicity, and human epidemiological studies using a Bayesian-based dose-response assessment coupled with physiologically based pharmacokinetic (PBPK) modeling approach",Environment International,Wei-Chun Chou,soil geotechnical environmental engineering human health risk food safety toxicology policy economics standard,metadata_screened,pending,pending,pending,pending,,,,,
D13,10.1016/j.foodchem.2021.131938,Concentrations of essential and toxic elements and health risk assessment in brown rice from Qatari market,Food Chemistry,Amjad M. Shraim,soil geotechnical environmental engineering human health risk food safety toxicology policy economics standard,metadata_screened,pending,pending,pending,pending,,,,,
D13,10.1016/j.enggeo.2022.106895,Time-dependency deterioration of polypropylene fiber reinforced soil and guar gum mixed soil in loess cut-slope protecting,Engineering Geology,Han Bao,soil geotechnical environmental engineering human health risk food safety toxicology policy economics standard,metadata_screened,pending,pending,pending,pending,,,,,
D13,10.1021/acs.est.9b04757,Halogenated Organic Pollutant Residuals in Human Bared and Clothing-Covered Skin Areas: Source Differentiation and Comprehensive Health Risk Assessment,Environmental Science &amp; Technology,Zhiguo Cao,soil geotechnical environmental engineering human health risk food safety toxicology policy economics standard,metadata_screened,pending,pending,pending,pending,,,,,
D13,10.1016/j.foodchem.2017.06.154,Oxidative damage to food and human serum proteins: Radical-mediated oxidation vs. glyco-oxidation,Food Chemistry,Carolina Luna,soil geotechnical environmental engineering human health risk food safety toxicology policy economics standard,metadata_screened,pending,pending,pending,pending,,,,,
D13,10.1021/es022301+,Do Cattle Growth Hormones Pose an Environmental Risk?,Environmental Science &amp; Technology,Rebecca Renner,soil geotechnical environmental engineering human health risk food safety toxicology policy economics standard,metadata_screened,pending,pending,pending,pending,,,,,
D13,10.1016/j.envint.2019.05.065,Systematic evidence maps as a novel tool to support evidence-based decision-making in chemicals policy and risk management,Environment International,Taylor A.M. Wolffe,soil geotechnical environmental engineering human health risk food safety toxicology policy economics standard,metadata_screened,pending,pending,pending,pending,,,,,
D13,10.1021/acs.est.2c02558,Health Risk-Oriented Source Apportionment of Hazardous Volatile Organic Compounds in Eight Canadian Cities and Implications for Prioritizing Mitigation Strategies,Environmental Science &amp; Technology,Ying Xiong,soil geotechnical environmental engineering human health risk food safety toxicology policy economics standard,metadata_screened,pending,pending,pending,pending,,,,,
D13,10.1016/j.enggeo.2016.09.003,Deformation behaviour of geotechnical materials with gas bubbles and time dependent compressible organic matter,Engineering Geology,Kan Liu,soil geotechnical environmental engineering human health risk food safety toxicology policy economics standard,metadata_screened,pending,pending,pending,pending,,,,,
D13,10.1016/j.envint.2020.106357,European Food Safety Authority open access tools to estimate dietary exposure to food chemicals,Environment International,Sofia Ioannidou,soil geotechnical environmental engineering human health risk food safety toxicology policy economics standard,metadata_screened,pending,pending,pending,pending,,,,,
D13,10.1021/acs.est.9b03794,"Assessing Human Exposure to Chemicals in Materials, Products and Articles: The International Risk Management Landscape for Phthalates",Environmental Science &amp; Technology,Clara M. A. Eichler,soil geotechnical environmental engineering human health risk food safety toxicology policy economics standard,metadata_screened,pending,pending,pending,pending,,,,,
D13,10.1021/es300715f,Methane Bioattenuation and Implications for Explosion Risk Reduction along the Groundwater to Soil Surface Pathway above a Plume of Dissolved Ethanol,Environmental Science &amp; Technology,Jie Ma,soil geotechnical environmental engineering human health risk food safety toxicology policy economics standard,metadata_screened,pending,pending,pending,pending,,,,,
D13,10.1016/j.envint.2010.04.001,RETRACTED: Human health risk assessment from exposure to trihalomethanes in Canadian cities,Environment International,Shakhawat Chowdhury,soil geotechnical environmental engineering human health risk food safety toxicology policy economics standard,metadata_screened,pending,pending,pending,pending,,,,,
D13,10.1111/risa.13834,"The “Inherent Vices” of Policy Design: Uncertainty, Maliciousness, and Noncompliance",Risk Analysis,Michael Howlett,soil geotechnical environmental engineering human health risk food safety toxicology policy economics standard,metadata_screened,pending,pending,pending,pending,,,,,
D1,W368368470,主成分分析、聚类分析在土地评价中的应用—以福建沙县夏茂镇水稻土为主要评价对象,土壤,陈加兵,title-keyword classification: 土地评价,pending_module_relevance_audit,pending,pending,pending,pending,,,,,Chinese T1 supplemental audit
D1,W1042760046,磁化率—沉积、成土作用环境的指示剂,土壤,刘良梧,title-keyword classification: 成土,pending_module_relevance_audit,pending,pending,pending,pending,,,,,Chinese T1 supplemental audit
D1,W2346970880,南极半岛海洋气候区的土壤：VIII．鸟成土,土壤,Chang He,title-keyword classification: 成土,pending_module_relevance_audit,pending,pending,pending,pending,,,,,Chinese T1 supplemental audit
D1,W3087269544,中国土壤分类从定性向定量的发展－龚子同教授等著《土壤发生与系统分析》评介,土壤,朱鹤健,title-keyword classification: 土壤分类;土壤发生,pending_module_relevance_audit,pending,pending,pending,pending,,,,,Chinese T1 supplemental audit
D1,W2369395170,The Progress and Prospect of Digital Soil Mapping Research,T'u Jang T'ung Pao,Sun Fu-jun,title-keyword classification: digital soil mapping,pending_module_relevance_audit,pending,pending,pending,pending,,,,,Chinese T1 supplemental audit
D1,W2364116867,Digital Soil Mapping and Advance in Research,T'u Jang T'ung Pao,Sun Xiao,title-keyword classification: digital soil mapping,pending_module_relevance_audit,pending,pending,pending,pending,,,,,Chinese T1 supplemental audit
D1,W2299474504,Biogenic silicon in basalt-derived soils in Hainan Island and its implications in pedogenesis.,Acta Pedologica Sinica,He Yue,title-keyword classification: pedogenesis,pending_module_relevance_audit,pending,pending,pending,pending,,,,,Chinese T1 supplemental audit
D1,W2431613666,新世紀的土壤地理學教程－評李天傑等著《土壤地理學》（第3版）,土壤,龔子同,title-keyword classification: 土壤地理,pending_module_relevance_audit,pending,pending,pending,pending,,,,,Chinese T1 supplemental audit
D1,W2314355264,Properties and taxonomy of quaternary paleo-latosol-like soils in Chaoyang area of Liaoning Province.,Acta Pedologica Sinica,Han Chun-lan,title-keyword classification: taxonomy,pending_module_relevance_audit,pending,pending,pending,pending,,,,,Chinese T1 supplemental audit
D1,W1497179066,新世纪的土壤地理学教程——评李天杰等著《土壤地理学》（第3版）,土壤,龚子同,title-keyword classification: 土壤地理,pending_module_relevance_audit,pending,pending,pending,pending,,,,,Chinese T1 supplemental audit
D1,W2375372974,Soil Reference on the Bases of Chinese Soil Taxonomy,T'u Jang T'ung Pao,Gan‐Lin Zhang,title-keyword classification: taxonomy,pending_module_relevance_audit,pending,pending,pending,pending,,,,,Chinese T1 supplemental audit
D2,W2230944786,Effect of long-term application of organic manure on structure and stability of aggregate in upland red soil.,Acta Pedologica Sinica,Canlan Jiang,title-keyword classification: aggregate,pending_module_relevance_audit,pending,pending,pending,pending,,,,,Chinese T1 supplemental audit
D2,W2751511901,Effect of Different Nitrogen Fertilizer on Nitrogen Loss of Erosion Slope Soil,Shuitu Baochi Xuebao,Xiuwei Zhang,title-keyword classification: erosion,pending_module_relevance_audit,pending,pending,pending,pending,,,,,Chinese T1 supplemental audit
D2,W2748020569,Impact of Land Use Patterns on Stability of Soil Aggregates in Red Soil Region of South China,Shuitu Baochi Xuebao,Shan Chen,title-keyword classification: aggregate,pending_module_relevance_audit,pending,pending,pending,pending,,,,,Chinese T1 supplemental audit
D2,W246780807,SOC enhancement in three major types of paddy soils in a long-term agro-ecosystem experiment in South China. II. Chemical binding and protection in micro-aggregate size fractions.,Acta Pedologica Sinica,Ping Zhou,title-keyword classification: aggregate,pending_module_relevance_audit,pending,pending,pending,pending,,,,,Chinese T1 supplemental audit
D2,W2231657086,Response of 210Pbex inventory to changes in erosion rates in soil of cultivated land.,Acta Pedologica Sinica,Xinbao Zhang,title-keyword classification: erosion,pending_module_relevance_audit,pending,pending,pending,pending,,,,,Chinese T1 supplemental audit
D2,W2217797827,A simple infiltration method for estimating soil hydraulic properties of unsaturated soils I. Theoretical analysis.,Acta Pedologica Sinica,Mingan Shao,title-keyword classification: infiltration,pending_module_relevance_audit,pending,pending,pending,pending,,,,,Chinese T1 supplemental audit
D2,W2398089547,Watershed sediment yield and effect of spatial scale based on high resolution digital elevation model and GEOWEPP.,Acta Pedologica Sinica,Ni JiuPai,title-keyword classification: sediment yield,pending_module_relevance_audit,pending,pending,pending,pending,,,,,Chinese T1 supplemental audit
D2,W2376880786,Effect of Heavy Machinery Operation on Soil Aggregates Character in Phaeozem Region,T'u Jang T'ung Pao,Min Chen,title-keyword classification: aggregate,pending_module_relevance_audit,pending,pending,pending,pending,,,,,Chinese T1 supplemental audit
D2,W2350166418,Study on the Effect of Freeze-thaw Cycles on Saturated Soil Hydraulic Conductivity in Loess Area,T'u Jang T'ung Pao,Chunle Zhao,title-keyword classification: hydraulic conductivity,pending_module_relevance_audit,pending,pending,pending,pending,,,,,Chinese T1 supplemental audit
D2,W2747769469,Research on Runoff and Erosion Sediment Under Simulated Rainfall Conditions of Black Soil in Northeast China,Shuitu Baochi Xuebao,Hongli Li,title-keyword classification: erosion;runoff,pending_module_relevance_audit,pending,pending,pending,pending,,,,,Chinese T1 supplemental audit
D2,W3097004715,Effect of spraying Jag S on rain water infiltration on loess slope.,Acta Pedologica Sinica,Yuanyuan Li,title-keyword classification: infiltration,pending_module_relevance_audit,pending,pending,pending,pending,,,,,Chinese T1 supplemental audit
D2,W2392349149,Distribution of Aggregate-Associated Organic Carbon and Aggregate Stability in Rhizosphere of Different Plants,T'u Jang T'ung Pao,Han Xiao-zeng,title-keyword classification: aggregate,pending_module_relevance_audit,pending,pending,pending,pending,,,,,Chinese T1 supplemental audit
D2,W2753189180,Effects of Glycyrrhiza Uralensis Plantation on Soil Texture and Contents of soil Carbon and Nitrogen in Wind Erosion Region of Northwest China,Shuitu Baochi Xuebao,Ang Li,title-keyword classification: erosion,pending_module_relevance_audit,pending,pending,pending,pending,,,,,Chinese T1 supplemental audit
D2,W2349989963,EXPERIMENT AND SIMULATION OF INFILTRATION FROM LAYERED SOILS IN OPEN PIT MINE IN JIN-SHAAN-MENG ADJACENT REGION,Acta Pedologica Sinica,F Universit,title-keyword classification: infiltration,pending_module_relevance_audit,pending,pending,pending,pending,,,,,Chinese T1 supplemental audit
D2,W2374102931,Hydrodynamic Characters of Runoff in Soil Erosion Processes on Drainage-irrigation Engineering Slope of Farmland in Coastal Region,Shuitu Baochi Xuebao,Dongli She,title-keyword classification: erosion;runoff,pending_module_relevance_audit,pending,pending,pending,pending,,,,,Chinese T1 supplemental audit
D2,W3198988091,Status and evolution of soil aggregates in apple orchards different in age in Weibei.,Acta Pedologica Sinica,Zonglin Shi,title-keyword classification: aggregate,pending_module_relevance_audit,pending,pending,pending,pending,,,,,Chinese T1 supplemental audit
D2,W2385559574,Dynamic Light Scattering Study on the Critical Effective Diameter of Purplish Soils Aggregates in the Three Gorge Reservoir Region,Shuitu Baochi Xuebao,Ding Wu-quan,title-keyword classification: aggregate,pending_module_relevance_audit,pending,pending,pending,pending,,,,,Chinese T1 supplemental audit
D2,W2367054947,EFFECTS OF AMENDMENT OF AEOLIAN SANDY SOIL AND LOESS WITH SOFT SANDSTONE ON SOIL WATER RETENTION CURVE AND EVAPORATION,Acta Pedologica Sinica,F Universit,title-keyword classification: soil water;water retention,pending_module_relevance_audit,pending,pending,pending,pending,,,,,Chinese T1 supplemental audit
D2,W2350509793,Effect of Long-term Fertilization on Aggregate and Fractions of Organic Carbon in Black Soil,T'u Jang T'ung Pao,Ping Zhu,title-keyword classification: aggregate,pending_module_relevance_audit,pending,pending,pending,pending,,,,,Chinese T1 supplemental audit
D2,W3041109797,Effects of Straw and Plastic Film Mulching on Nitrogen Composition of Soil Aggregates in Dryland Wheat Field on the Loess Plateau,Shuitu Baochi Xuebao,Shaohong Zhang,title-keyword classification: aggregate,pending_module_relevance_audit,pending,pending,pending,pending,,,,,Chinese T1 supplemental audit
D2,W3034313822,Study on Temporal and Spatial Variation of Runoff Velocity and Sediment in the Convex Hillslope Under Different Vegetation Patterns,Shuitu Baochi Xuebao,Zhang Xia,title-keyword classification: runoff,pending_module_relevance_audit,pending,pending,pending,pending,,,,,Chinese T1 supplemental audit
D2,W2393764624,Forming and Stable Mechanism of Soil Aggregate and Influencing Factors,T'u Jang T'ung Pao,Qingkui Wang,title-keyword classification: aggregate,pending_module_relevance_audit,pending,pending,pending,pending,,,,,Chinese T1 supplemental audit
D2,W2751592481,"Impact Factors of Soil Wind Erosion and Estimation of Soil Loss in Zhundong,Xinjiang",Shuitu Baochi Xuebao,Fangfang Wu,title-keyword classification: erosion,pending_module_relevance_audit,pending,pending,pending,pending,,,,,Chinese T1 supplemental audit
D2,W2751595546,Effects of Simulated Biogas Slurry Leaching Irrigation on Soil Infiltration,Shuitu Baochi Xuebao,Deng Rong,title-keyword classification: infiltration,pending_module_relevance_audit,pending,pending,pending,pending,,,,,Chinese T1 supplemental audit
D2,W3215613709,Characteristics of erosion control by contour hedgerows on cultivated slope land of purplish soil,Acta Pedologica Sinica,Feng Xu,title-keyword classification: erosion,pending_module_relevance_audit,pending,pending,pending,pending,,,,,Chinese T1 supplemental audit
D2,W2348714018,SEASONAL VARIATIONS OF SOIL STRUCTURES AND HYDRAULIC CONDUCTIVITIES AND THEIR EFFECTS ON SOIL AND WATER CONSERVATION UNDER NO-TILLAGE AND REDUCED TILLAGE,Acta Pedologica Sinica,Qiang Chen,title-keyword classification: soil structure,pending_module_relevance_audit,pending,pending,pending,pending,,,,,Chinese T1 supplemental audit
D2,W3163153216,Effects of Litter Mulch on Soil Water Properties in Red Soil Sloping-land,Shuitu Baochi Xuebao,Xiaofei Nie,title-keyword classification: soil water,pending_module_relevance_audit,pending,pending,pending,pending,,,,,Chinese T1 supplemental audit
D2,W250104189,Advancement in the study on quantification of soil structure.,Acta Pedologica Sinica,Hu Zhou,title-keyword classification: soil structure,pending_module_relevance_audit,pending,pending,pending,pending,,,,,Chinese T1 supplemental audit
D2,W3126004624,Characterization of runoff and sediment yield in farmlands on loess slopes based on R/S and wavelet analysis.,Acta Pedologica Sinica,Huihui Zhang,title-keyword classification: runoff;sediment yield,pending_module_relevance_audit,pending,pending,pending,pending,,,,,Chinese T1 supplemental audit
D2,W2753508888,Study on Rill Erosion Parameters of Purple Soil in the Physical Erosion Model,Shuitu Baochi Xuebao,Aijuan Wang,title-keyword classification: erosion,pending_module_relevance_audit,pending,pending,pending,pending,,,,,Chinese T1 supplemental audit
D3,W2367671353,Effect of Different Salinity and Nitrogen on Water and Nitrogen Use Efficiency of Spinach,T'u Jang T'ung Pao,Guo Shuxia,title-keyword classification: salinity,pending_module_relevance_audit,pending,pending,pending,pending,,,,,Chinese T1 supplemental audit
D3,W2287555001,土壤/沉积物中全氟辛酸（PFOA）、全氟辛烷磺酸（PFOS）吸附–解吸行为研究进展,土壤,汤婕,title-keyword classification: 吸附,pending_module_relevance_audit,pending,pending,pending,pending,,,,,Chinese T1 supplemental audit
D3,W1004891115,SO^2—4和Cl^—对稻田土壤养分及其吸附解吸特性的影响,植物营养与肥料学报,曾希柏,title-keyword classification: 吸附,pending_module_relevance_audit,pending,pending,pending,pending,,,,,Chinese T1 supplemental audit
D3,W2346230977,南极半岛海洋气候区的土壤——VII．矿物学特性,土壤,Chang He,title-keyword classification: 矿物学,pending_module_relevance_audit,pending,pending,pending,pending,,,,,Chinese T1 supplemental audit
D3,W378499406,基于TM图像的塔里木盆地北缘盐渍地亮度值分析——以渭干河-库车河三角洲绿洲为例,土壤,吐尔逊 艾山,title-keyword classification: 盐渍,pending_module_relevance_audit,pending,pending,pending,pending,,,,,Chinese T1 supplemental audit
D3,W1494087388,污泥土地利用研究 IV.无锡污泥与香港碱化污泥的肥效比较,土壤,乔显亮,title-keyword classification: 碱化,pending_module_relevance_audit,pending,pending,pending,pending,,,,,Chinese T1 supplemental audit
D3,W2390809147,Study on Characteristics of Phosphorus Adsorption and Desorption of Cotton Field with Different Soil Textures,T'u Jang T'ung Pao,Yonggang Liu,title-keyword classification: adsorption;sorption,pending_module_relevance_audit,pending,pending,pending,pending,,,,,Chinese T1 supplemental audit
D3,W2376955627,Progress in the Effect of Dissolved Organic Matter on Adsorption of Heavy Metals by Soil,T'u Jang T'ung Pao,Wei Guo,title-keyword classification: adsorption;sorption,pending_module_relevance_audit,pending,pending,pending,pending,,,,,Chinese T1 supplemental audit
D3,W2369895574,Effects of Soil Salinity Level and Nitrogen Rate on Urea-N Transformation in Grey Desert Soil,T'u Jang T'ung Pao,Zhao Lei,title-keyword classification: salinity,pending_module_relevance_audit,pending,pending,pending,pending,,,,,Chinese T1 supplemental audit
D3,W2410624002,"Influences of soil organic matter, pH and temperature on Pb sorption by four soils in Yangtze River Delta.",Acta Pedologica Sinica,Ningjing Hu,title-keyword classification: sorption,pending_module_relevance_audit,pending,pending,pending,pending,,,,,Chinese T1 supplemental audit
D3,W3123132976,Soil moisture predicting model based on spectral absorption characteristics of the soil.,Acta Pedologica Sinica,Hui-ning Jin,title-keyword classification: sorption,pending_module_relevance_audit,pending,pending,pending,pending,,,,,Chinese T1 supplemental audit
D3,W3094652486,Advancement in study on adsorption of organic matter on soil minerals and its mechanism.,Acta Pedologica Sinica,Lei Wang,title-keyword classification: adsorption;sorption,pending_module_relevance_audit,pending,pending,pending,pending,,,,,Chinese T1 supplemental audit
D3,W2279487762,Accumulation and sorption characteristics of soil phosphorus in the Baoxiang River watershed in Dianchi Lake.,Acta Pedologica Sinica,Yunsheng Xia,title-keyword classification: sorption,pending_module_relevance_audit,pending,pending,pending,pending,,,,,Chinese T1 supplemental audit
D3,W2337818031,离子强度、Cd2＋和pH对生物炭吸附西玛津的影响,土壤,张桂香,title-keyword classification: 吸附,pending_module_relevance_audit,pending,pending,pending,pending,,,,,Chinese T1 supplemental audit
D3,W2361594630,Effect of Different Soil Salinity Levels and Application Rates of Nitrogen on the Growth of Cotton under Drip Irrigation,T'u Jang T'ung Pao,Wang Yan-na,title-keyword classification: salinity,pending_module_relevance_audit,pending,pending,pending,pending,,,,,Chinese T1 supplemental audit
D3,W2265660829,Spatial variation and evolution mechanism of clay mineral composition in agric horizon of black soil in Northeast China.,Acta Pedologica Sinica,Zheng Qing-fu,title-keyword classification: clay mineral,pending_module_relevance_audit,pending,pending,pending,pending,,,,,Chinese T1 supplemental audit
D3,W2376342908,Adsorption-desorption Characteristics and Biological Effects of Enrofloxacin in Agricultural Soils,T'u Jang T'ung Pao,Shunan Zheng,title-keyword classification: adsorption;sorption,pending_module_relevance_audit,pending,pending,pending,pending,,,,,Chinese T1 supplemental audit
D3,W229417691,不同pH下两种可变电荷土壤中Cu(II)、Pb(II)和Cd(II)吸附与解吸的比较研究,土壤,梁晶,title-keyword classification: 吸附,pending_module_relevance_audit,pending,pending,pending,pending,,,,,Chinese T1 supplemental audit
D3,W2371008207,"Influence of Salinity, Sodicity and Organic Matter on Some Physical Properties of Salt-affected Soils",T'u Jang T'ung Pao,Jing Cao,title-keyword classification: salinity;sodicity,pending_module_relevance_audit,pending,pending,pending,pending,,,,,Chinese T1 supplemental audit
D3,W2387417024,Studies on Adsorption Characteristics of BS-12 on Kaolinite and Its Affecting Factors,T'u Jang T'ung Pao,Zhao Pan-pa,title-keyword classification: adsorption;sorption,pending_module_relevance_audit,pending,pending,pending,pending,,,,,Chinese T1 supplemental audit
D4,W1891545583,氮、磷、钾用量与种植密度对油菜产量和品质的影响,植物营养与肥料学报,曾宇,title-keyword classification: source-scope fallback,pending_module_relevance_audit,pending,pending,pending,pending,,,,,Chinese T1 supplemental audit
D4,W1481849374,密度、氮肥互作对旱砂田西瓜产量、品质及氮肥利用率的影响,植物营养与肥料学报,杜少平 马忠明 薛亮,title-keyword classification: source-scope fallback,pending_module_relevance_audit,pending,pending,pending,pending,,,,,Chinese T1 supplemental audit
D4,W1143312321,分蘖期水稻地上部和空气间的NOX（NO、NO2）交换作用,植物营养与肥料学报,徐胜光,title-keyword classification: source-scope fallback,pending_module_relevance_audit,pending,pending,pending,pending,,,,,Chinese T1 supplemental audit
D4,W1539591041,钙对苹果果实钙调蛋白含量和Ca 2+ -ATPase活性及其基因表达的影响,植物营养与肥料学报,孙静文,title-keyword classification: source-scope fallback,pending_module_relevance_audit,pending,pending,pending,pending,,,,,Chinese T1 supplemental audit
D4,W3017349093,Calculation of real fertilizer use efficiency and discussion on fertilization strategies.,Acta Pedologica Sinica,Huoyan Wang,title-keyword classification: fertilizer,pending_module_relevance_audit,pending,pending,pending,pending,,,,,Chinese T1 supplemental audit
D4,W2379216867,Effects of Different Nitrogen Fertilizers on Ammonia Volatilization and Its Dynamic Characteristics of Double Cropping Rice,Shuitu Baochi Xuebao,Zhou Liang,title-keyword classification: fertilizer,pending_module_relevance_audit,pending,pending,pending,pending,,,,,Chinese T1 supplemental audit
D4,W1020384231,抗病性不同大豆品种根面及根际微生物区系的变化——I．非连作大豆（正茬）根面及根际微生物区系的变化,植物营养与肥料学报,陈宏宇,title-keyword classification: 根际,pending_module_relevance_audit,pending,pending,pending,pending,,,,,Chinese T1 supplemental audit
D4,W2349970215,Study on Spatial Distribution of Soil Quality and Quantitative Evaluation of Soil Fertility Quality under Middle Spatial Scale,T'u Jang T'ung Pao,Shi Xuezheng,title-keyword classification: soil fertility,pending_module_relevance_audit,pending,pending,pending,pending,,,,,Chinese T1 supplemental audit
D4,W2369953499,Effect of Different Age Forests on Soil Fertility Quality of Degraded Ecosystems,T'u Jang T'ung Pao,Junhua Zhang,title-keyword classification: soil fertility,pending_module_relevance_audit,pending,pending,pending,pending,,,,,Chinese T1 supplemental audit
D4,W1035199623,作物N、P、K含量对于平衡施肥的诊断意义,植物营养与肥料学报,蔡祖聪,title-keyword classification: source-scope fallback,pending_module_relevance_audit,pending,pending,pending,pending,,,,,Chinese T1 supplemental audit
D4,W1498802054,水稻苗期耐高Cu^2＋胁迫的QTL定位和上位性分析,植物营养与肥料学报,沈圣泉,title-keyword classification: source-scope fallback,pending_module_relevance_audit,pending,pending,pending,pending,,,,,Chinese T1 supplemental audit
D4,W2201449313,"Effects of application of nitrogen, phosphorus and potassium fertilizers on soil pH and cadmium availability.",Acta Pedologica Sinica,Zhao Jing,title-keyword classification: fertilizer,pending_module_relevance_audit,pending,pending,pending,pending,,,,,Chinese T1 supplemental audit
D4,W1546547408,红枣树氮、磷、钾吸收与累积年周期变化规律,植物营养与肥料学报,陈波浪,title-keyword classification: source-scope fallback,pending_module_relevance_audit,pending,pending,pending,pending,,,,,Chinese T1 supplemental audit
D4,W1620552967,测土配方施肥指标体系建立中“3414”试验方案应用探讨—以内蒙古海拉尔地区油菜“3414”试,植物营养与肥料学报,杨俐苹,title-keyword classification: source-scope fallback,pending_module_relevance_audit,pending,pending,pending,pending,,,,,Chinese T1 supplemental audit
D4,W118160241,不同施氮水平对烟富3/M 26 /平邑甜茶幼树当年及翌年氮素吸收、利用、分配的影响,植物营养与肥料学报,李晶 姜远茂 魏绍冲 王富林 周乐 李洪娜,title-keyword classification: source-scope fallback,pending_module_relevance_audit,pending,pending,pending,pending,,,,,Chinese T1 supplemental audit
D4,W2363907075,Study on the Correlation Between Nitrogen Release Dynamics of Controlled-release Fertilizer and Nitrogen Uptake of the Rice,Shuitu Baochi Xuebao,Jiang Xilong,title-keyword classification: fertilizer,pending_module_relevance_audit,pending,pending,pending,pending,,,,,Chinese T1 supplemental audit
D4,W1590620340,不同水肥处理对设施菜地N 2 O排放的影响,植物营养与肥料学报,杨岩 孙钦平 李吉进 刘春生 刘本生 许俊香 高利娟,title-keyword classification: source-scope fallback,pending_module_relevance_audit,pending,pending,pending,pending,,,,,Chinese T1 supplemental audit
D4,W1018415033,转Bt基因“克螟稻”秸秆还田对稻田厌氧微生物种群和酶活性的影响,植物营养与肥料学报,徐晓宇,title-keyword classification: source-scope fallback,pending_module_relevance_audit,pending,pending,pending,pending,,,,,Chinese T1 supplemental audit
D4,W1564445140,高温干旱共胁迫下外源甜菜碱和CaCl 2 对烟草生理响应的影响,植物营养与肥料学报,卢军,title-keyword classification: source-scope fallback,pending_module_relevance_audit,pending,pending,pending,pending,,,,,Chinese T1 supplemental audit
D4,W1023459114,小麦／蚕豆间作条件下小麦的氮、钾营养对小麦白粉病的影响,植物营养与肥料学报,肖靖秀,title-keyword classification: source-scope fallback,pending_module_relevance_audit,pending,pending,pending,pending,,,,,Chinese T1 supplemental audit
D4,W3095587282,Soil bacteria diversity in rhizosphere under two types of vegetation restoration based on high throughput sequencing.,Acta Pedologica Sinica,Yating Dai,title-keyword classification: rhizosphere,pending_module_relevance_audit,pending,pending,pending,pending,,,,,Chinese T1 supplemental audit
D4,W2354071973,Nitrogen Recovery and Nitrate Leaching from a Controlled Release Nitrogen Fertilizer in an Irrigated Paddy Soil,T'u Jang T'ung Pao,Zheng Ying-jun,title-keyword classification: fertilizer,pending_module_relevance_audit,pending,pending,pending,pending,,,,,Chinese T1 supplemental audit
D4,W1024370962,"不同供硫水平下烟草硫营养及对N,P,Cl等元素吸收的影响",植物营养与肥料学报,Liu Xin Qin,title-keyword classification: source-scope fallback,pending_module_relevance_audit,pending,pending,pending,pending,,,,,Chinese T1 supplemental audit
D4,W1004129972,C、N源及C／N比对微生物溶磷的影响,植物营养与肥料学报,赵小蓉,title-keyword classification: source-scope fallback,pending_module_relevance_audit,pending,pending,pending,pending,,,,,Chinese T1 supplemental audit
D4,W3095774346,Effects of planting and incorporation of Chinese milk vetch coupled with application of chemical fertilizer on active organic carbon and nitrogen in paddy soil.,Acta Pedologica Sinica,Chunzeng Liu,title-keyword classification: fertilizer,pending_module_relevance_audit,pending,pending,pending,pending,,,,,Chinese T1 supplemental audit
D4,W1027698831,桔梗的干物质累积及氮、磷、钾养分吸收特点,植物营养与肥料学报,祝丽香,title-keyword classification: 养分吸收,pending_module_relevance_audit,pending,pending,pending,pending,,,,,Chinese T1 supplemental audit
D4,W3216294200,"Effect of manure combined with chemical fertilizer application on yield, kernel quality and physiological characteristics of peanut to red soil in subtropical China.",Acta Pedologica Sinica,XU Xiao-wei,title-keyword classification: fertilizer,pending_module_relevance_audit,pending,pending,pending,pending,,,,,Chinese T1 supplemental audit
D4,W1543283498,磷转运蛋白基因 TaPht1;4 的染色体定位及其与在低磷下与小麦吸磷能力的关系,植物营养与肥料学报,郭丽 郭程瑾 路文静 李小娟 肖凯,title-keyword classification: source-scope fallback,pending_module_relevance_audit,pending,pending,pending,pending,,,,,Chinese T1 supplemental audit
D4,W1564532273,Fe^2＋与胡敏酸的络合特征及其抗氧化性和生物有效性研究,植物营养与肥料学报,王旭东,title-keyword classification: source-scope fallback,pending_module_relevance_audit,pending,pending,pending,pending,,,,,Chinese T1 supplemental audit
D4,W1495625565,根际施肥空间大小对 15 N吸收利用及桃幼树生长的影响,植物营养与肥料学报,肖元松 彭福田 房龙 颜克发 张华美 齐玉吉 李勇,title-keyword classification: 根际,pending_module_relevance_audit,pending,pending,pending,pending,,,,,Chinese T1 supplemental audit
D5,W2278505223,模拟氮沉降对杉木人工林(Cunninghamia lanceolata)土壤酶活性及微生物群落功能多样性的影响,土壤,袁颖红,title-keyword classification: 土壤酶;微生物群落,pending_module_relevance_audit,pending,pending,pending,pending,,,,,Chinese T1 supplemental audit
D5,W3095587282,Soil bacteria diversity in rhizosphere under two types of vegetation restoration based on high throughput sequencing.,Acta Pedologica Sinica,Yating Dai,title-keyword classification: bacteria,pending_module_relevance_audit,pending,pending,pending,pending,,,,,Chinese T1 supplemental audit
D5,W3174120066,Soil Microbial Biomass and Enzyme Activity in the Process of Vegetation Restoration in Burned Area of Great Xing’an Mountains,Shuitu Baochi Xuebao,Lihong Wang,title-keyword classification: microbial biomass;soil microbial,pending_module_relevance_audit,pending,pending,pending,pending,,,,,Chinese T1 supplemental audit
D5,W1494203998,Fe 2+ 对水稻生长及土壤微生物活性的影响,植物营养与肥料学报,陈娜 廖 敏 张楠 徐培智 解开治 徐昌旭 刘光荣,title-keyword classification: 土壤微生物,pending_module_relevance_audit,pending,pending,pending,pending,,,,,Chinese T1 supplemental audit
D5,W1618801717,“薄浅湿晒”灌溉稻田土壤微生物量碳、氮和酶活性研究,植物营养与肥料学报,梁燕菲 张萧萧 李伏生,title-keyword classification: 土壤微生物;微生物量,pending_module_relevance_audit,pending,pending,pending,pending,,,,,Chinese T1 supplemental audit
D5,W240932967,Effect of intercropping of cucumber with different crops on cucumber diseases and soil microbial community diversity.,Acta Pedologica Sinica,WU Feng-zhi,title-keyword classification: microbial community;soil microbial,pending_module_relevance_audit,pending,pending,pending,pending,,,,,Chinese T1 supplemental audit
D5,W1784582979,Microbial community structure in production water from a Daqing petroleum reservoir.,Acta Pedologica Sinica,Wu YaMan,title-keyword classification: microbial community,pending_module_relevance_audit,pending,pending,pending,pending,,,,,Chinese T1 supplemental audit
D5,W2366229131,Variation of Microbial Community Structure in Relation to Successive Cucumber Cropping Soil,T'u Jang T'ung Pao,Yuansen Hu,title-keyword classification: microbial community,pending_module_relevance_audit,pending,pending,pending,pending,,,,,Chinese T1 supplemental audit
D5,W3097606072,Effect of elevation on abundance distribution of different feeding groups in litter-dwelling soil fauna.,Acta Pedologica Sinica,Guorui Xu,title-keyword classification: soil fauna,pending_module_relevance_audit,pending,pending,pending,pending,,,,,Chinese T1 supplemental audit
D5,W253142472,DGGE analysis of PCR of 16S rDNA V3 fragments of soil bacteria community in soil under natural broadleaf forest invaded by Phyllostachy pubescens in Tianmu Mountain Nature Reserve.,Acta Pedologica Sinica,Wang QiZan,title-keyword classification: bacteria,pending_module_relevance_audit,pending,pending,pending,pending,,,,,Chinese T1 supplemental audit
D5,W2359241107,The Characteristics of Soil Organic Carbon and Soil Microbial Community Structure in Two Deciduous Broadleaved Forest Types,T'u Jang T'ung Pao,Zhang Yu-guan,title-keyword classification: microbial community;soil microbial,pending_module_relevance_audit,pending,pending,pending,pending,,,,,Chinese T1 supplemental audit
D5,W1571545663,太湖地区长期不同施肥水稻土N 2 和CO 2 固定细菌群落结构的特征与差异,植物营养与肥料学报,靳振江 潘根兴 刘晓雨 李恋卿,title-keyword classification: 细菌,pending_module_relevance_audit,pending,pending,pending,pending,,,,,Chinese T1 supplemental audit
D5,W2397817434,Effect of long term fertilization on microbial biomass and activity in fluvo-aquic soil during maize growth period.,Acta Pedologica Sinica,Ji Chen,title-keyword classification: microbial biomass,pending_module_relevance_audit,pending,pending,pending,pending,,,,,Chinese T1 supplemental audit
D5,W2361784484,Progress of the methods for studying soil microbial diversity,T'u Jang T'ung Pao,Jiao Xiaodan,title-keyword classification: soil microbial,pending_module_relevance_audit,pending,pending,pending,pending,,,,,Chinese T1 supplemental audit
D5,W3163785460,Effects of monocropping on diversity and structure of the bacterial community in rhizosphere of replanted Lycium barbarum L.,Acta Pedologica Sinica,Xiaofan Na,title-keyword classification: bacteria,pending_module_relevance_audit,pending,pending,pending,pending,,,,,Chinese T1 supplemental audit
D5,W1596926844,Cr^3＋污染对稻田土壤的反硝化细菌种群数量及其活性影响的研究,植物营养与肥料学报,闵航,title-keyword classification: 细菌,pending_module_relevance_audit,pending,pending,pending,pending,,,,,Chinese T1 supplemental audit
D5,W2373568269,Effects of Magnetic Treatment on Some Soil Microbial Activities in Brown Earth,T'u Jang T'ung Pao,Fang Yun-bo,title-keyword classification: soil microbial,pending_module_relevance_audit,pending,pending,pending,pending,,,,,Chinese T1 supplemental audit
D5,W2506676546,Seasonal dynamics of soil microbial biomass and its significance to indicate soil quality under different vegetations restored on degraded red soils,Acta Pedologica Sinica,Manqiang Liu,title-keyword classification: microbial biomass;soil microbial,pending_module_relevance_audit,pending,pending,pending,pending,,,,,Chinese T1 supplemental audit
D5,W2354264292,Advance on Response of Soil Enzyme Activity to Ecological Environment,T'u Jang T'ung Pao,Song Chang-chun,title-keyword classification: soil enzyme,pending_module_relevance_audit,pending,pending,pending,pending,,,,,Chinese T1 supplemental audit
D5,W2752116477,Characteristics of Microbial Biomass Carbon in Soil Aggregates of Burned Area under Different Restorations,Shuitu Baochi Xuebao,Hongyun Li,title-keyword classification: microbial biomass,pending_module_relevance_audit,pending,pending,pending,pending,,,,,Chinese T1 supplemental audit
D5,W1587395300,丛枝菌根真菌（Glomus caledonium）对铜污染土壤生物修复机理初探,植物营养与肥料学报,申鸿,title-keyword classification: 真菌,pending_module_relevance_audit,pending,pending,pending,pending,,,,,Chinese T1 supplemental audit
D5,W2248366953,小麦–玉米轮作体系长期施肥对塿土微生物量碳、氮及酶活性的影响,植物营养与肥料学报,李花,title-keyword classification: 微生物量,pending_module_relevance_audit,pending,pending,pending,pending,,,,,Chinese T1 supplemental audit
D5,W3200987690,Soil microbial biomass carbon and nitrogen in mongolian grasslad,Acta Pedologica Sinica,Li XiangZhen,title-keyword classification: microbial biomass;soil microbial,pending_module_relevance_audit,pending,pending,pending,pending,,,,,Chinese T1 supplemental audit
D5,W2360115919,A Modified Fumigation Extraction Method for the Determination of Soil Microbial Biomass Carbon,T'u Jang T'ung Pao,Yu Wan,title-keyword classification: microbial biomass;soil microbial,pending_module_relevance_audit,pending,pending,pending,pending,,,,,Chinese T1 supplemental audit
D5,W2382019779,The Relationship among Organic Matter Content and Soil Microbial Biomass and Soil Enzyme Activities,T'u Jang T'ung Pao,Xiaobing Liu,title-keyword classification: microbial biomass;soil enzyme;soil microbial,pending_module_relevance_audit,pending,pending,pending,pending,,,,,Chinese T1 supplemental audit
D5,W2382153566,Assessment of the Impact of Different Fertilization Systems On Soil Microbial Ecology,T'u Jang T'ung Pao,Xu Yonggang,title-keyword classification: soil microbial,pending_module_relevance_audit,pending,pending,pending,pending,,,,,Chinese T1 supplemental audit
D5,W3133642219,Measuring the gross turnover time of soil microbial biomass C under incubation,Acta Pedologica Sinica,Jinshui Wu,title-keyword classification: microbial biomass;soil microbial,pending_module_relevance_audit,pending,pending,pending,pending,,,,,Chinese T1 supplemental audit
D6,W3200596126,Spatio-temporal variations of soil organic carbon and total nitrogen and driving factors in Purple Soil Hilly area of Mid-Sichuan Basin in the past 30 years.,Acta Pedologica Sinica,Youlin Luo,title-keyword classification: soil organic carbon,pending_module_relevance_audit,pending,pending,pending,pending,,,,,Chinese T1 supplemental audit
D6,W2384533314,Forest Soil Organic Carbon Fraction and Its Measure Methods,T'u Jang T'ung Pao,HU Ting-xing,title-keyword classification: soil organic carbon,pending_module_relevance_audit,pending,pending,pending,pending,,,,,Chinese T1 supplemental audit
D6,W2357160920,Spatial Distribution of Soil Organic Carbon and Nitrogen in Hebei Province Based on SOTER,T'u Jang T'ung Pao,Mingxin Men,title-keyword classification: soil organic carbon,pending_module_relevance_audit,pending,pending,pending,pending,,,,,Chinese T1 supplemental audit
D6,W2386904777,Discussion on Dynamics Models of Soil Organic Carbon and Soil Organic Nitrogen,T'u Jang T'ung Pao,Ming Gao,title-keyword classification: soil organic carbon,pending_module_relevance_audit,pending,pending,pending,pending,,,,,Chinese T1 supplemental audit
D6,W3096763470,Effects of long-term fertilization on soil organic carbon balance and maize yield in yellow soil.,Acta Pedologica Sinica,Zhang YaRong,title-keyword classification: soil organic carbon,pending_module_relevance_audit,pending,pending,pending,pending,,,,,Chinese T1 supplemental audit
D6,W2373402003,Discussion on the Methods for Estimating Soil Organic Carbon Density and Storage,T'u Jang T'ung Pao,Shao Yue-hong,title-keyword classification: soil organic carbon,pending_module_relevance_audit,pending,pending,pending,pending,,,,,Chinese T1 supplemental audit
D6,W2414314882,The variation of soil organic carbon and soil particle-size in Xinjiang oasis farmland of different years.,Acta Pedologica Sinica,Tang Guangmu,title-keyword classification: soil organic carbon,pending_module_relevance_audit,pending,pending,pending,pending,,,,,Chinese T1 supplemental audit
D6,W322743717,Application of stable carbon isotope technique in study of methane emission from rice field.,Acta Pedologica Sinica,Zhang Guangbin,title-keyword classification: isotope;methane,pending_module_relevance_audit,pending,pending,pending,pending,,,,,Chinese T1 supplemental audit
D6,W2367114722,Effect of Different Long-term Fertilization Treatments on Particulate Organic Carbon in Water-stable Aggregates of a Paddy Soil,T'u Jang T'ung Pao,Genxing Pan,title-keyword classification: particulate organic,pending_module_relevance_audit,pending,pending,pending,pending,,,,,Chinese T1 supplemental audit
D6,W246062965,SOC enhancement in three major types of paddy soils in a long-term agro-ecosystem experiment in South China: III. Structural variation of particulate organic matter of two paddy soils.,Acta Pedologica Sinica,Ping Zhou,title-keyword classification: particulate organic,pending_module_relevance_audit,pending,pending,pending,pending,,,,,Chinese T1 supplemental audit
D6,W3211918079,The application of biomarker genes for DNA/RNA-stable isotope probing of active methanotrophs responsible for aerobic methane oxidation in six paddy soils.,Acta Pedologica Sinica,Zheng Yan,title-keyword classification: isotope;methane,pending_module_relevance_audit,pending,pending,pending,pending,,,,,Chinese T1 supplemental audit
D6,W2590604642,Effects of fertilization on particulate organic matter formation and aggregate stability in paddy soil,Acta Pedologica Sinica,LI Jiang-tao,title-keyword classification: particulate organic,pending_module_relevance_audit,pending,pending,pending,pending,,,,,Chinese T1 supplemental audit
D6,W2373199583,Calculation Method for Density and Storage of Soil Organic Carbon,T'u Jang T'ung Pao,Xiangbin Kong,title-keyword classification: soil organic carbon,pending_module_relevance_audit,pending,pending,pending,pending,,,,,Chinese T1 supplemental audit
D6,W289882933,Methane emission and mitigation strategies in animal manure management system.,Acta Pedologica Sinica,Ruirui Chen,title-keyword classification: methane,pending_module_relevance_audit,pending,pending,pending,pending,,,,,Chinese T1 supplemental audit
D6,W2366768380,Effects of Spartina alterniflora Invasion on Active Soil Organic Carbon in the Coastal Marshes,T'u Jang T'ung Pao,Zhang Yaohong,title-keyword classification: soil organic carbon,pending_module_relevance_audit,pending,pending,pending,pending,,,,,Chinese T1 supplemental audit
D6,W2364513560,Vertical Distribution Characteristics of Soil Organic Carbon Content in an Alpine-cold Zone of Northwest Sichuan,T'u Jang T'ung Pao,Du Juan,title-keyword classification: soil organic carbon,pending_module_relevance_audit,pending,pending,pending,pending,,,,,Chinese T1 supplemental audit
D6,W2353282144,Progress of Research on Carbon Cycle of Wetlands in China,T'u Jang T'ung Pao,Chun‐Ying Liu,title-keyword classification: carbon cycle,pending_module_relevance_audit,pending,pending,pending,pending,,,,,Chinese T1 supplemental audit
D6,W2371515143,Distribution of Soil Organic Carbon and Its Loss in Black Soils in Northeast China,T'u Jang T'ung Pao,Yan Shen,title-keyword classification: soil organic carbon,pending_module_relevance_audit,pending,pending,pending,pending,,,,,Chinese T1 supplemental audit
D6,W2257637466,水稻土甲烷产生、氧化和排放过程的相互影响——以水分历史处理为例,土壤,徐华,title-keyword classification: 甲烷,pending_module_relevance_audit,pending,pending,pending,pending,,,,,Chinese T1 supplemental audit
D6,W2998899393,Distribution of soil organic carbon in grassland on Loess Plateau and its influencing factors.,Acta Pedologica Sinica,Wei Liu,title-keyword classification: soil organic carbon,pending_module_relevance_audit,pending,pending,pending,pending,,,,,Chinese T1 supplemental audit
D6,W3085711487,Effects of Desertification on Soil Organic Carbons and Soil Inorganic Carbons in Desert Grassland,Shuitu Baochi Xuebao,Qiaoling Li,title-keyword classification: soil organic carbon,pending_module_relevance_audit,pending,pending,pending,pending,,,,,Chinese T1 supplemental audit
D6,W148883353,Literature review on estimation of methane emission from paddy fields in China.,Acta Pedologica Sinica,Zhang Guangbin,title-keyword classification: methane,pending_module_relevance_audit,pending,pending,pending,pending,,,,,Chinese T1 supplemental audit
D6,W3121271114,Determination of nitrogen and oxygen isotope ratio of nitrate in water with a chemical conversion method.,Acta Pedologica Sinica,Xi Wang,title-keyword classification: isotope,pending_module_relevance_audit,pending,pending,pending,pending,,,,,Chinese T1 supplemental audit
D6,W3088288356,Difference in stable carbon isotope composition and profile distribution of soil organic matter between brown limestone soil and yellow soil in karst areas of Guizhou Province,Acta Pedologica Sinica,Zhu Shu-fa,title-keyword classification: isotope,pending_module_relevance_audit,pending,pending,pending,pending,,,,,Chinese T1 supplemental audit
D6,W2357191108,EFFECT OF RICE STRAW MANURE ON METHANE EMISSION IN LATE-RICE PADDY FIELDS,Acta Pedologica Sinica,PO Box,title-keyword classification: methane,pending_module_relevance_audit,pending,pending,pending,pending,,,,,Chinese T1 supplemental audit
D6,W2349924988,The Progress of Study on Soil Organic Carbon Dynamics in Cropland,T'u Jang T'ung Pao,Zhang Xiao-ping,title-keyword classification: soil organic carbon,pending_module_relevance_audit,pending,pending,pending,pending,,,,,Chinese T1 supplemental audit
D6,W2750607585,Characteristics of Hydrogen and Oxygen Isotopes of Precipitation and Soil Water in Woodland in Water Source Area of Yuanyang Terrace,Shuitu Baochi Xuebao,Jing Ma,title-keyword classification: isotope,pending_module_relevance_audit,pending,pending,pending,pending,,,,,Chinese T1 supplemental audit
D7,W2366473307,Techniques on Soil Remediation and Disposal of Vanadium Pollution,T'u Jang T'ung Pao,Teng Yanguo,title-keyword classification: remediation,pending_module_relevance_audit,pending,pending,pending,pending,,,,,Chinese T1 supplemental audit
D7,W2347135262,铜污染土壤修复的有机调控研究：I.可溶性有机物和EDTA对污染红壤铜的 …,土壤,吴龙华,title-keyword classification: 修复,pending_module_relevance_audit,pending,pending,pending,pending,,,,,Chinese T1 supplemental audit
D7,W2384514677,Effect of Organic Acids Amendment on Cadmium Uptake and Translocation by Echinodorus Osiris,T'u Jang T'ung Pao,Liu Wan-r,title-keyword classification: cadmium,pending_module_relevance_audit,pending,pending,pending,pending,,,,,Chinese T1 supplemental audit
D7,W3178146524,Effects of Biochar on Plant Growth and Uptake of Heavy Metal Cadmium,Shuitu Baochi Xuebao,Amei Liu,title-keyword classification: cadmium;heavy metal,pending_module_relevance_audit,pending,pending,pending,pending,,,,,Chinese T1 supplemental audit
D7,W2346262722,重金属污染土壤的植物修复研究：II.金属富集植物Brassica Juncea根 …,土壤,吴胜春,title-keyword classification: 修复;植物修复;重金属,pending_module_relevance_audit,pending,pending,pending,pending,,,,,Chinese T1 supplemental audit
D7,W2405211267,Study on soil environmental quality guidelines and standards: V. Modeling of cadmium uptake in soil-crop systems for human food safety in China.,Acta Pedologica Sinica,Hongzhen Zhang,title-keyword classification: cadmium,pending_module_relevance_audit,pending,pending,pending,pending,,,,,Chinese T1 supplemental audit
D7,W3161817420,Effects of Continuous Irrigation of Biogas Slurry on Nutrient and Heavy Metal Content in Soil of Dry Land and Paddy Fields,Shuitu Baochi Xuebao,Yao Chen,title-keyword classification: heavy metal,pending_module_relevance_audit,pending,pending,pending,pending,,,,,Chinese T1 supplemental audit
D7,W2345923133,污泥土地利用研究：II、连续化学提取法研究施污泥土壤重金属的有效性和环境风险,土壤,乔显亮,title-keyword classification: 重金属,pending_module_relevance_audit,pending,pending,pending,pending,,,,,Chinese T1 supplemental audit
D7,W2353836638,Effects of Organic Matter Accumulation and Acidification on Release Potential of Heavy Metals from Polluted Soils,T'u Jang T'ung Pao,Mingkui Zhang,title-keyword classification: heavy metal,pending_module_relevance_audit,pending,pending,pending,pending,,,,,Chinese T1 supplemental audit
D7,W2783776597,Eco-risk assessment and bioremediation of petroleum contaminated soil III Phyto-microbial remediation of petroleum contaminated soil,Acta Pedologica Sinica,LiuWuXing,title-keyword classification: remediation,pending_module_relevance_audit,pending,pending,pending,pending,,,,,Chinese T1 supplemental audit
D7,W2360939173,Contaminative and Interfacial Processes of Soil Cadmium in a Lead-zinc Mining Area,T'u Jang T'ung Pao,Xin Wang,title-keyword classification: cadmium,pending_module_relevance_audit,pending,pending,pending,pending,,,,,Chinese T1 supplemental audit
D7,W1607012678,南京城郊蔬菜基地土壤有效态铅、锌、铜和镉的空间分异及其驱动因子研究,土壤,张庆利,title-keyword classification: 镉,pending_module_relevance_audit,pending,pending,pending,pending,,,,,Chinese T1 supplemental audit
D7,W2386523678,"Assessment of Ecological Risk of Heavy Metals in Soils in Kuitun,Xinjiang",T'u Jang T'ung Pao,WU Hong-xin,title-keyword classification: ecological risk;heavy metal,pending_module_relevance_audit,pending,pending,pending,pending,,,,,Chinese T1 supplemental audit
D7,W3016598901,Enhanced phytoremediation of benzo [a] pyrene contaminated soil with arbuscular mycorrhizal fungi,Acta Pedologica Sinica,Shi‐Liang Liu,title-keyword classification: phytoremediation;remediation,pending_module_relevance_audit,pending,pending,pending,pending,,,,,Chinese T1 supplemental audit
D7,W1427188892,Soil environmental quality and remediation in Yangtze River Delta Region V. Pollution status and sources of polycyclic aromatic hydrocarbons in agricultural soils of typical districts.,Acta Pedologica Sinica,Ni JinZhi,title-keyword classification: remediation,pending_module_relevance_audit,pending,pending,pending,pending,,,,,Chinese T1 supplemental audit
D7,W2367179779,A Study on Phytoremediation of Cannabis sativa L.in Heavy Metals Polluted Soil,T'u Jang T'ung Pao,Min Zeng,title-keyword classification: heavy metal;phytoremediation;remediation,pending_module_relevance_audit,pending,pending,pending,pending,,,,,Chinese T1 supplemental audit
D7,W323585637,The health risk assessment and bioaccumulation of PCBs in soil-vegetables nearby E-waste area.,Acta Pedologica Sinica,Jianying Zhang,title-keyword classification: health risk,pending_module_relevance_audit,pending,pending,pending,pending,,,,,Chinese T1 supplemental audit
D7,W2346590740,有机络合强化植物修复的环境风险研究：II．不同质地对EDTA淋溶土壤中重金属的动态作用,土壤,吴龙华,title-keyword classification: 修复;植物修复;重金属,pending_module_relevance_audit,pending,pending,pending,pending,,,,,Chinese T1 supplemental audit
D7,W185913785,我国酸性土壤地区土壤环境质量标准实践中的修改建议——以铅、镍和镉的标准研究为例,土壤,万洪富,title-keyword classification: 镉,pending_module_relevance_audit,pending,pending,pending,pending,,,,,Chinese T1 supplemental audit
D7,W1492300411,"重金属污染土壤的植物修复研究：I.金属富集植物Brassica juncea对铜, …",土壤,蒋先军,title-keyword classification: 修复;植物修复;重金属,pending_module_relevance_audit,pending,pending,pending,pending,,,,,Chinese T1 supplemental audit
D7,W2355644631,Heavy metal pollution of soil and agricultural products in shenyang suburbs:current situation,T'u Jang T'ung Pao,Yong Zhang,title-keyword classification: heavy metal,pending_module_relevance_audit,pending,pending,pending,pending,,,,,Chinese T1 supplemental audit
D7,W2385982338,Residual Characteristics of Herbicides and Organochlorine Pesticides in Agricultural Soils in Northern Liaoning Province,T'u Jang T'ung Pao,Wang Wan,title-keyword classification: pesticide,pending_module_relevance_audit,pending,pending,pending,pending,,,,,Chinese T1 supplemental audit
D7,W2361752831,Investigation on Heavy Metal Pollution in a Typical Area of the Pearl River Delta,T'u Jang T'ung Pao,Genxing Pan,title-keyword classification: heavy metal,pending_module_relevance_audit,pending,pending,pending,pending,,,,,Chinese T1 supplemental audit
D7,W3202274153,"GIS-based heavy metals risk assessment of agricultural soils - a case study of Baguazhou, Nanjing.",Acta Pedologica Sinica,Song Jinxi,title-keyword classification: heavy metal,pending_module_relevance_audit,pending,pending,pending,pending,,,,,Chinese T1 supplemental audit
D7,W2364688976,Pollution of Soil Heavy Metals and Its Evaluation with Various Land Utilization in a Coastal Area of Fujian Province,T'u Jang T'ung Pao,Wang Ji-zeng,title-keyword classification: heavy metal,pending_module_relevance_audit,pending,pending,pending,pending,,,,,Chinese T1 supplemental audit
D7,W2345615162,铜污染土壤修复的有机调控研究：II.根际土壤铜的有机活化效应,土壤,吴龙华,title-keyword classification: 修复,pending_module_relevance_audit,pending,pending,pending,pending,,,,,Chinese T1 supplemental audit
D7,W2345743233,镉污染土壤的植物修复及其EDTA调控研究：I、镉对富集植物印度芥菜的毒性,土壤,蒋先军,title-keyword classification: 修复;植物修复;镉,pending_module_relevance_audit,pending,pending,pending,pending,,,,,Chinese T1 supplemental audit
D7,W2377452592,Heavy Metal Elements Pollution Evaluation on the Ecological Environment of the Sanjiang Plain Based on GIS,T'u Jang T'ung Pao,Shuqing Zhang,title-keyword classification: heavy metal,pending_module_relevance_audit,pending,pending,pending,pending,,,,,Chinese T1 supplemental audit
D7,W1160214003,杂交苏丹草(Sorghum bicolor×S.sudanense)修复DDT污染土壤效果研究,土壤,邢素芝,title-keyword classification: 修复,pending_module_relevance_audit,pending,pending,pending,pending,,,,,Chinese T1 supplemental audit
D7,W3122816400,A review of researches on intensified bio-remediation of polycyclic aromatic hydrocarbons contaminated soils.,Acta Pedologica Sinica,Ni Ni,title-keyword classification: remediation,pending_module_relevance_audit,pending,pending,pending,pending,,,,,Chinese T1 supplemental audit
D8,W2742618674,Study on Distribution and Mechanical Properties of Plant Roots for Highway Slope Protection in Loess Plateau,Shuitu Baochi Xuebao,Liu Zizhuang,title-keyword classification: source-scope fallback,pending_module_relevance_audit,pending,pending,pending,pending,,,,,Chinese T1 supplemental audit
D8,W2742240285,"Effects of Exogenous Ca(2+)on Growth Properties,Photosynthetic and Physiological Characteristics of Summer Squash Under NaCl Stress",Shuitu Baochi Xuebao,Shuhao Qin,title-keyword classification: source-scope fallback,pending_module_relevance_audit,pending,pending,pending,pending,,,,,Chinese T1 supplemental audit
D8,W2742583601,土壌におけるセメント質の分布特性と黄土の安定性に及ぼすそれらの影響を研究した。【JST・京大機械翻訳】,Shuitu Baochi Xuebao,Wang Zilong,title-keyword classification: source-scope fallback,pending_module_relevance_audit,pending,pending,pending,pending,,,,,Chinese T1 supplemental audit
D8,W2743529005,動的解析に基づく生態学的足跡はチベットの持続性発展評価できる.【JST・京大機械翻訳】,Shuitu Baochi Xuebao,Ping Li,title-keyword classification: source-scope fallback,pending_module_relevance_audit,pending,pending,pending,pending,,,,,Chinese T1 supplemental audit
D8,W2743360670,異なる分解能DEMによるガリーの形態的特徴パラメータの変換に関する研究【JST・京大機械翻訳】,Shuitu Baochi Xuebao,Wu Hongyan,title-keyword classification: source-scope fallback,pending_module_relevance_audit,pending,pending,pending,pending,,,,,Chinese T1 supplemental audit
D8,W2743253550,中国北部の岩石山岳地帯の坡面JianShiと面状侵食堆積物粒子特徴を研究【JST・京大機械翻訳】,Shuitu Baochi Xuebao,Yang Fan,title-keyword classification: source-scope fallback,pending_module_relevance_audit,pending,pending,pending,pending,,,,,Chinese T1 supplemental audit
D8,W2367652790,Study on Water Holding Capacity of Forest Litters of Three Typical Types in Qiannanyu Tourism Zone of Taihang Mountain,Shuitu Baochi Xuebao,Xu Xuehua,title-keyword classification: source-scope fallback,pending_module_relevance_audit,pending,pending,pending,pending,,,,,Chinese T1 supplemental audit
D8,W2385517668,"Rocky Land Desertification and Its Controlling Measurements in the Karst Mountainous Region,Southwest of China",T'u Jang T'ung Pao,SU Wei-ci,title-keyword classification: desertification,pending_module_relevance_audit,pending,pending,pending,pending,,,,,Chinese T1 supplemental audit
D8,W2742857661,赤色土傾斜地における土壌水分特性に及ぼす枯落物敷の影響【JST・京大機械翻訳】,Shuitu Baochi Xuebao,Xiaofei Nie,title-keyword classification: source-scope fallback,pending_module_relevance_audit,pending,pending,pending,pending,,,,,Chinese T1 supplemental audit
D8,W2743444776,アルミニウムストレス下での根系分泌物の光合成特性とアルミニウム耐性に対する影響【JST・京大機械翻訳】,Shuitu Baochi Xuebao,Liu Peng,title-keyword classification: source-scope fallback,pending_module_relevance_audit,pending,pending,pending,pending,,,,,Chinese T1 supplemental audit
D8,W2743309059,"生態学的機能における区水土の損失感受性評価と分布研究は,貴州省雷山県市を例として取り上げた。【JST・京大機械翻訳】",Shuitu Baochi Xuebao,Sun Xiaotao,title-keyword classification: source-scope fallback,pending_module_relevance_audit,pending,pending,pending,pending,,,,,Chinese T1 supplemental audit
D8,W2353836638,Effects of Organic Matter Accumulation and Acidification on Release Potential of Heavy Metals from Polluted Soils,T'u Jang T'ung Pao,Mingkui Zhang,title-keyword classification: acidification,pending_module_relevance_audit,pending,pending,pending,pending,,,,,Chinese T1 supplemental audit
D8,W3162474083,Spatial Distribution Characteristics of Soil Organic Matter and Nitrogen of Picea crassifolia in Qilian Mountains,Shuitu Baochi Xuebao,Che Zongxi,title-keyword classification: source-scope fallback,pending_module_relevance_audit,pending,pending,pending,pending,,,,,Chinese T1 supplemental audit
D8,W3045985769,Effect of Postponing Nitrogen Application on Rice Yield Formation and Nitrogen Dynamics in Surface Water of Paddy Field,Shuitu Baochi Xuebao,Duan Xiaoli,title-keyword classification: source-scope fallback,pending_module_relevance_audit,pending,pending,pending,pending,,,,,Chinese T1 supplemental audit
D8,W3085711487,Effects of Desertification on Soil Organic Carbons and Soil Inorganic Carbons in Desert Grassland,Shuitu Baochi Xuebao,Qiaoling Li,title-keyword classification: desertification,pending_module_relevance_audit,pending,pending,pending,pending,,,,,Chinese T1 supplemental audit
D8,W2743057281,"異なる地表水文条件下での鉱山の土壌侵食に対する鉱山土壌の影響についての研究は,以攀枝花市の郡鉱山において行われている。【JST・京大機械翻訳】",Shuitu Baochi Xuebao,Yang Chao,title-keyword classification: source-scope fallback,pending_module_relevance_audit,pending,pending,pending,pending,,,,,Chinese T1 supplemental audit
D8,W2742814630,異なる土壌管理対策の下での農地の流出と流出と窒素とリンの損失特性【JST・京大機械翻訳】,Shuitu Baochi Xuebao,Chang Songguo,title-keyword classification: source-scope fallback,pending_module_relevance_audit,pending,pending,pending,pending,,,,,Chinese T1 supplemental audit
D8,W2362848157,Using REE to Trace Sediment Source from Simulated Watershed in Three Gorges Reservoir Region,Shuitu Baochi Xuebao,Hai Xiao,title-keyword classification: source-scope fallback,pending_module_relevance_audit,pending,pending,pending,pending,,,,,Chinese T1 supplemental audit
D8,W3195358437,Effects of Forest and Grass Restoration on Soil Aggregates and Its Organic Carbon in Karst Rocky Desertification Areas,Shuitu Baochi Xuebao,Jin Wang,title-keyword classification: desertification,pending_module_relevance_audit,pending,pending,pending,pending,,,,,Chinese T1 supplemental audit
D8,W2392074213,Study on Different Plant Biological Grid Systems in Eutrophic Landscape Water,Shuitu Baochi Xuebao,WU Qing,title-keyword classification: source-scope fallback,pending_module_relevance_audit,pending,pending,pending,pending,,,,,Chinese T1 supplemental audit
D8,W2382739403,Vertical Infiltration Characteristics of Reclamation Farmland Soil Filled with the Yellow River Sediment,Shuitu Baochi Xuebao,Fang Shao,title-keyword classification: reclamation,pending_module_relevance_audit,pending,pending,pending,pending,,,,,Chinese T1 supplemental audit
D8,W2747673697,Study on Soil Permeability of Slumping Deposits in Benggang,Shuitu Baochi Xuebao,Jiang Fangshi,title-keyword classification: source-scope fallback,pending_module_relevance_audit,pending,pending,pending,pending,,,,,Chinese T1 supplemental audit
D8,W2743234764,Effects of Applied Time of Ammonium and Nitrate N on Wheat Yield,Shuitu Baochi Xuebao,Miao Yan-fang,title-keyword classification: source-scope fallback,pending_module_relevance_audit,pending,pending,pending,pending,,,,,Chinese T1 supplemental audit
D8,W2362863814,Effects of Reclamation and Fertilization on Calcareous Soil Fertility in the Initial Period of Cultivation,T'u Jang T'ung Pao,Wei Zhang,title-keyword classification: reclamation,pending_module_relevance_audit,pending,pending,pending,pending,,,,,Chinese T1 supplemental audit
D8,W2742976993,地理的要因によって支援された黄土丘陵地の典型的流域における量効果の比較と評価【JST・京大機械翻訳】,Shuitu Baochi Xuebao,Ma Jing,title-keyword classification: source-scope fallback,pending_module_relevance_audit,pending,pending,pending,pending,,,,,Chinese T1 supplemental audit
D8,W2750381778,Study on the Evapotranspiration Features of Vegetation Over Flat Underlying Surface and Response to Meteorological Factors,Shuitu Baochi Xuebao,Hua Shengzhuo,title-keyword classification: source-scope fallback,pending_module_relevance_audit,pending,pending,pending,pending,,,,,Chinese T1 supplemental audit
D8,W3215613709,Characteristics of erosion control by contour hedgerows on cultivated slope land of purplish soil,Acta Pedologica Sinica,Feng Xu,title-keyword classification: erosion control,pending_module_relevance_audit,pending,pending,pending,pending,,,,,Chinese T1 supplemental audit
D8,W3018117627,Correlation between rock desertification and variations of soil and surface vegetation in karst eco-system,Acta Pedologica Sinica,Yangbing Li,title-keyword classification: desertification,pending_module_relevance_audit,pending,pending,pending,pending,,,,,Chinese T1 supplemental audit
D8,W1163170515,"Mechanism, temporal-spatial changes and control measures of soil degradation in hilly red soil region of Southeast China.",Acta Pedologica Sinica,Zhao Qiguo,title-keyword classification: soil degradation,pending_module_relevance_audit,pending,pending,pending,pending,,,,,Chinese T1 supplemental audit
D8,W2977473087,Review on Changes in Soil Physical Properties and Water and Soil Conservation under Contour Hedgerow Intercropping System,T'u Jang T'ung Pao,Maojie Tian,title-keyword classification: soil conservation,pending_module_relevance_audit,pending,pending,pending,pending,,,,,Chinese T1 supplemental audit
D9,W1763582303,"Distribution and sources analysis of PAHs in farmland soils in areas typical of the Yangtze River Delta, China.",Acta Pedologica Sinica,Liu Zengjun,title-keyword classification: farmland,pending_module_relevance_audit,pending,pending,pending,pending,,,,,Chinese T1 supplemental audit
D9,W2345628864,村庄建设、土地利用与农村产业发展的规划协调研究——以四川省彭州市葛仙山镇熙玉村灾后重建规划为例,土壤,单正英,title-keyword classification: 土地利用,pending_module_relevance_audit,pending,pending,pending,pending,,,,,Chinese T1 supplemental audit
D9,W2379674637,Characterization of Organic Matter Accumulated in Urban Soils in the Hangzhou City,T'u Jang T'ung Pao,Zhou Cui,title-keyword classification: urban soil,pending_module_relevance_audit,pending,pending,pending,pending,,,,,Chinese T1 supplemental audit
D9,W3095774346,Effects of planting and incorporation of Chinese milk vetch coupled with application of chemical fertilizer on active organic carbon and nitrogen in paddy soil.,Acta Pedologica Sinica,Chunzeng Liu,title-keyword classification: paddy soil,pending_module_relevance_audit,pending,pending,pending,pending,,,,,Chinese T1 supplemental audit
D9,W2392198782,Heavy Metal Contamination of Urban Soils in China:State and Prospect,T'u Jang T'ung Pao,Gang Wu,title-keyword classification: urban soil,pending_module_relevance_audit,pending,pending,pending,pending,,,,,Chinese T1 supplemental audit
D9,W2384389490,Paddy Soil Quality of a Wetland Rice-duck Complex Ecosystem,T'u Jang T'ung Pao,Hua Wang,title-keyword classification: paddy soil;wetland,pending_module_relevance_audit,pending,pending,pending,pending,,,,,Chinese T1 supplemental audit
D9,W368368470,主成分分析、聚类分析在土地评价中的应用—以福建沙县夏茂镇水稻土为主要评价对象,土壤,陈加兵,title-keyword classification: 水稻土,pending_module_relevance_audit,pending,pending,pending,pending,,,,,Chinese T1 supplemental audit
D9,W2299185881,城市土壤研究的深化和发展—简评首届“城市、工业、交通和矿区土壤”国际学术会议,土壤,Gan‐Lin Zhang,title-keyword classification: 城市土壤;矿区土壤,pending_module_relevance_audit,pending,pending,pending,pending,,,,,Chinese T1 supplemental audit
D9,W2393923041,"Advances in Researches on Biogeochemical Circulation of C,N and P in Wetlands",T'u Jang T'ung Pao,Wang Yun-hua,title-keyword classification: wetland,pending_module_relevance_audit,pending,pending,pending,pending,,,,,Chinese T1 supplemental audit
D9,W2393884938,Response of Soil Moisture to Rainfall in Typical Land Use Types in Taihu Basin,Shuitu Baochi Xuebao,Qian Li,title-keyword classification: land use,pending_module_relevance_audit,pending,pending,pending,pending,,,,,Chinese T1 supplemental audit
D9,W3097472570,Estimation of CaCO3 content in coastal soil of North Jiangsu with reflectance spectroscopy.,Acta Pedologica Sinica,Changqiao Hong,title-keyword classification: coastal soil,pending_module_relevance_audit,pending,pending,pending,pending,,,,,Chinese T1 supplemental audit
D9,W3201181905,Spatio-temporal variation of NPP in cropland ecosystem of China during the years from 2001 to 2010.,Acta Pedologica Sinica,Yihong Wang,title-keyword classification: cropland,pending_module_relevance_audit,pending,pending,pending,pending,,,,,Chinese T1 supplemental audit
D9,W3082726002,The correlation analysis between the content of heavy metals and the factors influencing the pollution of heavy metals in urban soils in Nanjing City,Acta Pedologica Sinica,W. X. nMin,title-keyword classification: urban soil,pending_module_relevance_audit,pending,pending,pending,pending,,,,,Chinese T1 supplemental audit
D9,W2257637466,水稻土甲烷产生、氧化和排放过程的相互影响——以水分历史处理为例,土壤,徐华,title-keyword classification: 水稻土,pending_module_relevance_audit,pending,pending,pending,pending,,,,,Chinese T1 supplemental audit
D9,W3113254200,Comparative study on impacts of anthropogenic and environment factors on soil organic matter: a case study of typical black soil region and paddy soil region.,Acta Pedologica Sinica,Guo NaiJia,title-keyword classification: paddy soil,pending_module_relevance_audit,pending,pending,pending,pending,,,,,Chinese T1 supplemental audit
D9,W1025182918,保障我国“耕地红线”及“粮食安全”十字战略方针,土壤,赵其国,title-keyword classification: 耕地,pending_module_relevance_audit,pending,pending,pending,pending,,,,,Chinese T1 supplemental audit
D9,W2384533314,Forest Soil Organic Carbon Fraction and Its Measure Methods,T'u Jang T'ung Pao,HU Ting-xing,title-keyword classification: forest soil,pending_module_relevance_audit,pending,pending,pending,pending,,,,,Chinese T1 supplemental audit
D9,W2751764317,"Characteristics of Runoff and Sediment,Nitrogen and Phosphorus Losses under Soil Management Measures in Sloping Farmland",Shuitu Baochi Xuebao,Chang Songguo,title-keyword classification: farmland,pending_module_relevance_audit,pending,pending,pending,pending,,,,,Chinese T1 supplemental audit
D9,W1788579278,N2O emission from paddy soil as affected by water regime.,Acta Pedologica Sinica,Yan XiaoYuan,title-keyword classification: paddy soil,pending_module_relevance_audit,pending,pending,pending,pending,,,,,Chinese T1 supplemental audit
D9,W2353282144,Progress of Research on Carbon Cycle of Wetlands in China,T'u Jang T'ung Pao,Chun‐Ying Liu,title-keyword classification: wetland,pending_module_relevance_audit,pending,pending,pending,pending,,,,,Chinese T1 supplemental audit
D9,W2400711847,基于粮食安全的乌鲁木齐市人口–粮食–耕地系统态势分析及预测,土壤,孔静静,title-keyword classification: 耕地,pending_module_relevance_audit,pending,pending,pending,pending,,,,,Chinese T1 supplemental audit
D9,W3099443351,Variation of soil organic matter content in croplands of China over the last three decades.,Acta Pedologica Sinica,Yang Fan,title-keyword classification: cropland,pending_module_relevance_audit,pending,pending,pending,pending,,,,,Chinese T1 supplemental audit
D9,W2998899393,Distribution of soil organic carbon in grassland on Loess Plateau and its influencing factors.,Acta Pedologica Sinica,Wei Liu,title-keyword classification: grassland,pending_module_relevance_audit,pending,pending,pending,pending,,,,,Chinese T1 supplemental audit
D9,W1494087388,污泥土地利用研究 IV.无锡污泥与香港碱化污泥的肥效比较,土壤,乔显亮,title-keyword classification: 土地利用,pending_module_relevance_audit,pending,pending,pending,pending,,,,,Chinese T1 supplemental audit
D9,W2345574157,污泥土地利用研究：III、富锌污泥,土壤,乔显亮,title-keyword classification: 土地利用,pending_module_relevance_audit,pending,pending,pending,pending,,,,,Chinese T1 supplemental audit
D9,W2750122844,Effects of Exogenous Silicon and Organic Matter on Arsenic Species in As-contaminated Paddy Soil Solution During Flooded Period,Shuitu Baochi Xuebao,Zhao Wang,title-keyword classification: paddy soil,pending_module_relevance_audit,pending,pending,pending,pending,,,,,Chinese T1 supplemental audit
D9,W3100156109,"Ecological stoichiometry of carbon, nitrogen, phosphorus and C: N: P in shoots and litter of plants in grassland in Yunwu Mountain.",Acta Pedologica Sinica,Rentian Ma,title-keyword classification: grassland,pending_module_relevance_audit,pending,pending,pending,pending,,,,,Chinese T1 supplemental audit
D9,W1531376882,氮、磷、钾肥与酚对漂洗水稻土硅、铝、铁的活化效应,植物营养与肥料学报,袁大刚,title-keyword classification: 水稻土,pending_module_relevance_audit,pending,pending,pending,pending,,,,,Chinese T1 supplemental audit
D9,W246780807,SOC enhancement in three major types of paddy soils in a long-term agro-ecosystem experiment in South China. II. Chemical binding and protection in micro-aggregate size fractions.,Acta Pedologica Sinica,Ping Zhou,title-keyword classification: paddy soil,pending_module_relevance_audit,pending,pending,pending,pending,,,,,Chinese T1 supplemental audit
D9,W2377984401,Characteristics of Nitrogen Fixation of Winter Green Manure in Paddy Soil in the Taihu Lake Area,T'u Jang T'ung Pao,Manman Yuan,title-keyword classification: paddy soil,pending_module_relevance_audit,pending,pending,pending,pending,,,,,Chinese T1 supplemental audit
D10,W3084839005,Temporal and Spatial Variability Analysis of Soil Water and Salt and the Influence of Groundwater Depth on Salt in Saline Irrigation Area,Shuitu Baochi Xuebao,Xu Dou,title-keyword classification: groundwater,pending_module_relevance_audit,pending,pending,pending,pending,,,,,Chinese T1 supplemental audit
D10,W2359523823,Research on Litter and Soil Hydrology Functions of Natural Secondary Forests in North of Da Xing'an Mountains,Shuitu Baochi Xuebao,Tiah Yehong,title-keyword classification: soil hydrology,pending_module_relevance_audit,pending,pending,pending,pending,,,,,Chinese T1 supplemental audit
D10,W2352446397,The Weathering Characteristics of the Reticulate Red Clay in Southern Anhui Province and Its Paleo-environmental Significance,T'u Jang T'ung Pao,Jiang Wei,title-keyword classification: weathering,pending_module_relevance_audit,pending,pending,pending,pending,,,,,Chinese T1 supplemental audit
D10,W2363740003,Status of Nitrate Nitrogen Contamination of Groundwater in China,T'u Jang T'ung Pao,Hongbin Ma,title-keyword classification: groundwater,pending_module_relevance_audit,pending,pending,pending,pending,,,,,Chinese T1 supplemental audit
D10,W2346119312,南极半岛海洋气候区的土壤：I．风化作用,土壤,Chang He,title-keyword classification: 风化,pending_module_relevance_audit,pending,pending,pending,pending,,,,,Chinese T1 supplemental audit
D11,W2248366953,小麦–玉米轮作体系长期施肥对塿土微生物量碳、氮及酶活性的影响,植物营养与肥料学报,李花,title-keyword classification: 轮作,pending_module_relevance_audit,pending,pending,pending,pending,,,,,Chinese T1 supplemental audit
D11,W2345991153,Effects of non-tillage on content of organic carbon and microbial carbolic metabolism of soil aggregates in a fluvo-aquic soil.,Acta Pedologica Sinica,Jue Dai,title-keyword classification: tillage,pending_module_relevance_audit,pending,pending,pending,pending,,,,,Chinese T1 supplemental audit
D11,W2743065235,耕作浸食磁性トレーサの影響因子【JST・京大機械翻訳】,Shuitu Baochi Xuebao,Fucheng Li,title-keyword classification: 耕作,pending_module_relevance_audit,pending,pending,pending,pending,,,,,Chinese T1 supplemental audit
D11,W2364555723,Effect of Petroleum Groups on Soil and Rice in the Shen-Fu Irrigation Region,T'u Jang T'ung Pao,Zhang Dageng,title-keyword classification: irrigation,pending_module_relevance_audit,pending,pending,pending,pending,,,,,Chinese T1 supplemental audit
D11,W2379082849,Effects of Tillage Styles and Straw Return on Soil Properties and Crop Yields in Direct Seeding Rice,T'u Jang T'ung Pao,Bian Xin-min,title-keyword classification: tillage,pending_module_relevance_audit,pending,pending,pending,pending,,,,,Chinese T1 supplemental audit
D11,W2348714018,SEASONAL VARIATIONS OF SOIL STRUCTURES AND HYDRAULIC CONDUCTIVITIES AND THEIR EFFECTS ON SOIL AND WATER CONSERVATION UNDER NO-TILLAGE AND REDUCED TILLAGE,Acta Pedologica Sinica,Qiang Chen,title-keyword classification: tillage,pending_module_relevance_audit,pending,pending,pending,pending,,,,,Chinese T1 supplemental audit
D11,W2376266952,Effects of Continuous Returning Straws to Field and Shifting Different Tillage Methods on Changes of Physical-Chemical Properties of Soil and Yield Components of Rice,T'u Jang T'ung Pao,Li Zhu,title-keyword classification: tillage,pending_module_relevance_audit,pending,pending,pending,pending,,,,,Chinese T1 supplemental audit
D11,W2366126327,Effects of Different Conservation Tillage on Soil Microbes Quantities and Enzyme Activities in Dry Cultivation,T'u Jang T'ung Pao,SU Shun-he,title-keyword classification: tillage,pending_module_relevance_audit,pending,pending,pending,pending,,,,,Chinese T1 supplemental audit
D11,W1562093668,过量灌溉条件下起垄栽培对富士苹果生长和 15 N-尿素利用、分配的影响,植物营养与肥料学报,周恩达 门永阁 周乐 李洪娜 葛顺峰 李晶 魏少冲 姜远茂,title-keyword classification: 灌溉,pending_module_relevance_audit,pending,pending,pending,pending,,,,,Chinese T1 supplemental audit
D11,W2751595546,Effects of Simulated Biogas Slurry Leaching Irrigation on Soil Infiltration,Shuitu Baochi Xuebao,Deng Rong,title-keyword classification: irrigation,pending_module_relevance_audit,pending,pending,pending,pending,,,,,Chinese T1 supplemental audit
D11,W3161817420,Effects of Continuous Irrigation of Biogas Slurry on Nutrient and Heavy Metal Content in Soil of Dry Land and Paddy Fields,Shuitu Baochi Xuebao,Yao Chen,title-keyword classification: irrigation,pending_module_relevance_audit,pending,pending,pending,pending,,,,,Chinese T1 supplemental audit
D11,W1445761721,Effect of irrigation methods on mineralization of soil organic nitrogen in protected field.,Acta Pedologica Sinica,Jinghong Ji,title-keyword classification: irrigation,pending_module_relevance_audit,pending,pending,pending,pending,,,,,Chinese T1 supplemental audit
D11,W2354011252,Soil Nutrient Differences and Effects of Nitrogen Fertilization on Residual Nitrate Nitrogen in Soil Under Maize/Soybean and Maize/Sweet Potato Relay Strip Intercropping Systems,Shuitu Baochi Xuebao,Xiaochun Wang,title-keyword classification: cropping system,pending_module_relevance_audit,pending,pending,pending,pending,,,,,Chinese T1 supplemental audit
D11,W2376448312,Soil Enzymatic Activities under Different Tillages Practricess in Dryland,T'u Jang T'ung Pao,LI Ai-zong,title-keyword classification: tillage,pending_module_relevance_audit,pending,pending,pending,pending,,,,,Chinese T1 supplemental audit
D11,W2358142055,Effect of Different Irrigation Regimes on the Distribution of Soil Salt under Drip Irrigation on Saline and Alkaline Soil in Inland and Arid Region,T'u Jang T'ung Pao,Ruoshui Wang,title-keyword classification: irrigation,pending_module_relevance_audit,pending,pending,pending,pending,,,,,Chinese T1 supplemental audit
D11,W2344554307,"Effect of 4-yeared continuous sea water irrigation on growth, contents of sugar and aloin in Aloe vera.",Acta Pedologica Sinica,Liu Ling,title-keyword classification: irrigation,pending_module_relevance_audit,pending,pending,pending,pending,,,,,Chinese T1 supplemental audit
D11,W2361594630,Effect of Different Soil Salinity Levels and Application Rates of Nitrogen on the Growth of Cotton under Drip Irrigation,T'u Jang T'ung Pao,Wang Yan-na,title-keyword classification: irrigation,pending_module_relevance_audit,pending,pending,pending,pending,,,,,Chinese T1 supplemental audit
D11,W2742492118,漢における草地の耕作後の耕作土のフラクタル特性を調査した。【JST・京大機械翻訳】,Shuitu Baochi Xuebao,Na Lei,title-keyword classification: 耕作,pending_module_relevance_audit,pending,pending,pending,pending,,,,,Chinese T1 supplemental audit
D11,W2977473087,Review on Changes in Soil Physical Properties and Water and Soil Conservation under Contour Hedgerow Intercropping System,T'u Jang T'ung Pao,Maojie Tian,title-keyword classification: cropping system,pending_module_relevance_audit,pending,pending,pending,pending,,,,,Chinese T1 supplemental audit
D11,W2352822182,Effects of Conservation Tillage on Readily Oxidizable and Total Organic Carbon in Soil,T'u Jang T'ung Pao,Guan Zhen-hua,title-keyword classification: tillage,pending_module_relevance_audit,pending,pending,pending,pending,,,,,Chinese T1 supplemental audit
D11,W3177020318,Effects of Two Conservation Tillage Measures on Soil Aggregate Stability,Shuitu Baochi Xuebao,Wei Liu,title-keyword classification: tillage,pending_module_relevance_audit,pending,pending,pending,pending,,,,,Chinese T1 supplemental audit
D11,W1483052964,华北地区春玉米–冬绿肥轮作对碳、氮蓄积和土壤养分以及微生物的影响,植物营养与肥料学报,赵秋 高贤彪 宁晓光 吴迪 曹卫东,title-keyword classification: 轮作,pending_module_relevance_audit,pending,pending,pending,pending,,,,,Chinese T1 supplemental audit
D11,W3204489000,Effects of saline ice water irrigation on distribution of moisture and salt content in coastal saline soil.,Acta Pedologica Sinica,Yue Zhang,title-keyword classification: irrigation,pending_module_relevance_audit,pending,pending,pending,pending,,,,,Chinese T1 supplemental audit
D11,W2743624954,紫色の耕作地における耕土層の貯留層と貯留層の特性に関する研究【JST・京大機械翻訳】,Shuitu Baochi Xuebao,Wenbin Ding,title-keyword classification: 耕作,pending_module_relevance_audit,pending,pending,pending,pending,,,,,Chinese T1 supplemental audit
D11,W2791981938,(土娄)土冬小麦–夏玉米轮作体系有机肥替代化肥比例研究,植物营养与肥料学报,吕凤莲,title-keyword classification: 轮作,pending_module_relevance_audit,pending,pending,pending,pending,,,,,Chinese T1 supplemental audit
D11,W2374102931,Hydrodynamic Characters of Runoff in Soil Erosion Processes on Drainage-irrigation Engineering Slope of Farmland in Coastal Region,Shuitu Baochi Xuebao,Dongli She,title-keyword classification: drainage;irrigation,pending_module_relevance_audit,pending,pending,pending,pending,,,,,Chinese T1 supplemental audit
D11,W1512742775,菜-稻轮作对菜田氮、磷利用特性和富集状况的影响,植物营养与肥料学报,章明清 李娟 孔庆波 姚宝全 陈燕花,title-keyword classification: 轮作,pending_module_relevance_audit,pending,pending,pending,pending,,,,,Chinese T1 supplemental audit
D11,W2358789681,"Characteristic of Accumulated Soil Temperature and Effects on Winter Wheat under No-tillage, North Plain, China",T'u Jang T'ung Pao,Chen Ji,title-keyword classification: tillage,pending_module_relevance_audit,pending,pending,pending,pending,,,,,Chinese T1 supplemental audit
D11,W18383909,Effects of rhizobium inoculation on yield and nodulation in fababean/maize intercropping system.,Acta Pedologica Sinica,Fang Zeng-guo,title-keyword classification: cropping system,pending_module_relevance_audit,pending,pending,pending,pending,,,,,Chinese T1 supplemental audit
D12,W214730410,Spatial prediction of soil temperature in China.,Acta Pedologica Sinica,Zhang Huizhi,title-keyword classification: spatial prediction,pending_module_relevance_audit,pending,pending,pending,pending,,,,,Chinese T1 supplemental audit
D12,W1542308775,原位土壤溶液采样及可溶性有机碳(DOC)的紫外吸收光谱直接测定探讨,土壤,罗小三,title-keyword classification: 光谱,pending_module_relevance_audit,pending,pending,pending,pending,,,,,Chinese T1 supplemental audit
D12,W2372016677,Utilization of Geostatistics in Soil Spatial Variability,T'u Jang T'ung Pao,Wang Su,title-keyword classification: geostatistics,pending_module_relevance_audit,pending,pending,pending,pending,,,,,Chinese T1 supplemental audit
D12,W3097472570,Estimation of CaCO3 content in coastal soil of North Jiangsu with reflectance spectroscopy.,Acta Pedologica Sinica,Changqiao Hong,title-keyword classification: spectroscopy,pending_module_relevance_audit,pending,pending,pending,pending,,,,,Chinese T1 supplemental audit
D12,W2374660720,Soil Sampling Scheme Based on Simulated Annealing Method,T'u Jang T'ung Pao,Zhnag Shu-jie,title-keyword classification: soil sampling,pending_module_relevance_audit,pending,pending,pending,pending,,,,,Chinese T1 supplemental audit
D13,W2742493697,ジュート繊維の補強条件岩土無側崩壊性ガリに対する一軸圧縮強度への影響【JST・京大機械翻訳】,Shuitu Baochi Xuebao,Wei Jie,title-keyword classification: 岩土,pending_module_relevance_audit,pending,pending,pending,pending,,,,,Chinese T1 supplemental audit
D13,W2405211267,Study on soil environmental quality guidelines and standards: V. Modeling of cadmium uptake in soil-crop systems for human food safety in China.,Acta Pedologica Sinica,Hongzhen Zhang,title-keyword classification: food safety,pending_module_relevance_audit,pending,pending,pending,pending,,,,,Chinese T1 supplemental audit
